symbol,expiry,T,type,strike,spot,ltp,bid,ask,iv_mkt,volume
BTC,2026-07-31,0.07603185042957256,C,115000.0,62190.93,5.135105090100001,,6.219093,0.7275,0.0
BTC,2026-07-06,0.007538699744641045,C,57000.0,62059.19,5080.191358259801,4778.55763,7012.68847,0.40950000000000003,0.0
BTC,2027-03-26,0.7280866449501204,C,60000.0,63837.39,11250.9659003946,11139.624554999999,11363.055419999999,0.43939999999999996,0.1
BTC,2026-12-25,0.4787715764569698,P,170000.0,63204.46,106839.1619630588,101063.93153999999,113262.39232,0.5345,0.0
BTC,2026-08-28,0.15274417919669583,C,63000.0,62354.8,3368.472392088,3335.9818,3429.514,0.3771,79.8
BTC,2026-07-17,0.03767568604601091,P,58000.0,62122.49,556.5069323677999,528.041165,590.163655,0.42340000000000005,70.3
BTC,2026-12-25,0.4787715764569698,C,72000.0,63204.46,3859.0355274548,3823.8698299999996,3918.67652,0.4008,3.4
BTC,2026-07-10,0.018497603854230087,C,52000.0,62094.11,10118.9188806511,9872.96349,11984.16323,0.6017,0.0
BTC,2026-09-25,0.2294565079638191,C,78000.0,62559.1,559.73503543,531.75235,563.0319,0.358,365.0
BTC,2026-07-10,0.018497603854230087,C,65000.0,62094.06,210.3088555764,204.910398,223.538616,0.3207,346.4
BTC,2026-12-25,0.4787715764569698,P,40000.0,63204.46,1110.1439929117998,1074.47582,1137.6802799999998,0.5581,18.6
BTC,2026-07-17,0.03767568604601091,P,66000.0,62122.49,4252.258349054199,3975.83936,6088.00402,0.32880000000000004,0.0
BTC,2026-12-25,0.4787715764569698,C,135000.0,63204.46,86.21467570760001,69.524906,107.447582,0.4622,0.1
BTC,2026-07-04,0.0020592476898465247,C,58500.0,62059.19,3563.4045572454997,3258.107475,5523.26791,0.4536,0.0
BTC,2026-07-10,0.018497603854230087,C,75000.0,62094.11,9.233394157000001,,12.418822,0.5484,18.2
BTC,2026-07-04,0.0020592476898465247,C,55000.0,62059.19,7062.490349383101,6764.45171,8905.493765,0.7008,0.0
BTC,2026-07-31,0.07603185042957256,C,81000.0,62190.93,21.9900909387,12.438186,31.095465,0.401,20.9
BTC,2026-07-05,0.004798973717243785,C,62500.0,62059.24,234.7005985712,223.413264,254.44288400000002,0.243,49.9
BTC,2026-08-28,0.15274417919669583,P,66000.0,62354.8,5722.31870244,5549.5772,5892.528600000001,0.3613,0.0
BTC,2026-07-31,0.07603185042957256,C,77000.0,62190.88,44.04669076,37.314527999999996,55.97179199999999,0.3671,1.1
BTC,2026-12-25,0.4787715764569698,P,104000.0,63204.46,41142.2328188696,37417.04032,45570.41566,0.40619999999999995,0.0
BTC,2026-07-06,0.007538699744641045,P,59500.0,62059.19,53.916403680100004,49.647352000000005,68.26510900000001,0.3306,107.6
BTC,2026-07-04,0.0020592476898465247,C,60500.0,62059.19,1580.0120831944002,1334.272585,1892.8052950000001,0.3322,0.0
BTC,2026-07-04,0.0020592476898465247,P,66000.0,62059.19,3940.1305259972,3599.4330200000004,6361.066975,0.544,0.0
BTC,2026-07-24,0.05685376823779173,C,68000.0,62165.27,350.3765164267,310.82635,372.99162,0.3381,121.1
BTC,2027-06-25,0.9774017134432711,P,68000.0,64506.93,13065.7483675014,12965.89293,13191.667184999998,0.43329999999999996,0.0
BTC,2026-07-06,0.007538699744641045,C,62000.0,62059.19,591.6934175846001,589.562305,620.5919,0.2575,60.0
BTC,2026-12-25,0.4787715764569698,P,85000.0,63204.46,23227.073370083,22816.81006,23543.66135,0.3969,0.0
BTC,2026-12-25,0.4787715764569698,P,84000.0,63204.46,22339.946314281202,21931.94762,22658.798909999998,0.39659999999999995,0.0
BTC,2026-07-17,0.03767568604601091,P,59000.0,62122.49,736.4875891709,714.408635,776.531125,0.40630000000000005,23.4
BTC,2026-07-07,0.010278425772038306,P,59500.0,62059.24,160.60683075039998,155.1481,179.97179599999998,0.37979999999999997,0.6
BTC,2026-07-31,0.07603185042957256,C,85000.0,62190.93,11.0693636307,6.219093,18.657279,0.4292,30.5
BTC,2026-09-25,0.2294565079638191,P,84000.0,62559.1,21669.730289074,21019.8576,21989.52365,0.3618,0.0
BTC,2027-03-26,0.7280866449501204,P,180000.0,63837.39,116277.929065734,110087.579055,123301.918785,0.5023,0.0
BTC,2027-06-25,0.9774017134432711,C,72000.0,64506.94,8070.8812683712,7934.35362,8160.12791,0.42810000000000004,0.1
BTC,2026-07-17,0.03767568604601091,C,52000.0,62122.49,10224.833812835,9939.5984,12207.069285,0.5326,0.0
BTC,2026-07-04,0.0020592476898465247,P,55000.0,62059.19,0.0316501869,,6.205919000000001,0.7008,18.0
BTC,2026-07-31,0.07603185042957256,P,102000.0,62190.88,39813.8420253552,36381.6648,43564.71144,0.6002000000000001,0.0
BTC,2026-07-24,0.05685376823779173,C,50000.0,62165.27,12300.6394882892,10412.682725,14266.929465,0.5408,0.0
BTC,2026-07-17,0.03767568604601091,P,61000.0,62122.49,1285.885845008,1273.511045,1304.57229,0.3759,5.4
BTC,2026-07-31,0.07603185042957256,P,92000.0,62190.93,29817.7573184244,29291.92803,33241.052084999996,0.5131,0.0
BTC,2026-07-10,0.018497603854230087,C,70000.0,62094.06,14.5790643474,6.209406,24.837624,0.3906,4.3
BTC,2027-06-25,0.9774017134432711,P,110000.0,64506.93,47079.2914032444,42639.08073,52702.16181,0.4178,0.0
BTC,2026-07-07,0.010278425772038306,P,56000.0,62059.24,17.7700427816,12.411848,24.823696,0.48009999999999997,2.5
BTC,2026-09-25,0.2294565079638191,C,150000.0,62559.05,11.409519539,6.255905,18.767715,0.612,0.0
BTC,2026-07-04,0.0020592476898465247,P,54000.0,62059.19,0.009929470400000001,,6.205919000000001,0.7523000000000001,0.0
BTC,2026-09-25,0.2294565079638191,P,165000.0,62559.1,102452.814108422,96872.76634999999,108571.31805,0.6714,0.0
BTC,2026-09-25,0.2294565079638191,C,60000.0,62559.1,6100.726522131,6036.95315,6193.3509,0.40299999999999997,32.0
BTC,2026-09-25,0.2294565079638191,P,110000.0,62559.1,47484.075398477,46637.80905,47920.270599999996,0.47909999999999997,0.0
BTC,2026-08-28,0.15274417919669583,C,66000.0,62354.8,2077.669418576,2057.7084,2120.0632,0.3613,0.7
BTC,2026-12-25,0.4787715764569698,C,130000.0,63204.46,93.8895932854,88.486244,101.12713600000001,0.44780000000000003,10.0
BTC,2026-09-25,0.2294565079638191,C,240000.0,62559.1,0.9121116779999999,,12.51182,0.7486,0.0
BTC,2026-07-31,0.07603185042957256,P,84000.0,62190.88,21819.7871668544,21300.3764,22202.14416,0.41490000000000005,0.0
BTC,2027-03-26,0.7280866449501204,C,92000.0,63837.39,2011.4587052489999,1947.040395,2074.7151750000003,0.40869999999999995,0.1
BTC,2027-06-25,0.9774017134432711,P,58000.0,64506.94,7885.794085706801,7805.33974,8031.114030000001,0.4524,0.8
BTC,2026-07-31,0.07603185042957256,P,104000.0,62190.88,41813.8211218288,38309.58208,45648.105919999995,0.6211,0.0
BTC,2027-03-26,0.7280866449501204,P,96000.0,63837.39,33779.603434916404,29875.898520000002,38749.29573,0.40909999999999996,0.0
BTC,2026-08-28,0.15274417919669583,P,64000.0,62354.8,4535.010355324001,4489.5455999999995,4583.0778,0.3713,2.9
BTC,2026-07-06,0.007538699744641045,P,66000.0,62059.19,3937.5339694876,3568.4034250000004,6361.066975,0.345,0.0
BTC,2026-07-05,0.004798973717243785,P,56000.0,62059.24,1.4354302212,,12.411848,0.5229,1.3
BTC,2026-09-25,0.2294565079638191,P,115000.0,62559.1,52472.543037205,51579.97795,52924.9986,0.49340000000000006,0.0
BTC,2027-06-25,0.9774017134432711,C,74000.0,64506.93,7402.3140679539,7289.28309,7482.80388,0.426,0.0
BTC,2027-06-25,0.9774017134432711,C,68000.0,64506.93,9573.0580566708,9450.265244999999,9676.039499999999,0.43329999999999996,0.7
BTC,2026-09-25,0.2294565079638191,C,75000.0,62559.1,874.782037439,844.5478499999999,875.8274,0.35810000000000003,53.0
BTC,2026-07-17,0.03767568604601091,C,54000.0,62122.49,8310.856669007298,7827.4337399999995,9473.679725,0.5008,0.0
BTC,2026-07-31,0.07603185042957256,P,105000.0,62190.93,42813.845713268405,39273.572295,46705.38843,0.6313,0.0
BTC,2026-08-28,0.15274417919669583,P,83000.0,62354.8,20729.308902596003,17864.6502,23975.4206,0.3643,0.0
BTC,2027-03-26,0.7280866449501204,P,65000.0,63837.39,9944.772465883201,9862.876755,10054.388925,0.4289,0.0
BTC,2026-07-31,0.07603185042957256,C,66000.0,62190.93,965.1522370374,932.8639499999999,995.05488,0.34130000000000005,329.9
BTC,2026-07-05,0.004798973717243785,C,56000.0,62059.24,6061.636267,4064.88022,7974.61234,0.5229,0.0
BTC,2026-12-25,0.4787715764569698,C,210000.0,63204.46,30.059409131400002,18.961337999999998,44.243122,0.6078,0.0
BTC,2026-12-25,0.4787715764569698,C,92000.0,63204.46,820.387570354,790.05575,821.65798,0.3969,0.0
BTC,2026-07-10,0.018497603854230087,P,55000.0,62094.06,69.9160487382,62.09406,80.72227799999999,0.5161,390.2
BTC,2026-09-25,0.2294565079638191,P,240000.0,62559.1,177442.157042022,169347.48369999998,186175.8816,0.7486,0.0
BTC,2027-03-26,0.7280866449501204,C,90000.0,63837.39,2244.963110391,2170.4712600000003,2298.1460399999996,0.40869999999999995,2.5
BTC,2026-09-25,0.2294565079638191,P,95000.0,62559.1,32519.563949467996,31811.302349999994,32906.0866,0.4018,0.0
BTC,2026-12-25,0.4787715764569698,C,86000.0,63204.46,1320.612948578,1264.0892000000001,1327.29366,0.3967,0.9
BTC,2027-06-25,0.9774017134432711,P,90000.0,64506.93,29152.178872845303,25060.942305,34575.71448,0.41609999999999997,0.0
BTC,2026-07-10,0.018497603854230087,C,62000.0,62094.06,1224.9406985507999,1210.8341699999999,1241.8812,0.3497,257.3
BTC,2026-07-31,0.07603185042957256,P,50000.0,62190.93,223.3282515393,217.66825500000002,236.325534,0.5204,153.3
BTC,2026-07-06,0.007538699744641045,C,56000.0,62059.19,6078.313514113901,5771.50467,7974.605915,0.4661,0.0
BTC,2027-03-26,0.7280866449501204,P,160000.0,63837.34,96318.95383742939,90776.69747999999,102682.36138999999,0.4729,0.0
BTC,2026-12-25,0.4787715764569698,C,74000.0,63204.41,3313.2428009187,3255.027115,3381.435935,0.3986,1.1
BTC,2026-07-31,0.07603185042957256,P,73000.0,62190.93,10921.0575418383,10448.07624,11256.55833,0.3397,0.0
BTC,2026-07-04,0.0020592476898465247,C,53000.0,62059.19,9062.3409206222,7136.806850000001,10829.328655,0.7692,0.0
BTC,2026-09-25,0.2294565079638191,P,58000.0,62559.1,2827.466126152,2783.87995,2846.43905,0.4144,13.1
BTC,2026-12-25,0.4787715764569698,C,54000.0,63204.41,12789.558997731201,12640.882000000001,12956.90405,0.45280000000000004,0.0
BTC,2026-12-25,0.4787715764569698,C,200000.0,63204.41,32.3777231107,18.961323,50.563528000000005,0.5908,0.0
BTC,2026-07-24,0.05685376823779173,P,68000.0,62165.27,6184.4285844882,4973.2216,8205.81564,0.3381,0.0
BTC,2026-07-24,0.05685376823779173,P,62000.0,62165.27,2093.2277281345996,2082.536545,2113.61918,0.36840000000000006,2.6
BTC,2026-07-31,0.07603185042957256,P,46000.0,62190.93,95.5395723939,87.067302,105.724581,0.5776,130.1
BTC,2026-07-31,0.07603185042957256,C,61000.0,62190.93,3228.9723647882997,3202.832895,3265.0238249999998,0.3824,232.9
BTC,2026-07-05,0.004798973717243785,P,62000.0,62059.24,382.84531333719997,372.35544,403.38505999999995,0.24050000000000002,169.2
BTC,2026-09-25,0.2294565079638191,C,320000.0,62559.1,0.426027471,,6.25591,0.8542000000000001,0.0
BTC,2026-07-05,0.004798973717243785,P,58000.0,62059.24,3.5274472016,,6.205924,0.3944,4.1
BTC,2026-07-04,0.0020592476898465247,C,56000.0,62059.19,6062.5715799785,4033.8473500000005,7943.57632,0.6212,0.0
BTC,2027-06-25,0.9774017134432711,P,72000.0,64506.93,15563.548296941999,15030.11469,16062.22557,0.42810000000000004,0.0
BTC,2026-07-07,0.010278425772038306,P,58000.0,62059.24,64.0370679788,62.05924,74.471088,0.42560000000000003,0.8
BTC,2026-07-07,0.010278425772038306,P,63500.0,62059.24,1660.0064753576,1055.00708,3320.16934,0.29059999999999997,0.0
BTC,2026-12-25,0.4787715764569698,C,45000.0,63204.46,19878.7368319188,19688.18929,20067.41605,0.5109,0.0
BTC,2026-07-06,0.007538699744641045,P,63500.0,62059.19,1528.7884277684002,1117.06542,3227.07788,0.2507,0.0
BTC,2027-06-25,0.9774017134432711,C,70000.0,64506.94,8787.26438068,8676.183430000001,8901.95772,0.4303,1.0
BTC,2026-12-25,0.4787715764569698,P,68000.0,63204.46,9994.5692951896,9796.6913,10207.52029,0.40740000000000004,0.2
BTC,2026-07-06,0.007538699744641045,C,60000.0,62059.19,2160.1767650527,1675.59813,3165.01869,0.3144,0.3
BTC,2026-07-31,0.07603185042957256,C,87000.0,62190.88,8.1737473584,6.219088,18.657263999999998,0.44329999999999997,0.0
BTC,2027-03-26,0.7280866449501204,P,98000.0,63837.39,35615.8489325802,31695.264135,40600.58004,0.4096,0.0
BTC,2026-12-25,0.4787715764569698,P,115000.0,63204.46,51981.014605610195,47972.18514,56631.19616,0.4228,0.0
BTC,2026-08-28,0.15274417919669583,P,100000.0,62354.8,37665.18622724,34263.9626,41403.5872,0.4646,0.0
BTC,2026-07-31,0.07603185042957256,C,94000.0,62190.93,5.499543939900001,,12.438186,0.5134000000000001,0.3
BTC,2027-06-25,0.9774017134432711,P,78000.0,64506.94,19706.9907979778,18932.78689,20255.17916,0.4224,0.0
BTC,2026-09-25,0.2294565079638191,C,84000.0,62559.05,228.7090053045,218.95667500000002,243.980295,0.3618,3.4
BTC,2026-12-25,0.4787715764569698,P,102000.0,63204.46,39192.2437625928,35520.906520000004,43579.47517,0.4042,0.0
BTC,2026-07-31,0.07603185042957256,P,61000.0,62190.93,2037.7971432146999,2021.2052250000002,2052.30069,0.3824,148.5
BTC,2027-06-25,0.9774017134432711,C,120000.0,64506.94,1071.4473720120002,999.85757,1161.12492,0.4204,0.9
BTC,2026-09-25,0.2294565079638191,C,165000.0,62559.1,11.677281606,,12.51182,0.6714,0.0
BTC,2026-08-28,0.15274417919669583,P,98000.0,62354.8,35671.97451462,32330.963799999998,39345.8788,0.46149999999999997,0.0
BTC,2026-09-25,0.2294565079638191,P,65000.0,62559.1,5927.567312468,5849.27585,6005.6736,0.37829999999999997,0.0
BTC,2026-07-06,0.007538699744641045,P,53000.0,62059.19,2.4072759801,,18.617756999999997,0.6487999999999999,5.0
BTC,2026-07-06,0.007538699744641045,P,69000.0,62059.19,6926.3175923175,4592.3800599999995,9464.026475,0.4692,0.0
BTC,2026-07-31,0.07603185042957256,C,58000.0,62190.93,5317.3195397255995,5192.942655000001,5472.80184,0.4125,2.0
BTC,2027-03-26,0.7280866449501204,P,170000.0,63837.39,106302.1150305894,100480.05186,112992.1803,0.49090000000000006,0.0
BTC,2026-07-04,0.0020592476898465247,P,53000.0,62059.19,0.0012411838000000001,,6.205919000000001,0.7692,0.0
BTC,2026-07-31,0.07603185042957256,C,62000.0,62190.88,2632.7601061152,2612.01696,2674.2078399999996,0.3714,93.0
BTC,2026-09-25,0.2294565079638191,P,160000.0,62559.1,97452.811822836,92055.71565,103378.91275,0.6527,0.0
BTC,2026-09-25,0.2294565079638191,P,80000.0,62559.1,17848.722432407,17453.9889,18267.2572,0.35719999999999996,6.0
BTC,2026-07-17,0.03767568604601091,P,57000.0,62122.49,418.040871957,403.796185,434.85743,0.4404,28.8
BTC,2026-09-25,0.2294565079638191,C,180000.0,62559.1,11.662267422,,12.51182,0.7236,0.0
BTC,2027-03-26,0.7280866449501204,P,90000.0,63837.34,28407.198165423,24577.3759,33323.09148,0.40869999999999995,0.0
BTC,2027-03-26,0.7280866449501204,P,54000.0,63837.39,5012.742315777899,4947.397725,5106.9912,0.4576,0.5
BTC,2026-08-28,0.15274417919669583,C,90000.0,62354.8,40.335449476,31.177400000000002,49.883840000000006,0.40409999999999996,0.0
BTC,2026-07-10,0.018497603854230087,P,73000.0,62094.11,10917.4534818388,8444.79896,13629.657145000001,0.4915,0.0
BTC,2026-07-31,0.07603185042957256,C,80000.0,62190.88,24.9018502608,18.657263999999998,37.314527999999996,0.3907,3.2
BTC,2027-03-26,0.7280866449501204,P,60000.0,63837.39,7413.340344615,7341.29985,7500.893324999999,0.43939999999999996,0.0
BTC,2026-07-31,0.07603185042957256,C,60000.0,62190.93,3866.0506545246,3793.64673,3949.124055,0.391,2.0
BTC,2026-12-25,0.4787715764569698,C,65000.0,63204.46,6435.525520545,6383.650460000001,6541.661609999999,0.4139,5.2
BTC,2026-07-31,0.07603185042957256,C,56000.0,62190.93,6943.051397037,6716.62044,7214.14788,0.43670000000000003,0.0
BTC,2026-07-06,0.007538699744641045,C,54000.0,62059.19,8075.972775354099,6112.830215000001,9929.4704,0.5771000000000001,0.0
BTC,2026-08-28,0.15274417919669583,C,53000.0,62354.8,10356.980134288,10163.832400000001,10569.138600000002,0.4557,0.0
BTC,2026-12-25,0.4787715764569698,C,190000.0,63204.46,33.1627481174,18.961337999999998,56.884014,0.5696,0.0
BTC,2026-09-25,0.2294565079638191,P,105000.0,62559.05,42488.738593576505,41695.606825,42915.50830000001,0.4509,0.0
BTC,2026-07-31,0.07603185042957256,P,60000.0,62190.93,1674.8794835625001,1648.059645,1710.250575,0.391,256.6
BTC,2026-12-25,0.4787715764569698,P,230000.0,63204.46,166820.44858498801,159022.42136,175360.77427000002,0.6354,0.0
BTC,2026-09-25,0.2294565079638191,C,72000.0,62559.1,1339.8764152069998,1313.7411,1376.3002,0.35869999999999996,356.1
BTC,2026-09-25,0.2294565079638191,P,130000.0,62559.1,67461.926107601,63059.5728,72318.31959999999,0.5538000000000001,0.0
BTC,2026-09-25,0.2294565079638191,P,70000.0,62559.05,9228.284403279,9008.5032,9446.41655,0.36219999999999997,2.2
BTC,2027-03-26,0.7280866449501204,C,150000.0,63837.39,197.93293468619999,185.12843099999998,217.047126,0.46009999999999995,0.2
BTC,2026-12-25,0.4787715764569698,P,45000.0,63204.46,1674.3272282990001,1643.31596,1706.52042,0.5109,464.0
BTC,2026-07-17,0.03767568604601091,C,48000.0,62122.49,14159.6990421057,12393.436755,15934.418685,0.6183,0.0
BTC,2026-07-05,0.004798973717243785,C,54000.0,62059.24,8060.4048951531995,6143.86476,9867.41916,0.597,0.0
BTC,2026-07-10,0.018497603854230087,C,60000.0,62094.06,2601.7734029112,2483.7624,2794.2326999999996,0.3908,12.8
BTC,2027-06-25,0.9774017134432711,C,60000.0,64506.94,13300.3305253606,13094.90882,13514.20393,0.44770000000000004,30.0
BTC,2026-07-04,0.0020592476898465247,C,57500.0,62059.19,4563.329532569101,2482.3676,6547.2445450000005,0.5718,0.0
BTC,2026-07-31,0.07603185042957256,P,55000.0,62190.93,612.9326611638,590.813835,653.004765,0.44939999999999997,472.4
BTC,2026-07-04,0.0020592476898465247,C,57000.0,62059.19,5062.9513152778,3009.870715,7012.68847,0.5974,0.0
BTC,2026-07-17,0.03767568604601091,C,66000.0,62122.49,375.10988279270003,372.73494,403.796185,0.32880000000000004,59.3
BTC,2026-07-06,0.007538699744641045,P,63000.0,62059.19,1124.0148080962,899.8582550000001,2668.54517,0.24989999999999998,0.0
BTC,2026-07-07,0.010278425772038306,C,64000.0,62059.24,144.0258430072,136.530328,161.35402399999998,0.2907,8.7
BTC,2026-07-31,0.07603185042957256,C,45000.0,62190.88,17269.0099469264,15609.91088,19030.40928,0.5935,0.0
BTC,2026-07-06,0.007538699744641045,C,65000.0,62059.19,23.6302777763,18.617756999999997,31.029595,0.2956,3.1
BTC,2026-07-24,0.05685376823779173,P,66000.0,62165.27,4520.322741942,3512.337755,6527.353349999999,0.3382,0.0
BTC,2026-09-25,0.2294565079638191,C,220000.0,62559.05,1.5445829445,,12.51181,0.7281,0.0
BTC,2026-07-10,0.018497603854230087,C,54000.0,62094.11,8143.4481719357,6147.31689,10121.33993,0.545,0.0
BTC,2027-03-26,0.7280866449501204,C,106000.0,63837.39,959.1625301150999,893.72346,1021.39824,0.4125,0.0
BTC,2026-08-28,0.15274417919669583,C,80000.0,62354.8,135.85863824,124.70960000000001,149.65152,0.35259999999999997,2.8
BTC,2026-09-25,0.2294565079638191,C,100000.0,62559.1,66.416494106,56.303189999999994,68.81501,0.4326,10.3
BTC,2026-07-04,0.0020592476898465247,P,61500.0,62059.19,112.085103059,105.500623,124.11838,0.2836,50.9
BTC,2027-03-26,0.7280866449501204,C,98000.0,63837.39,1453.6226948469,1404.42258,1532.09736,0.4096,0.0
BTC,2026-07-05,0.004798973717243785,C,56500.0,62059.24,5562.2871424108,3537.37668,7509.16804,0.49939999999999996,0.0
BTC,2026-07-07,0.010278425772038306,P,65000.0,62059.24,2979.5702337004,2544.42884,4313.11718,0.2987,0.0
BTC,2026-07-31,0.07603185042957256,C,92000.0,62190.93,9.0568651359,,12.438186,0.5131,0.2
BTC,2026-07-07,0.010278425772038306,P,64000.0,62059.24,2070.1528895556003,1799.71796,3537.37668,0.2907,0.0
BTC,2026-09-25,0.2294565079638191,P,60000.0,62559.05,3541.7099240234998,3503.3068000000003,3597.1453750000005,0.40299999999999997,32.9
BTC,2026-12-25,0.4787715764569698,P,72000.0,63204.41,12654.6453923216,12451.26877,12893.69964,0.4008,0.0
BTC,2027-03-26,0.7280866449501204,C,56000.0,63837.39,13579.3963982106,13405.8519,13693.120155,0.451,0.0
BTC,2026-08-28,0.15274417919669583,P,62000.0,62354.8,3529.162582332,3491.8688,3585.4010000000003,0.3824,22.4
BTC,2026-07-04,0.0020592476898465247,P,64000.0,62059.19,1954.3742173990001,589.562305,3816.640185,0.384,3.0
BTC,2026-07-31,0.07603185042957256,P,83000.0,62190.93,20823.1166956266,20336.434110000002,21207.10713,0.41200000000000003,0.0
BTC,2026-07-06,0.007538699744641045,P,58500.0,62059.19,17.963032545500003,12.411838000000001,24.823676000000003,0.35100000000000003,205.8
BTC,2026-12-25,0.4787715764569698,C,56000.0,63204.46,11428.339716683999,11281.99611,11598.018409999999,0.44380000000000003,0.0
BTC,2026-09-25,0.2294565079638191,P,52000.0,62559.05,1401.0468345895001,1345.019575,1438.85815,0.4595,470.8
BTC,2027-03-26,0.7280866449501204,P,86000.0,63837.39,24953.9616996276,21194.01348,29812.061130000002,0.4086,0.0
BTC,2027-03-26,0.7280866449501204,P,40000.0,63837.39,1784.9725827635998,1755.528225,1819.3656150000002,0.5329,3.0
BTC,2027-03-26,0.7280866449501204,C,120000.0,63837.39,510.6308139927,478.780425,542.6178150000001,0.42369999999999997,0.1
BTC,2026-07-31,0.07603185042957256,P,77000.0,62190.93,14852.8073167242,14397.200295,15205.682385,0.3671,0.0
BTC,2026-07-07,0.010278425772038306,C,57000.0,62059.24,5107.3867072868,3009.87314,7105.78298,0.4561,0.0
BTC,2026-07-06,0.007538699744641045,C,59500.0,62059.19,2628.9942276211,2047.9532700000002,3413.25545,0.3306,0.0
BTC,2027-06-25,0.9774017134432711,C,140000.0,64506.93,544.4384891999999,483.80197499999997,580.56237,0.4313,0.0
BTC,2026-07-04,0.0020592476898465247,C,61000.0,62059.19,1107.8961746775,899.8582550000001,1334.272585,0.3086,0.8
BTC,2026-09-25,0.2294565079638191,C,190000.0,62559.05,7.341930108000001,,12.51181,0.7281,0.0
BTC,2027-03-26,0.7280866449501204,P,56000.0,63837.39,5741.787014290499,5681.527709999999,5809.20249,0.451,0.0
BTC,2027-06-25,0.9774017134432711,C,56000.0,64506.94,15549.2482308992,15191.38437,15836.45377,0.4576,0.0
BTC,2026-09-25,0.2294565079638191,C,64000.0,62559.1,3931.399018936,3878.6641999999997,3972.50285,0.3823,3.1
BTC,2026-08-28,0.15274417919669583,P,40000.0,62354.8,166.54967080000003,155.887,174.59344000000002,0.6256,7.8
BTC,2026-07-04,0.0020592476898465247,C,61500.0,62059.19,674.8800382282001,496.47352,899.8582550000001,0.2836,124.5
BTC,2026-07-31,0.07603185042957256,C,46000.0,62190.93,16286.654656704299,14552.67762,18097.56063,0.5776,0.0
BTC,2026-07-31,0.07603185042957256,C,57000.0,62190.93,6111.8888967753,5908.13835,6343.474859999999,0.4243,0.0
BTC,2026-07-31,0.07603185042957256,P,94000.0,62190.93,31814.191896005403,28670.01873,35293.352775,0.5134000000000001,0.0
BTC,2026-07-07,0.010278425772038306,P,57000.0,62059.24,35.113738584400004,31.02962,43.441468,0.4561,1.0
BTC,2026-09-25,0.2294565079638191,P,220000.0,62559.05,157442.63514363903,150016.6019,165437.407725,0.7281,0.0
BTC,2026-12-25,0.4787715764569698,C,50000.0,63204.46,15764.6795249438,15611.50162,15959.12615,0.47479999999999994,0.0
BTC,2026-07-10,0.018497603854230087,C,56000.0,62094.06,6195.0517161498,5495.324309999999,7265.0050200000005,0.48829999999999996,0.0
BTC,2027-06-25,0.9774017134432711,C,84000.0,64506.93,4767.0066510402,4676.752425,4870.273215,0.41840000000000005,1.3
BTC,2026-07-31,0.07603185042957256,P,56000.0,62190.93,751.8964285208999,715.195695,777.3866250000001,0.43670000000000003,11.4
BTC,2026-07-07,0.010278425772038306,C,60500.0,62059.24,1877.1120382039999,1396.3328999999999,3102.962,0.353,0.0
BTC,2026-07-31,0.07603185042957256,C,88000.0,62190.93,11.1999645837,,18.657279,0.4714,2.7
BTC,2026-09-25,0.2294565079638191,P,40000.0,62559.1,361.390783289,344.07505,375.3546,0.5978,6.1
BTC,2026-09-25,0.2294565079638191,P,280000.0,62559.1,217442.03769669,207977.72795,227621.28535,0.8151,0.0
BTC,2026-07-05,0.004798973717243785,C,63000.0,62059.24,114.27402275879999,105.50070799999999,130.324404,0.2491,60.9
BTC,2026-07-24,0.05685376823779173,C,75000.0,62165.27,35.7736262742,31.082635,43.515688999999995,0.36950000000000005,1.5
BTC,2026-07-06,0.007538699744641045,C,58500.0,62059.19,3592.7883425267005,1489.42056,5554.297505,0.35100000000000003,0.0
BTC,2026-07-31,0.07603185042957256,P,63000.0,62190.93,2921.443813122,2891.878245,2954.069175,0.3627,6.7
BTC,2026-07-31,0.07603185042957256,P,110000.0,62190.93,47813.783170378505,47109.629474999994,48322.35261,0.6807,0.0
BTC,2026-07-31,0.07603185042957256,C,96000.0,62190.93,5.255133584999999,,12.438186,0.5345,1.2
BTC,2026-07-31,0.07603185042957256,C,102000.0,62190.93,5.214087571199999,,6.219093,0.6002000000000001,0.0
BTC,2027-03-26,0.7280866449501204,P,82000.0,63837.39,21649.0476726678,18800.111354999997,26109.492509999996,0.40979999999999994,0.0
BTC,2026-12-25,0.4787715764569698,C,64000.0,63204.46,6896.085675806799,6826.08168,6984.09283,0.4165,1.0
BTC,2027-03-26,0.7280866449501204,P,95000.0,63837.34,32868.914979209396,29014.07103,37791.705279999995,0.4089,0.0
BTC,2026-07-31,0.07603185042957256,C,110000.0,62190.88,5.1550020432,,6.219088,0.6807,0.0
BTC,2026-12-25,0.4787715764569698,C,95000.0,63204.46,647.1770118132,632.0446000000001,695.24906,0.3975,0.4
BTC,2026-07-31,0.07603185042957256,P,120000.0,62190.93,57813.7053497055,53764.058985,62222.025465,0.7720999999999999,0.0
BTC,2026-09-25,0.2294565079638191,C,95000.0,62559.1,78.527310275,68.81501,87.58274,0.4018,0.0
BTC,2026-09-25,0.2294565079638191,C,35000.0,62559.1,27769.205003614003,27557.28355,27932.63815,0.6717,0.0
BTC,2026-12-25,0.4787715764569698,P,240000.0,63204.46,176819.0490606364,168692.70374,185726.30571,0.6498999999999999,0.0
BTC,2026-08-28,0.15274417919669583,P,86000.0,62354.8,23702.561607132004,20764.148400000002,26968.451,0.3795,0.0
BTC,2026-07-05,0.004798973717243785,C,61000.0,62059.24,1165.5929221256,961.9182199999999,1427.36252,0.2647,32.5
BTC,2026-07-07,0.010278425772038306,C,68000.0,62059.24,9.3777717564,,18.617772,0.3908,0.0
BTC,2026-12-25,0.4787715764569698,P,86000.0,63204.46,24116.2482503888,21710.73201,27999.57578,0.3967,0.0
BTC,2026-07-10,0.018497603854230087,C,66000.0,62094.06,103.9690521828,93.14109,111.769308,0.32170000000000004,92.4
BTC,2026-08-28,0.15274417919669583,C,79000.0,62354.8,166.01341952,149.65152,180.82891999999998,0.35119999999999996,0.3
BTC,2026-09-25,0.2294565079638191,C,200000.0,62559.1,4.3315920839999995,,12.51182,0.7281,0.0
BTC,2026-08-28,0.15274417919669583,P,78000.0,62354.8,15844.238076524,13156.8628,19080.5688,0.3488,0.0
BTC,2027-03-26,0.7280866449501204,P,150000.0,63837.34,86359.88768141,81169.17781,92436.46831999999,0.46009999999999995,0.0
BTC,2026-07-10,0.018497603854230087,P,60000.0,62094.11,507.72366735480006,496.75288,527.799935,0.3908,27.0
BTC,2026-09-25,0.2294565079638191,P,45000.0,62559.1,628.183449104,594.3114499999999,656.87055,0.5335,32.2
BTC,2026-07-10,0.018497603854230087,P,66000.0,62094.06,4009.9201417295994,3663.5495399999995,4253.44311,0.32170000000000004,2.4
BTC,2027-03-26,0.7280866449501204,C,110000.0,63837.39,786.5245228425,734.129985,861.804765,0.41450000000000004,0.0
BTC,2026-09-25,0.2294565079638191,C,145000.0,62559.05,13.1480355385,6.255905,25.02362,0.5986,0.0
BTC,2027-03-26,0.7280866449501204,C,125000.0,63837.39,397.7082164478,351.105645,446.86173,0.42469999999999997,0.1
BTC,2026-12-25,0.4787715764569698,P,150000.0,63204.41,86861.77894808941,81754.90433500001,92626.06285500001,0.49920000000000003,0.0
BTC,2027-06-25,0.9774017134432711,P,120000.0,64506.94,56563.8566558098,51960.34017,62313.70404,0.4204,0.0
BTC,2026-09-25,0.2294565079638191,C,160000.0,62559.1,11.681660743,,12.51182,0.6527,0.0
BTC,2026-07-10,0.018497603854230087,P,48000.0,62094.11,4.800495644100001,6.209411,12.418822,0.6914,42.4
BTC,2027-06-25,0.9774017134432711,P,64000.0,64506.93,10823.4003963459,10708.150380000001,10933.924635000001,0.44049999999999995,0.0
BTC,2027-06-25,0.9774017134432711,C,95000.0,64506.94,2948.4574107440003,2870.55883,3031.82618,0.4155,0.0
BTC,2026-07-10,0.018497603854230087,C,50000.0,62094.06,12105.1208811078,10307.61396,13909.06944,0.6472,0.0
BTC,2026-12-25,0.4787715764569698,C,98000.0,63204.41,520.7234367552,505.63528,568.83969,0.39990000000000003,0.2
BTC,2026-07-31,0.07603185042957256,P,93000.0,62190.93,30815.7637799622,27674.96385,34236.106965,0.5133,0.0
BTC,2026-12-25,0.4787715764569698,P,108000.0,63204.41,45069.1711668764,41240.877525,49583.859645000004,0.41229999999999994,0.0
BTC,2027-06-25,0.9774017134432711,P,74000.0,64506.93,16894.971332142002,16191.23943,17384.617635000002,0.426,0.0
BTC,2026-08-28,0.15274417919669583,P,94000.0,62354.94,31674.6047359404,28496.207580000002,35230.541099999995,0.429,0.0
BTC,2026-07-05,0.004798973717243785,C,67000.0,62059.24,9.7768126696,,12.411848,0.4947,0.0
BTC,2026-09-25,0.2294565079638191,C,86000.0,62559.05,179.30236997650002,168.90943500000003,193.933055,0.36719999999999997,0.1
BTC,2026-12-25,0.4787715764569698,C,115000.0,63204.46,185.34707895,170.652042,202.25427200000001,0.4228,0.1
BTC,2026-07-31,0.07603185042957256,P,64000.0,62190.93,3465.602012436,3420.50115,3544.88301,0.354,0.1
BTC,2026-07-05,0.004798973717243785,C,59000.0,62059.24,3068.8983037564,930.8885999999999,5057.82806,0.3433,0.0
BTC,2026-07-05,0.004798973717243785,C,57500.0,62059.24,4563.5212486608,2513.39922,6547.24982,0.43560000000000004,0.0
BTC,2026-07-31,0.07603185042957256,C,93000.0,62190.93,7.0679991945,,12.438186,0.5133,0.0
BTC,2027-03-26,0.7280866449501204,P,140000.0,63837.39,76408.0669022385,71529.795495,82158.72093,0.444,0.0
BTC,2026-07-04,0.0020592476898465247,P,59500.0,62059.19,4.566935792100001,,6.205919000000001,0.41009999999999996,68.8
BTC,2026-12-25,0.4787715764569698,P,80000.0,63204.46,18900.8026643458,18518.906779999998,19150.95138,0.3969,0.0
BTC,2026-09-25,0.2294565079638191,P,56000.0,62559.1,2244.480375616,2189.5685000000003,2283.40715,0.4278,5.5
BTC,2026-08-28,0.15274417919669583,P,50000.0,62354.8,657.618039172,623.548,685.9028,0.4899,101.3
BTC,2026-07-31,0.07603185042957256,C,59000.0,62190.93,4565.8814583588,4446.651495,4726.51068,0.40130000000000005,0.0
BTC,2027-03-26,0.7280866449501204,P,70000.0,63837.34,12923.4283669806,12671.71199,13086.6547,0.4208,0.0
BTC,2027-06-25,0.9774017134432711,C,86000.0,64506.94,4359.7350835088,4257.45804,4450.97886,0.41729999999999995,0.1
BTC,2026-07-05,0.004798973717243785,C,68000.0,62059.24,4.8356559807999995,,12.411848,0.5288,13.8
BTC,2026-07-04,0.0020592476898465247,C,65000.0,62059.19,9.3318404003,,12.411838000000001,0.4876,47.8
BTC,2026-07-31,0.07603185042957256,P,86000.0,62190.93,23819.7941205882,20896.15248,26990.86362,0.44329999999999997,0.0
BTC,2027-03-26,0.7280866449501204,C,64000.0,63837.39,9244.5650315553,9160.665465,9320.25894,0.431,0.3
BTC,2026-12-25,0.4787715764569698,P,82000.0,63204.41,20602.399591841902,20193.808995000003,20857.4553,0.3969,0.0
BTC,2026-08-28,0.15274417919669583,C,78000.0,62354.8,199.688752808,187.0644,212.00632,0.3488,1.4
BTC,2026-07-17,0.03767568604601091,P,68000.0,62122.49,6024.352695521099,5435.717874999999,7641.066269999999,0.32909999999999995,0.0
BTC,2026-12-25,0.4787715764569698,P,90000.0,63204.41,27759.1885228582,27304.30512,28125.962450000003,0.3969,0.0
BTC,2026-07-31,0.07603185042957256,C,95000.0,62190.93,5.2625964966,,12.438186,0.5231,20.2
BTC,2026-08-28,0.15274417919669583,C,92000.0,62354.8,36.157054328,31.177400000000002,49.883840000000006,0.4189,0.0
BTC,2027-03-26,0.7280866449501204,C,50000.0,63837.39,17616.224614363502,17363.770080000002,17970.225284999997,0.47350000000000003,0.0
BTC,2026-07-31,0.07603185042957256,P,78000.0,62190.93,15844.3005221631,15361.15971,16200.737265,0.37420000000000003,0.0
BTC,2026-07-10,0.018497603854230087,P,50000.0,62094.11,11.0688960486,6.209411,18.628232999999998,0.6472,77.7
BTC,2026-08-28,0.15274417919669583,P,79000.0,62354.8,16810.554776959998,14092.1848,20015.8908,0.35119999999999996,0.0
BTC,2026-07-04,0.0020592476898465247,P,56000.0,62059.19,0.0533709034,,6.205919000000001,0.6212,1.4
BTC,2027-06-25,0.9774017134432711,P,140000.0,64506.93,76036.7270797662,70957.623,82149.57535500001,0.4313,0.0
BTC,2026-07-06,0.007538699744641045,C,63000.0,62059.19,200.0155281862,192.383489,217.207165,0.24989999999999998,13.0
BTC,2026-07-04,0.0020592476898465247,P,58000.0,62059.19,0.6783069467,,6.205919000000001,0.5094,196.9
BTC,2026-12-25,0.4787715764569698,P,180000.0,63204.41,116832.7666121634,110734.12632000001,123596.22375500001,0.5518,0.0
BTC,2026-08-28,0.15274417919669583,P,88000.0,62354.8,25692.649344272002,22697.1472,29026.159400000004,0.392,0.0
BTC,2026-07-07,0.010278425772038306,C,63000.0,62059.24,367.4912367688,341.32581999999996,403.38505999999995,0.2928,131.1
BTC,2026-07-31,0.07603185042957256,P,98000.0,62190.93,35813.916357381306,32494.760925,39429.04962,0.557,0.0
BTC,2026-07-17,0.03767568604601091,P,55000.0,62122.49,245.11733001789997,236.065462,254.702209,0.4806,1.7
BTC,2026-08-28,0.15274417919669583,P,96000.0,62354.8,33673.362252772,30397.965,37256.993,0.4458,0.0
BTC,2026-07-10,0.018497603854230087,P,61000.0,62094.11,756.9781180702,745.12932,776.176375,0.3675,250.1
BTC,2026-08-28,0.15274417919669583,C,86000.0,62354.8,58.079131364000006,49.883840000000006,68.59028,0.3795,0.6
BTC,2027-06-25,0.9774017134432711,C,76000.0,64506.94,6784.3548570112,6676.46829,6869.98911,0.4241,0.0
BTC,2026-12-25,0.4787715764569698,P,35000.0,63204.46,734.9793835559999,726.85129,758.45352,0.6139,0.2
BTC,2026-07-31,0.07603185042957256,P,75000.0,62190.93,12876.2197306341,12407.090535000001,13215.572624999999,0.3517,1.2
BTC,2026-09-25,0.2294565079638191,P,150000.0,62559.1,87452.52511012301,82390.33469999999,92994.10214999999,0.612,0.0
BTC,2026-07-24,0.05685376823779173,C,61000.0,62165.7,2851.5655252799997,2828.53935,2921.7879,0.3791,0.1
BTC,2026-07-17,0.03767568604601091,P,56000.0,62122.49,324.5974649488,310.61245,341.67369499999995,0.46240000000000003,487.0
BTC,2026-08-28,0.15274417919669583,C,57000.0,62354.8,7136.2580643480005,6983.7376,7326.689,0.4183,0.0
BTC,2026-07-05,0.004798973717243785,P,57500.0,62059.24,3.2941044591999997,,6.205924,0.43560000000000004,19.5
BTC,2027-03-26,0.7280866449501204,P,50000.0,63837.39,3778.6385306718,3734.4873150000003,3862.1620949999997,0.47350000000000003,0.0
BTC,2027-03-26,0.7280866449501204,C,190000.0,63837.39,99.9253049409,95.756085,127.67478,0.5146999999999999,0.0
BTC,2026-07-24,0.05685376823779173,C,57000.0,62165.27,5835.4893291039,4724.56052,7553.0803049999995,0.4286,0.0
BTC,2026-07-31,0.07603185042957256,P,76000.0,62190.88,13860.7233481232,13402.134639999998,14210.61608,0.35700000000000004,0.0
BTC,2026-12-25,0.4787715764569698,C,110000.0,63204.46,242.0945713164,227.536056,259.138286,0.4147,0.0
BTC,2026-08-28,0.15274417919669583,P,48000.0,62354.8,500.561263124,467.661,530.0158,0.5153,105.4
BTC,2026-07-31,0.07603185042957256,C,104000.0,62190.93,5.2028932037999995,,6.219093,0.6211,0.0
BTC,2026-07-07,0.010278425772038306,P,60500.0,62059.24,304.0393874232,291.678428,341.32581999999996,0.353,75.1
BTC,2026-09-25,0.2294565079638191,P,88000.0,62559.05,25586.915449191,22521.258,29089.958250000003,0.37450000000000006,0.0
BTC,2026-07-06,0.007538699744641045,P,58000.0,62059.19,10.6195685928,6.205919000000001,18.617756999999997,0.3636,230.2
BTC,2026-07-17,0.03767568604601091,C,50000.0,62122.49,12183.1229287797,10312.333340000001,14039.68274,0.574,0.0
BTC,2027-03-26,0.7280866449501204,P,76000.0,63837.39,17034.6908880456,16693.477485,17236.0953,0.4138,0.0
BTC,2026-09-25,0.2294565079638191,C,76000.0,62559.05,754.654824874,719.429075,781.9881250000001,0.3579,127.8
BTC,2026-07-07,0.010278425772038306,P,59000.0,62059.24,116.43616668039999,111.706632,130.324404,0.3936,6.3
BTC,2026-07-04,0.0020592476898465247,P,56500.0,62059.19,0.1805922429,,6.205919000000001,0.6193,2.5
BTC,2026-09-25,0.2294565079638191,C,110000.0,62559.1,43.016888342,37.53545999999999,43.79137,0.47909999999999997,0.2
BTC,2026-12-25,0.4787715764569698,C,82000.0,63204.41,1806.7833858035,1738.1212750000002,1801.3256850000002,0.3969,2.3
BTC,2026-07-24,0.05685376823779173,C,64000.0,62165.27,1307.1205362658,1274.388035,1336.553305,0.3497,13.8
BTC,2026-07-05,0.004798973717243785,P,62500.0,62059.24,674.3878316015999,620.5924,713.68126,0.243,0.0
BTC,2026-07-17,0.03767568604601091,P,70000.0,62122.49,7935.726285792899,5528.90161,10560.8233,0.3379,0.0
BTC,2026-09-25,0.2294565079638191,P,55000.0,62559.1,1996.970926785,1939.3320999999999,2033.17075,0.4351,520.8
BTC,2026-12-25,0.4787715764569698,P,130000.0,63204.46,66889.5732866944,62414.40425,71958.27771000001,0.44780000000000003,0.0
BTC,2026-12-25,0.4787715764569698,C,106000.0,63204.41,317.06365867680006,290.740286,347.624255,0.4115,0.0
BTC,2026-07-24,0.05685376823779173,P,65000.0,62165.27,3793.648034804,3574.503025,5563.791665,0.34340000000000004,0.2
BTC,2026-12-25,0.4787715764569698,C,30000.0,63204.46,33663.744590035996,33466.761569999995,33782.78387,0.6723,0.0
BTC,2026-07-10,0.018497603854230087,P,67000.0,62094.06,4960.426828001399,2701.0916099999995,7451.2872,0.331,1.0
BTC,2026-12-25,0.4787715764569698,C,180000.0,63204.46,37.119979358,25.281784000000002,56.884014,0.5518,0.0
BTC,2026-07-31,0.07603185042957256,P,68000.0,62190.93,6350.8264498353,6032.520210000001,6654.42951,0.3371,1.0
BTC,2026-07-06,0.007538699744641045,C,53000.0,62059.19,9075.765564603,7136.806850000001,10922.41744,0.6487999999999999,0.0
BTC,2026-09-25,0.2294565079638191,P,74000.0,62559.05,12455.2459837615,12167.735225,12824.60525,0.35869999999999996,0.0
BTC,2026-12-25,0.4787715764569698,P,106000.0,63204.41,43112.6875039438,39344.745225000006,47592.920730000005,0.4115,0.0
BTC,2026-08-28,0.15274417919669583,P,84000.0,62354.8,21718.251042212,18862.327,24941.920000000002,0.3689,0.0
BTC,2027-03-26,0.7280866449501204,P,88000.0,63837.34,26666.187288165598,22917.605059999998,31535.645959999998,0.40869999999999995,0.0
BTC,2026-07-07,0.010278425772038306,P,63000.0,62059.24,1293.8470298792,1148.09594,2606.48808,0.2928,0.0
BTC,2026-07-31,0.07603185042957256,C,89000.0,62190.88,11.1483371488,,18.657263999999998,0.48460000000000003,8.0
BTC,2026-07-07,0.010278425772038306,P,62000.0,62059.24,743.1612607771999,713.68126,775.7405,0.3107,167.5
BTC,2026-07-31,0.07603185042957256,P,57000.0,62190.88,920.7291374032,901.76776,932.8631999999999,0.4243,18.7
BTC,2026-12-25,0.4787715764569698,P,62000.0,63204.46,6681.460394850999,6604.86607,6762.877219999999,0.42210000000000003,1.4
BTC,2026-09-25,0.2294565079638191,C,45000.0,62559.1,18187.218461869,17954.4617,18392.375399999997,0.5335,0.0
BTC,2026-07-31,0.07603185042957256,C,52000.0,62190.93,10530.6029822007,9639.59415,11940.65856,0.49310000000000004,0.0
BTC,2026-07-10,0.018497603854230087,C,61000.0,62094.11,1851.0291447466,1831.776245,1924.91741,0.3675,75.1
BTC,2027-03-26,0.7280866449501204,C,200000.0,63837.39,82.7613458916,82.988607,89.372346,0.5233,0.2
BTC,2026-07-31,0.07603185042957256,P,96000.0,62190.93,33813.939384427504,30566.842095,37345.653465,0.5345,0.0
BTC,2026-07-05,0.004798973717243785,C,58500.0,62059.24,3567.6659332668,1458.39214,5554.301979999999,0.3843,0.0
BTC,2026-07-07,0.010278425772038306,P,69000.0,62059.24,6931.517531118,4623.41338,9495.06372,0.4254,0.0
BTC,2026-12-25,0.4787715764569698,P,140000.0,63204.46,76869.109401073,72084.68663,82260.60469000001,0.47130000000000005,0.0
BTC,2026-09-25,0.2294565079638191,P,125000.0,62559.1,62462.437432226005,58242.5221,67125.91429999999,0.5292,0.0
BTC,2026-08-28,0.15274417919669583,P,92000.0,62354.8,29680.589861796005,26594.322200000002,33141.5762,0.4189,0.0
BTC,2026-07-06,0.007538699744641045,P,62500.0,62059.19,782.0196444361001,744.71028,837.799065,0.2522,0.0
BTC,2026-07-04,0.0020592476898465247,P,57500.0,62059.19,0.7217483797,,6.205919000000001,0.5718,7.4
BTC,2027-03-26,0.7280866449501204,P,102000.0,63837.39,39330.9462787416,35333.995365,44335.067355,0.41,0.0
BTC,2026-08-28,0.15274417919669583,P,75000.0,62354.8,13017.529128756001,12626.847000000002,13375.1046,0.3479,0.2
BTC,2027-03-26,0.7280866449501204,C,96000.0,63837.39,1617.3694304403,1564.016055,1691.6908349999999,0.40909999999999996,0.0
BTC,2026-09-25,0.2294565079638191,P,98000.0,62559.1,35509.611792655,32155.3774,39287.114799999996,0.41869999999999996,0.0
BTC,2026-09-25,0.2294565079638191,C,40000.0,62559.1,22920.433711958998,22677.673749999998,23209.4261,0.5978,0.0
BTC,2026-08-28,0.15274417919669583,C,77000.0,62354.8,247.08463628800004,230.71276000000003,255.65468000000004,0.3486,0.0
BTC,2027-06-25,0.9774017134432711,P,100000.0,64506.94,37883.08999448761,33608.11574,43445.42409,0.41600000000000004,0.0
BTC,2026-09-25,0.2294565079638191,C,155000.0,62559.05,8.3860406525,6.255905,18.767715,0.6158,1.2
BTC,2026-07-04,0.0020592476898465247,C,60000.0,62059.19,2068.6717305815,1799.7165100000002,2296.1900299999998,0.35109999999999997,0.1
BTC,2026-07-31,0.07603185042957256,P,45000.0,62190.88,77.912734464,68.409968,87.06723199999999,0.5935,465.3
BTC,2026-08-28,0.15274417919669583,P,82000.0,62354.8,19743.158387376003,16960.5056,22977.7438,0.3602,0.0
BTC,2026-07-06,0.007538699744641045,P,62000.0,62059.19,516.0680886506001,496.47352,558.53271,0.2575,5.4
BTC,2026-07-04,0.0020592476898465247,C,63000.0,62059.19,63.966889500600004,55.853271,74.47102799999999,0.3091,258.8
BTC,2026-09-25,0.2294565079638191,P,68000.0,62559.1,7801.422556044,7632.2101999999995,7945.0057,0.3675,10.0
BTC,2026-12-25,0.4787715764569698,P,70000.0,63204.46,11277.0825952796,11092.38273,11471.609489999999,0.4035,0.1
BTC,2026-07-05,0.004798973717243785,C,60000.0,62059.24,2089.4446249019998,1861.7771999999998,2358.25112,0.303,0.0
BTC,2026-07-24,0.05685376823779173,P,70000.0,62165.27,8000.253120038299,7242.253955,9697.78212,0.3383,0.0
BTC,2026-12-25,0.4787715764569698,C,125000.0,63204.46,123.5476540958,120.088474,139.049812,0.44329999999999997,0.0
BTC,2027-03-26,0.7280866449501204,C,95000.0,63837.34,1706.7014988744,1659.77084,1755.52685,0.4089,2.8
BTC,2027-06-25,0.9774017134432711,P,40000.0,64506.94,2497.8241842226003,2419.01025,2580.2776000000003,0.5251,1.3
BTC,2026-12-25,0.4787715764569698,C,70000.0,63204.46,4481.464832955,4424.3122,4550.721119999999,0.4035,0.3
BTC,2026-07-07,0.010278425772038306,C,58000.0,62059.24,4136.5381626508,3382.22858,4995.76882,0.42560000000000003,0.0
BTC,2026-07-31,0.07603185042957256,C,79000.0,62190.93,29.139560251499997,24.876372,37.314558,0.38159999999999994,2.1
BTC,2026-12-25,0.4787715764569698,P,30000.0,63204.41,459.3178242638,442.43087,474.033075,0.6723,228.7
BTC,2026-09-25,0.2294565079638191,C,140000.0,62559.1,13.850584739999999,12.51182,25.02364,0.5794,0.2
BTC,2027-06-25,0.9774017134432711,P,95000.0,64506.94,33441.0021260278,29253.89729,38897.68482,0.4155,0.0
BTC,2026-12-25,0.4787715764569698,C,100000.0,63204.41,450.86865873500005,442.43087,474.033075,0.40149999999999997,1.0
BTC,2027-06-25,0.9774017134432711,P,82000.0,64506.94,22696.4694620066,21867.852660000004,23287.00534,0.4193,0.0
BTC,2026-09-25,0.2294565079638191,P,180000.0,62559.1,117452.821590771,111386.47755,124117.25439999999,0.7236,0.0
BTC,2026-07-31,0.07603185042957256,P,74000.0,62190.88,11894.6357936144,11443.12192,12251.60336,0.345,0.0
BTC,2026-07-31,0.07603185042957256,P,85000.0,62190.93,22819.7975492904,19932.193065,25995.80874,0.4292,0.0
BTC,2026-07-06,0.007538699744641045,P,60000.0,62059.19,84.971442948,80.676947,99.29470400000001,0.3144,114.8
BTC,2026-07-10,0.018497603854230087,C,67000.0,62094.06,54.475739778599994,43.465841999999995,68.303466,0.331,114.0
BTC,2027-03-26,0.7280866449501204,P,62000.0,63837.39,8368.1510798538,8298.860700000001,8458.454175,0.43479999999999996,8.0
BTC,2026-09-25,0.2294565079638191,P,102000.0,62559.1,39497.907061859,36002.76205,43416.0154,0.4389,0.0
BTC,2026-08-28,0.15274417919669583,C,59000.0,62354.8,5715.183442676001,5580.7546,5892.528600000001,0.40270000000000006,0.0
BTC,2026-07-06,0.007538699744641045,C,69000.0,62059.19,3.9531704030000006,,12.411838000000001,0.4692,0.5
BTC,2026-07-05,0.004798973717243785,C,61500.0,62059.24,764.7355349708,744.71088,806.7701199999999,0.2504,86.7
BTC,2026-07-06,0.007538699744641045,C,66000.0,62059.19,14.3654613012,12.411838000000001,18.617756999999997,0.345,5.8
BTC,2026-12-25,0.4787715764569698,C,105000.0,63204.46,327.753047776,309.70185399999997,347.62453,0.4081,0.5
BTC,2026-07-06,0.007538699744641045,P,64000.0,62059.19,1983.8703298141,1582.509345,3475.31464,0.2626,0.0
BTC,2026-07-24,0.05685376823779173,C,66000.0,62165.27,686.2020081045,652.735335,714.9006049999999,0.3382,314.9
BTC,2026-12-25,0.4787715764569698,C,52000.0,63204.46,14238.0554312634,14094.59458,14410.61688,0.4632,0.0
BTC,2026-12-25,0.4787715764569698,P,58000.0,63204.46,4976.3728199592,4929.94788,5024.75457,0.4374,44.8
BTC,2026-07-05,0.004798973717243785,P,60500.0,62059.24,54.914980291199996,49.647392,68.265164,0.28309999999999996,16.7
BTC,2026-07-31,0.07603185042957256,P,79000.0,62190.93,16837.8920495802,16356.214590000001,17195.792145000003,0.38159999999999994,0.0
BTC,2026-09-25,0.2294565079638191,P,145000.0,62559.05,82454.1910616995,77541.942475,87832.9062,0.5986,0.0
BTC,2026-07-17,0.03767568604601091,P,64000.0,62122.49,2758.1559330883,2609.14458,2888.695785,0.3385,0.0
BTC,2026-07-24,0.05685376823779173,C,70000.0,62165.27,166.2044442193,149.19664799999998,174.06275599999998,0.3383,52.5
BTC,2026-07-24,0.05685376823779173,C,55000.0,62165.27,7583.5673967134,6527.353349999999,9045.046784999999,0.45740000000000003,0.0
BTC,2026-07-10,0.018497603854230087,P,52000.0,62094.06,24.859356921,12.418812,31.04703,0.6017,45.3
BTC,2026-07-10,0.018497603854230087,C,59000.0,62094.11,3430.7672600799,3228.89372,3725.6466,0.41369999999999996,28.4
BTC,2026-07-04,0.0020592476898465247,P,63000.0,62059.19,1001.0612790925,775.7398750000001,2296.1900299999998,0.3091,0.0
BTC,2026-07-10,0.018497603854230087,C,63000.0,62094.06,738.0524809224,714.08169,776.17575,0.3342,371.8
BTC,2026-08-28,0.15274417919669583,P,105000.0,62354.8,42660.355676576,39096.4596,46547.8582,0.4924,0.0
BTC,2026-07-10,0.018497603854230087,P,56000.0,62094.06,101.0009561148,93.14109,111.769308,0.48829999999999996,98.3
BTC,2026-12-25,0.4787715764569698,P,94000.0,63204.46,31493.619455935997,29295.26721,35173.281989999996,0.397,0.0
BTC,2026-07-31,0.07603185042957256,P,66000.0,62190.93,4773.9573843155995,4539.93789,4944.178935,0.34130000000000005,0.1
BTC,2026-12-25,0.4787715764569698,C,220000.0,63204.41,25.2021264434,18.961323,44.243087,0.6178,0.0
BTC,2027-03-26,0.7280866449501204,C,80000.0,63837.39,3897.4086331407,3830.2434,3957.91818,0.4107,0.1
BTC,2026-09-25,0.2294565079638191,P,175000.0,62559.1,112452.819930776,106538.1473,118924.84909999999,0.7068000000000001,0.0
BTC,2026-07-17,0.03767568604601091,C,70000.0,62122.49,58.59952359209999,55.910241,62.12249,0.3379,35.3
BTC,2027-06-25,0.9774017134432711,C,66000.0,64506.93,10418.6116697643,10321.1088,10514.62959,0.4366,0.0
BTC,2026-12-25,0.4787715764569698,P,56000.0,63204.46,4223.941420908,4139.89213,4297.90328,0.44380000000000003,0.1
BTC,2026-08-28,0.15274417919669583,C,75000.0,62354.8,372.954659116,342.9514,374.1288,0.3479,1.2
BTC,2026-07-05,0.004798973717243785,P,58500.0,62059.24,7.4216645115999995,,12.411848,0.3843,88.2
BTC,2026-09-25,0.2294565079638191,P,75000.0,62559.1,13315.790140967001,12981.01325,13700.4429,0.35810000000000003,0.0
BTC,2027-06-25,0.9774017134432711,P,66000.0,64506.93,11911.3129961424,11804.76819,12030.542445,0.4366,1.0
BTC,2026-12-25,0.4787715764569698,C,94000.0,63204.46,697.9757004044,663.64683,726.85129,0.397,0.2
BTC,2026-07-17,0.03767568604601091,C,65000.0,62122.49,582.8276101559,559.10241,621.2249,0.3321,72.8
BTC,2026-12-25,0.4787715764569698,C,140000.0,63204.41,73.4144503914,56.883969,101.12705600000001,0.47130000000000005,0.4
BTC,2026-07-05,0.004798973717243785,C,65000.0,62059.24,12.0878987672,6.205924,24.823696,0.33240000000000003,37.3
BTC,2026-07-10,0.018497603854230087,P,62000.0,62094.11,1130.8914621394,1117.69398,1179.78809,0.3497,65.0
BTC,2026-08-28,0.15274417919669583,C,72000.0,62354.8,680.7186219280001,623.548,685.9028,0.3483,63.2
BTC,2026-09-25,0.2294565079638191,C,90000.0,62559.1,114.797825273,106.35046999999999,118.86229,0.37929999999999997,11.6
BTC,2026-09-25,0.2294565079638191,C,56000.0,62559.1,8803.499850163,8633.1558,8977.23085,0.4278,0.0
BTC,2026-12-25,0.4787715764569698,P,76000.0,63204.46,15640.0333773332,15390.28601,15864.31946,0.3972,0.0
BTC,2026-12-25,0.4787715764569698,C,250000.0,63204.46,18.367216076000002,12.640892000000001,37.922675999999996,0.6535,3.0
BTC,2027-06-25,0.9774017134432711,C,85000.0,64506.93,4556.0309308515,4450.97817,4644.49896,0.4177,0.2
BTC,2027-06-25,0.9774017134432711,P,45000.0,64506.94,3533.3250639196,3451.12129,3612.38864,0.4982,0.5
BTC,2026-09-25,0.2294565079638191,C,62000.0,62559.05,4949.066464396,4910.885425,5004.724,0.3925,1.2
BTC,2026-07-31,0.07603185042957256,P,58000.0,62190.93,1126.1564699865,1088.341275,1150.532205,0.4125,204.4
BTC,2027-03-26,0.7280866449501204,C,70000.0,63837.39,6761.1028786287,6702.92595,6830.60073,0.4208,0.1
BTC,2026-07-07,0.010278425772038306,P,67000.0,62059.24,4938.730172516,2699.57694,7416.07918,0.3519,0.0
BTC,2026-07-05,0.004798973717243785,C,59500.0,62059.24,2578.2927054908,2296.19188,2916.78428,0.3308,0.0
BTC,2026-07-24,0.05685376823779173,P,63000.0,62165.27,2577.1047835389995,2548.77607,2610.94134,0.3586,1.5
BTC,2027-06-25,0.9774017134432711,P,160000.0,64506.93,95816.86568134531,90245.19507,102437.00484000001,0.4476,0.0
BTC,2026-07-31,0.07603185042957256,C,67000.0,62190.88,720.689684248,715.19512,746.29056,0.33740000000000003,237.7
BTC,2026-09-25,0.2294565079638191,C,70000.0,62559.1,1787.290965724,1751.6548,1845.49345,0.36219999999999997,459.0
BTC,2026-07-24,0.05685376823779173,P,55000.0,62165.27,417.77610216069996,404.07425499999994,435.15689,0.45740000000000003,1.6
BTC,2026-07-24,0.05685376823779173,C,63000.0,62165.27,1742.9177285468,1709.544925,1771.7101949999999,0.3586,6.6
BTC,2026-07-17,0.03767568604601091,C,59000.0,62122.49,3859.3006748845,3665.22691,4069.023095,0.40630000000000005,1.0
BTC,2026-07-07,0.010278425772038306,P,60000.0,62059.24,218.1667758504,211.00141599999998,223.413264,0.3643,2412.3
BTC,2026-07-04,0.0020592476898465247,P,52000.0,62059.19,0.0,,6.205919000000001,0.7704000000000001,0.0
BTC,2026-08-28,0.15274417919669583,C,88000.0,62354.8,48.183424604,37.41288,56.11932,0.392,10.0
BTC,2026-07-31,0.07603185042957256,P,82000.0,62190.93,19828.6109615385,19310.283765,20180.956785000002,0.41200000000000003,9.0
BTC,2026-07-04,0.0020592476898465247,C,56500.0,62059.19,5562.728245961501,3537.3738300000005,7478.132395,0.6193,0.0
BTC,2026-09-25,0.2294565079638191,P,260000.0,62559.1,197442.179321777,188646.96605,206882.9437,0.7883,0.0
BTC,2026-08-28,0.15274417919669583,P,55000.0,62354.8,1339.5638035640002,1309.4508,1371.8056,0.4364,83.1
BTC,2026-08-28,0.15274417919669583,P,77000.0,62354.8,14891.642549828,13936.2978,17085.215200000002,0.3486,0.0
BTC,2026-07-07,0.010278425772038306,P,62500.0,62059.24,994.6364719204,961.9182199999999,1023.9774600000001,0.3028,0.0
BTC,2027-03-26,0.7280866449501204,C,85000.0,63837.39,2950.8316444641,2904.601245,3000.35733,0.40880000000000005,0.1
BTC,2026-07-31,0.07603185042957256,P,48000.0,62190.88,148.38743968,143.03902399999998,161.69628799999998,0.55,30.1
BTC,2026-07-31,0.07603185042957256,C,55000.0,62190.93,7804.0835790684,6654.42951,9421.925895,0.44939999999999997,0.0
BTC,2026-07-31,0.07603185042957256,P,80000.0,62190.93,17833.650308998498,17351.269470000003,18190.847025,0.3907,0.0
BTC,2027-03-26,0.7280866449501204,P,45000.0,63837.39,2612.7130780857,2553.4956,2681.17038,0.49950000000000006,0.0
BTC,2026-12-25,0.4787715764569698,P,110000.0,63204.41,47037.7192875898,46044.412685,47656.125140000004,0.4147,0.0
BTC,2026-07-05,0.004798973717243785,P,63000.0,62059.24,1053.9526935124,527.50354,3289.1397199999997,0.2491,0.0
BTC,2026-07-31,0.07603185042957256,P,71000.0,62190.93,9022.5848733747,8613.443805,9328.6395,0.337,0.3
BTC,2026-08-28,0.15274417919669583,P,67000.0,62354.8,6386.240811892,6204.302600000001,6516.0766,0.35710000000000003,0.0
BTC,2026-07-07,0.010278425772038306,C,61000.0,62059.24,1472.7756100548,1272.21442,1613.5402399999998,0.33270000000000005,0.0
BTC,2027-03-26,0.7280866449501204,P,52000.0,63837.39,4363.272839022,4309.023825,4436.6986050000005,0.46520000000000006,0.0
BTC,2026-07-31,0.07603185042957256,P,115000.0,62190.93,52813.7430162234,48913.166444999995,57029.08281,0.7275,0.0
BTC,2026-07-06,0.007538699744641045,C,61500.0,62059.19,910.9829853994,868.82866,961.917445,0.2702,197.1
BTC,2026-12-25,0.4787715764569698,P,65000.0,63204.41,8231.130539711201,8153.368890000001,8279.77771,0.4139,6.1
BTC,2026-07-31,0.07603185042957256,C,83000.0,62190.93,14.3804087439,12.438186,18.657279,0.41200000000000003,0.0
BTC,2026-07-24,0.05685376823779173,C,58000.0,62165.27,5008.8932752314,3885.329375,6682.766525,0.41409999999999997,0.0
BTC,2026-07-31,0.07603185042957256,C,69000.0,62190.93,398.2290477969,373.14558,404.241045,0.3358,132.5
BTC,2027-06-25,0.9774017134432711,C,130000.0,64506.94,741.7336946594,677.3228700000001,838.59022,0.4242,0.3
BTC,2026-08-28,0.15274417919669583,P,63000.0,62354.8,4013.146821876,3959.5298000000003,4053.0620000000004,0.3771,6.9
BTC,2026-07-05,0.004798973717243785,P,59500.0,62059.24,18.031312181999997,12.411848,24.823696,0.3308,11.0
BTC,2026-07-06,0.007538699744641045,P,60500.0,62059.19,133.9994442318,130.324299,148.94205599999998,0.2983,104.8
BTC,2026-08-28,0.15274417919669583,P,110000.0,62354.8,47657.900843792006,43928.956600000005,51723.3066,0.5221,0.0
BTC,2026-12-25,0.4787715764569698,C,40000.0,63204.46,24314.559828174,24080.89926,24491.72825,0.5581,0.0
BTC,2027-06-25,0.9774017134432711,P,60000.0,64506.93,8793.0634816056,8708.43555,8934.209805,0.44770000000000004,0.6
BTC,2026-07-17,0.03767568604601091,C,68000.0,62122.49,147.21539190239997,142.88172699999998,161.518474,0.32909999999999995,93.8
BTC,2026-07-07,0.010278425772038306,C,56000.0,62059.24,6089.8136443296,4064.88022,8036.67158,0.48009999999999997,0.0
BTC,2026-12-25,0.4787715764569698,P,125000.0,63204.46,61919.225747907,57610.865289999994,66870.31868,0.44329999999999997,0.0
BTC,2026-12-25,0.4787715764569698,P,135000.0,63204.46,71881.90460075901,67249.54544,77109.4412,0.4622,0.0
BTC,2026-07-04,0.0020592476898465247,C,52000.0,62059.19,10062.2807901514,8160.783485000001,11822.275695,0.7704000000000001,0.0
BTC,2027-03-26,0.7280866449501204,C,105000.0,63837.39,1012.1316044675999,957.56085,1085.2356300000001,0.41229999999999994,0.1
BTC,2027-03-26,0.7280866449501204,P,100000.0,63837.34,37463.306851837995,33482.68483,42483.749769999995,0.4096,0.0
BTC,2026-08-28,0.15274417919669583,P,58000.0,62354.8,2050.919832924,2026.5310000000002,2088.8858,0.41009999999999996,2.7
BTC,2026-07-10,0.018497603854230087,P,70000.0,62094.11,7920.5365264467,5557.422845,10524.951645000001,0.3906,0.0
BTC,2026-07-31,0.07603185042957256,C,65000.0,62190.93,1277.6268333665998,1243.8186,1306.00953,0.34729999999999994,279.8
BTC,2026-08-28,0.15274417919669583,P,81000.0,62354.8,18761.109570900004,15962.828800000001,21980.067,0.3569,0.0
BTC,2026-07-31,0.07603185042957256,P,100000.0,62190.88,37813.8641726992,37190.146239999995,38278.48664,0.5789,0.0
BTC,2026-07-07,0.010278425772038306,C,62500.0,62059.24,568.1659952328,558.53316,589.56278,0.3028,144.4
BTC,2026-07-31,0.07603185042957256,P,106000.0,62190.88,43813.782182947194,40237.49936,47700.40496,0.6413,0.0
BTC,2027-03-26,0.7280866449501204,P,110000.0,63837.39,46948.703521745105,42834.88869,52027.47285,0.41450000000000004,0.0
BTC,2027-06-25,0.9774017134432711,P,130000.0,64506.94,66234.0881607934,61410.60688,72151.01239,0.4242,0.0
BTC,2026-07-31,0.07603185042957256,P,54000.0,62190.93,500.77007509019995,466.43197499999997,528.6229050000001,0.46299999999999997,14.7
BTC,2027-03-26,0.7280866449501204,C,52000.0,63837.39,16200.866689456501,15927.428805,16501.965315,0.46520000000000006,0.0
BTC,2026-09-25,0.2294565079638191,P,90000.0,62559.1,27555.827799742998,26869.133449999998,27901.3586,0.37929999999999997,0.0
BTC,2026-07-06,0.007538699744641045,P,59000.0,62059.19,33.2655876157,24.823676000000003,43.441433,0.3447,66.4
BTC,2027-06-25,0.9774017134432711,P,50000.0,64506.94,4901.9236550416,4838.0205,4999.28785,0.47700000000000004,0.0
BTC,2026-09-25,0.2294565079638191,P,320000.0,62559.1,257441.786351657,246607.97220000002,269035.40955000004,0.8542000000000001,0.0
BTC,2026-07-06,0.007538699744641045,P,65000.0,62059.19,2947.0674353118998,837.799065,5337.09034,0.2956,0.4
BTC,2027-03-26,0.7280866449501204,C,68000.0,63837.39,7516.0381074036,7437.055935,7596.64941,0.4236,1.0
BTC,2026-07-31,0.07603185042957256,P,81000.0,62190.93,18830.7344790444,18315.228885,19185.901905,0.401,0.0
BTC,2026-08-28,0.15274417919669583,P,46000.0,62354.8,375.80552057200003,342.9514,405.3062,0.5397,56.9
BTC,2026-07-04,0.0020592476898465247,P,61000.0,62059.19,45.105239883900005,37.235513999999995,49.647352000000005,0.3086,121.5
BTC,2026-12-25,0.4787715764569698,P,52000.0,63204.46,3033.6529086269998,2970.60962,3097.01854,0.4632,25.6
BTC,2027-06-25,0.9774017134432711,C,80000.0,64506.93,5688.2901098151,5579.849445,5773.370234999999,0.4208,0.2
BTC,2026-07-17,0.03767568604601091,C,60000.0,62122.49,3097.4559277454,2981.87952,3230.36948,0.39030000000000004,1.2
BTC,2026-07-10,0.018497603854230087,P,63000.0,62094.11,1644.00365636,1614.44686,1707.588025,0.3342,66.7
BTC,2026-07-31,0.07603185042957256,P,88000.0,62190.93,25819.9166203182,22886.26224,29074.259775000002,0.4714,0.0
BTC,2026-07-10,0.018497603854230087,C,73000.0,62094.11,11.4929988199,,18.628232999999998,0.4915,45.9
BTC,2027-03-26,0.7280866449501204,C,140000.0,63837.39,246.0050428518,217.047126,274.50077699999997,0.444,0.0
BTC,2026-07-31,0.07603185042957256,C,50000.0,62190.93,12414.458916386398,11754.08577,13588.718205,0.5204,0.0
BTC,2026-09-25,0.2294565079638191,C,94000.0,62559.1,82.822618081,75.07091999999999,93.83865,0.39630000000000004,0.0
BTC,2026-12-25,0.4787715764569698,C,62000.0,63204.46,7885.851718291799,7805.75081,7995.36419,0.42210000000000003,4.5
BTC,2027-06-25,0.9774017134432711,C,82000.0,64506.93,5203.8540316932,5096.04747,5289.56826,0.4193,1.9
BTC,2027-06-25,0.9774017134432711,C,110000.0,64506.94,1586.8352451829999,1515.91309,1677.18044,0.4178,1.1
BTC,2026-09-25,0.2294565079638191,C,30000.0,62559.1,32674.861284898998,32499.452449999997,32812.24795,0.7504000000000001,0.0
BTC,2026-07-31,0.07603185042957256,P,108000.0,62190.93,45813.7999783317,42196.546005,49814.93493,0.6612,0.0
BTC,2027-06-25,0.9774017134432711,P,85000.0,64506.93,25048.6266419244,21029.25918,30350.510564999997,0.4177,0.0
BTC,2026-07-31,0.07603185042957256,C,73000.0,62190.93,112.2813707499,105.724581,124.38186,0.3397,14.4
BTC,2027-03-26,0.7280866449501204,C,108000.0,63837.34,875.1690755024,829.88542,925.64143,0.4143,0.0
BTC,2026-07-31,0.07603185042957256,C,74000.0,62190.88,85.87254519519999,74.62905599999999,99.505408,0.345,0.0
BTC,2026-12-25,0.4787715764569698,C,96000.0,63204.46,599.1732244432,568.8401399999999,632.0446000000001,0.3979,0.0
BTC,2026-07-06,0.007538699744641045,C,64000.0,62059.19,60.1595581941,49.647352000000005,74.47102799999999,0.2626,37.6
BTC,2026-09-25,0.2294565079638191,C,170000.0,62559.05,11.672267549,,12.51181,0.6894,0.0
BTC,2026-12-25,0.4787715764569698,C,60000.0,63204.46,8976.9724328328,8880.226630000001,9101.442239999998,0.4288,0.1
BTC,2026-09-25,0.2294565079638191,P,190000.0,62559.05,127448.413351871,121020.48222500001,134439.39845,0.7281,0.0
BTC,2026-08-28,0.15274417919669583,C,83000.0,62354.8,84.80128090400001,74.82576,93.5322,0.3643,0.3
BTC,2026-12-25,0.4787715764569698,C,68000.0,63204.46,5198.9542783398,5151.16349,5277.572410000001,0.40740000000000004,5.1
BTC,2026-07-31,0.07603185042957256,C,98000.0,62190.93,5.2408296711,,12.438186,0.557,2.6
BTC,2026-07-06,0.007538699744641045,C,67000.0,62059.19,12.2480017384,,18.617756999999997,0.406,0.1
BTC,2026-08-28,0.15274417919669583,C,73000.0,62354.8,557.856594652,498.83840000000004,561.1931999999999,0.3478,10.7
BTC,2026-07-06,0.007538699744641045,C,68000.0,62059.19,8.7491046062,,12.411838000000001,0.4521,0.0
BTC,2027-06-25,0.9774017134432711,C,40000.0,64506.93,27004.9773333012,26641.36209,27254.177925,0.5251,0.0
BTC,2026-08-28,0.15274417919669583,C,74000.0,62354.8,460.855597128,405.3062,467.661,0.3486,1.4
BTC,2026-07-24,0.05685376823779173,P,64000.0,62165.27,3141.2838264659,3108.2635,3232.5940399999995,0.3497,0.0
BTC,2026-07-17,0.03767568604601091,C,63000.0,62122.49,1287.091021314,1273.511045,1335.633535,0.3488,11.6
BTC,2026-07-24,0.05685376823779173,C,56000.0,62165.27,6691.9924727207,5563.791665,8392.31145,0.44189999999999996,0.0
BTC,2026-07-06,0.007538699744641045,C,58000.0,62059.19,4085.3148980427004,1985.89408,6081.800620000001,0.3636,0.0
BTC,2026-07-04,0.0020592476898465247,P,67000.0,62059.19,4937.5607218828,2668.54517,7385.04361,0.5699000000000001,0.0
BTC,2026-09-25,0.2294565079638191,P,94000.0,62559.05,31523.8324788315,28307.970125000003,35189.465625000004,0.39630000000000004,0.0
BTC,2027-03-26,0.7280866449501204,C,100000.0,63837.39,1301.1177236325,1244.829105,1340.58519,0.4096,0.1
BTC,2026-07-06,0.007538699744641045,C,60500.0,62059.19,1709.3248173974,1489.42056,1954.864485,0.2983,0.0
BTC,2027-03-26,0.7280866449501204,P,68000.0,63837.39,11678.382123026699,11458.811505,11809.91715,0.4236,0.0
BTC,2026-07-05,0.004798973717243785,C,66000.0,62059.24,11.620592689999999,,12.411848,0.4205,8.4
BTC,2027-03-26,0.7280866449501204,P,55000.0,63837.39,5366.5821161916,5298.50337,5458.096845,0.45409999999999995,0.0
BTC,2026-07-17,0.03767568604601091,P,50000.0,62122.49,60.359453733799995,55.910241,68.334739,0.574,25.4
BTC,2026-07-31,0.07603185042957256,C,84000.0,62190.93,11.0724731772,6.219093,24.876372,0.41490000000000005,13.5
BTC,2026-07-07,0.010278425772038306,C,59500.0,62059.24,2733.4507349692,2047.9549200000001,3847.6728799999996,0.37979999999999997,0.0
BTC,2026-07-17,0.03767568604601091,C,61000.0,62122.49,2408.7100933643997,2360.65462,2484.8996,0.3759,0.6
BTC,2027-06-25,0.9774017134432711,C,150000.0,64506.93,401.058935889,354.788115,419.29504499999996,0.43700000000000006,0.0
BTC,2026-07-24,0.05685376823779173,P,50000.0,62165.27,134.8812296244,124.33054,142.980121,0.5408,3.1
BTC,2026-07-10,0.018497603854230087,C,57000.0,62094.11,5244.313295325001,4377.634755,6302.552165,0.4631,0.0
BTC,2026-09-25,0.2294565079638191,C,58000.0,62559.1,7386.482434337,7256.8556,7507.092,0.4144,0.0
BTC,2026-07-10,0.018497603854230087,C,58000.0,62094.11,4318.862679885,4098.21126,4594.96414,0.4384,0.0
BTC,2026-07-10,0.018497603854230087,P,64000.0,62094.11,2310.5659199181,2080.152685,2545.85851,0.3234,6.5
BTC,2026-08-28,0.15274417919669583,P,59000.0,62354.8,2359.8916082120004,2307.1276,2400.6598,0.40270000000000006,0.2
BTC,2026-07-05,0.004798973717243785,C,62000.0,62059.24,443.14951803,434.41468,496.47392,0.24050000000000002,192.9
BTC,2027-06-25,0.9774017134432711,P,52000.0,64506.93,5553.0281085752995,5483.0890500000005,5644.356374999999,0.46990000000000004,0.0
BTC,2026-07-07,0.010278425772038306,C,66000.0,62059.24,20.8618341184,18.617772,31.02962,0.31370000000000003,0.0
BTC,2026-09-25,0.2294565079638191,P,78000.0,62559.1,16000.74726291,15608.49545,16390.4842,0.358,0.0
BTC,2027-03-26,0.7280866449501204,P,106000.0,63837.39,43121.357700877204,39036.563985,48165.310755,0.4125,0.0
BTC,2026-07-07,0.010278425772038306,C,63500.0,62059.24,233.764745232,229.619188,254.44288400000002,0.29059999999999997,51.7
BTC,2026-07-05,0.004798973717243785,C,60500.0,62059.24,1615.1928775611998,1365.3032799999999,1861.7771999999998,0.28309999999999996,0.1
BTC,2026-08-28,0.15274417919669583,C,67000.0,62354.8,1741.599494304,1714.757,1777.1118000000001,0.35710000000000003,1.1
BTC,2027-03-26,0.7280866449501204,P,125000.0,63837.39,61559.8289647794,57102.545354999995,66933.503415,0.42469999999999997,0.0
BTC,2026-08-28,0.15274417919669583,C,105000.0,62354.8,16.031419080000003,12.470960000000002,24.941920000000003,0.4924,0.0
BTC,2026-09-25,0.2294565079638191,P,300000.0,62559.1,237442.078118584,227308.48985,248359.627,0.8497,0.0
BTC,2027-03-26,0.7280866449501204,C,115000.0,63837.39,622.0174839342001,574.5365099999999,670.292595,0.4179,0.3
BTC,2026-07-04,0.0020592476898465247,P,62500.0,62059.19,590.0203018221999,527.5031150000001,651.6214950000001,0.2891,0.0
BTC,2026-08-28,0.15274417919669583,C,48000.0,62354.8,14855.761103716,14653.378,15058.6842,0.5153,0.0
BTC,2027-03-26,0.7280866449501204,C,86000.0,63837.39,2791.6882230635997,2745.0077699999997,2840.7638549999997,0.4086,0.1
BTC,2026-07-24,0.05685376823779173,P,56000.0,62165.7,526.1679981719999,497.3256,559.4912999999999,0.44189999999999996,1.2
BTC,2026-07-05,0.004798973717243785,P,66000.0,62059.24,3951.2485103751997,1706.6290999999999,6361.072099999999,0.4205,0.0
BTC,2026-08-28,0.15274417919669583,C,46000.0,62354.8,16730.989428612,16087.538400000001,18082.892,0.5397,0.0
BTC,2026-07-06,0.007538699744641045,P,67000.0,62059.19,4935.1466193918,2668.54517,7416.073205,0.406,0.0
BTC,2026-07-04,0.0020592476898465247,C,62500.0,62059.19,152.8654379918,136.53021800000002,167.55981300000002,0.2891,58.8
BTC,2026-12-25,0.4787715764569698,P,210000.0,63204.41,146825.7159125801,139713.34830500002,154661.19127,0.6078,0.0
BTC,2026-09-25,0.2294565079638191,P,35000.0,62559.05,210.1552422555,200.18896,212.70077,0.6717,177.9
BTC,2026-07-10,0.018497603854230087,C,48000.0,62094.11,14098.8638359218,12356.72789,15802.950995000001,0.6914,0.0
BTC,2027-06-25,0.9774017134432711,P,80000.0,64506.93,21180.9136822914,20384.18988,21738.83541,0.4208,0.1
BTC,2026-07-07,0.010278425772038306,C,55000.0,62059.24,7082.8980146576,5057.82806,8998.5898,0.5179,0.0
BTC,2026-12-25,0.4787715764569698,P,55000.0,63204.46,3888.2479968222,3823.8698299999996,3981.88098,0.44780000000000003,12.6
BTC,2026-09-25,0.2294565079638191,C,98000.0,62559.05,68.57097470500001,56.303145,81.326765,0.41869999999999996,0.0
BTC,2026-09-25,0.2294565079638191,P,64000.0,62559.1,5372.391584246,5317.5235,5442.641699999999,0.3823,4.4
BTC,2026-09-25,0.2294565079638191,P,135000.0,62559.05,72459.5370258435,67876.56925,77510.66295000001,0.5718,0.0
BTC,2027-06-25,0.9774017134432711,P,30000.0,64506.94,1185.1685917462,1161.12492,1257.88533,0.6013000000000001,4.0
BTC,2026-08-28,0.15274417919669583,P,56000.0,62354.8,1541.9706021040001,1496.5152,1590.0474,0.4267,0.4
BTC,2026-12-25,0.4787715764569698,C,80000.0,63204.46,2105.1743348702003,2085.74718,2117.3494100000003,0.3969,77.6
BTC,2026-12-25,0.4787715764569698,P,105000.0,63204.46,42123.4093752406,41177.705689999995,42694.61273,0.4081,0.0
BTC,2026-07-10,0.018497603854230087,C,55000.0,62094.06,7163.9668074492,5153.80698,9189.92088,0.5161,0.0
BTC,2026-09-25,0.2294565079638191,P,100000.0,62559.05,37507.4304459915,36753.441875000004,37910.7843,0.4326,0.0
BTC,2026-07-06,0.007538699744641045,P,54000.0,62059.19,2.3464579739,,12.411838000000001,0.5771000000000001,45.3
BTC,2026-12-25,0.4787715764569698,P,200000.0,63204.41,136828.0309619863,130043.07357500002,144327.270235,0.5908,0.0
BTC,2026-08-28,0.15274417919669583,C,64000.0,62354.8,2890.3438918120005,2837.1434,2930.6756,0.3713,25.0
BTC,2026-09-25,0.2294565079638191,C,102000.0,62559.1,56.860591580999994,50.04728,56.303189999999994,0.4389,1.0
BTC,2026-08-28,0.15274417919669583,C,71000.0,62354.8,824.1309206400001,779.4350000000001,841.7898,0.3486,8.2
BTC,2027-03-26,0.7280866449501204,C,102000.0,63837.39,1168.7362128678,1117.1543250000002,1244.829105,0.41,0.0
BTC,2026-12-25,0.4787715764569698,P,78000.0,63204.41,17231.6749082046,16907.179675000003,17507.621570000003,0.3961,0.0
BTC,2026-08-28,0.15274417919669583,P,71000.0,62354.8,9468.739126028,8168.478800000001,12159.186000000002,0.3486,0.3
BTC,2027-06-25,0.9774017134432711,P,76000.0,64506.94,18277.002887266004,17513.63421,18803.77301,0.4241,0.0
BTC,2026-09-25,0.2294565079638191,C,80000.0,62559.1,407.707038565,375.3546,406.63415,0.35719999999999996,6.1
BTC,2027-06-25,0.9774017134432711,C,78000.0,64506.93,6214.3531549353,6095.904885,6289.425675,0.4224,0.5
BTC,2026-07-06,0.007538699744641045,C,63500.0,62059.19,104.9340225953,99.29470400000001,117.91246100000001,0.2507,74.5
BTC,2026-08-28,0.15274417919669583,C,58000.0,62354.8,6406.203701112,6266.657400000001,6578.4314,0.41009999999999996,1.1
BTC,2026-07-31,0.07603185042957256,P,72000.0,62190.93,9963.0093747348,9515.21229,10323.69438,0.33770000000000006,0.0
BTC,2027-06-25,0.9774017134432711,C,62000.0,64506.94,12271.9686287134,12191.811660000001,12417.58595,0.4434,12.9
BTC,2026-07-06,0.007538699744641045,C,59000.0,62059.19,3108.222119312,2451.338005,3630.4626150000004,0.3447,0.0
BTC,2026-09-25,0.2294565079638191,P,92000.0,62559.1,29539.83773219,26368.660649999998,33125.04345,0.3889,0.0
BTC,2027-03-26,0.7280866449501204,C,58000.0,63837.39,12379.3473071739,12192.94149,12512.12844,0.445,0.0
BTC,2027-03-26,0.7280866449501204,C,94000.0,63837.39,1802.4244484418,1755.528225,1851.28431,0.40880000000000005,0.0
BTC,2026-08-28,0.15274417919669583,P,53000.0,62354.8,1001.7379681240001,966.4994,1028.8542,0.4557,50.7
BTC,2027-03-26,0.7280866449501204,C,72000.0,63837.39,6065.4183233823005,6000.71466,6128.38944,0.4179,1.9
BTC,2027-06-25,0.9774017134432711,C,50000.0,64506.94,19409.135163083003,19061.800769999998,19739.12364,0.47700000000000004,0.0
BTC,2026-07-04,0.0020592476898465247,P,57000.0,62059.19,0.3735963238,,6.205919000000001,0.5974,28.0
BTC,2026-12-25,0.4787715764569698,C,55000.0,63204.46,12092.647033291,11945.64294,12293.26747,0.44780000000000003,0.0
BTC,2026-09-25,0.2294565079638191,C,52000.0,62559.05,11960.063577029501,11761.101400000001,12167.735225,0.4595,0.0
BTC,2026-07-31,0.07603185042957256,P,90000.0,62190.93,27819.850059621,24814.181070000002,31188.751394999996,0.4979,0.0
BTC,2026-12-25,0.4787715764569698,C,240000.0,63204.46,23.243440165000003,12.640892000000001,37.922675999999996,0.6498999999999999,0.0
BTC,2026-08-28,0.15274417919669583,P,69000.0,62354.8,7846.312749031999,6484.8992,10506.783800000001,0.3508,0.0
BTC,2026-07-31,0.07603185042957256,C,105000.0,62190.93,5.1979179294,,6.219093,0.6313,0.0
BTC,2026-07-05,0.004798973717243785,P,56500.0,62059.24,2.0777433552,,6.205924,0.49939999999999996,6.8
BTC,2026-07-05,0.004798973717243785,P,52000.0,62059.24,0.06330042479999999,,6.205924,0.6856,0.0
BTC,2027-03-26,0.7280866449501204,P,66000.0,63837.39,10505.1492044073,10309.738485,10660.844130000001,0.42700000000000005,0.0
BTC,2026-07-06,0.007538699744641045,C,62500.0,62059.19,357.89100458670003,341.325545,372.35514,0.2522,51.0
BTC,2026-12-25,0.4787715764569698,C,75000.0,63204.41,3068.3269762569003,3033.8116800000003,3128.618295,0.39770000000000005,0.1
BTC,2026-07-24,0.05685376823779173,P,54000.0,62165.27,337.24161652839996,310.82635,341.908985,0.4754,3.6
BTC,2027-03-26,0.7280866449501204,P,35000.0,63837.39,1204.8809430858,1180.9917149999999,1244.829105,0.5742,4.5
BTC,2026-07-24,0.05685376823779173,C,65000.0,62165.27,959.5190774918999,932.4790499999999,994.64432,0.34340000000000004,327.2
BTC,2026-07-05,0.004798973717243785,P,53000.0,62059.24,0.2463751828,,6.205924,0.6731999999999999,0.0
BTC,2027-06-25,0.9774017134432711,C,30000.0,64506.94,35692.2711095294,35349.803120000004,35898.11211,0.6013000000000001,0.0
BTC,2026-07-31,0.07603185042957256,C,72000.0,62190.93,154.2291530349,143.039139,161.696418,0.33770000000000006,232.6
BTC,2026-07-05,0.004798973717243785,P,68000.0,62059.24,5944.4287039664,3630.46554,8440.05664,0.5288,0.0
BTC,2026-08-28,0.15274417919669583,P,61000.0,62354.8,3101.4903391200005,3055.3852,3148.9174000000003,0.3893,1.4
BTC,2026-09-25,0.2294565079638191,P,50000.0,62559.1,1107.008923731,1063.5047,1126.0638,0.4781,109.2
BTC,2027-03-26,0.7280866449501204,P,64000.0,63837.39,9406.924580664001,9320.25894,9511.77111,0.431,1.0
BTC,2026-07-04,0.0020592476898465247,P,62000.0,62059.19,284.9292560875,266.854517,310.29595,0.2808,36.2
BTC,2026-07-04,0.0020592476898465247,P,60000.0,62059.19,5.9192055422,6.205919000000001,12.411838000000001,0.35109999999999997,91.0
BTC,2026-07-07,0.010278425772038306,C,59000.0,62059.24,3189.1660079144,2482.3696,4095.9098400000003,0.3936,0.0
BTC,2026-08-28,0.15274417919669583,C,61000.0,62354.8,4456.799353232,4396.0134,4520.723,0.3893,0.0
BTC,2026-07-31,0.07603185042957256,P,70000.0,62190.93,8100.443261616001,7804.961715,8395.77555,0.3358,0.2
BTC,2027-03-26,0.7280866449501204,P,115000.0,63837.39,51784.1770659798,47526.936855,56974.87057499999,0.4179,0.0
BTC,2027-03-26,0.7280866449501204,C,35000.0,63837.34,30042.3846074156,29748.20044,30226.980489999998,0.5742,0.0
BTC,2027-06-25,0.9774017134432711,P,54000.0,64506.93,6264.469878990901,6192.66528,6353.932605,0.46340000000000003,0.3
BTC,2026-07-05,0.004798973717243785,C,57000.0,62059.24,5062.8008669012,2978.84352,7012.69412,0.46740000000000004,0.0
BTC,2026-09-25,0.2294565079638191,P,140000.0,62559.1,77454.952211168,72724.95375,82640.5711,0.5794,0.0
BTC,2026-07-31,0.07603185042957256,C,90000.0,62190.88,11.141496151999998,,18.657263999999998,0.4979,33.2
BTC,2026-07-31,0.07603185042957256,P,91000.0,62190.93,28819.1737250562,25747.045019999998,32183.806275,0.5077,0.0
BTC,2026-08-28,0.15274417919669583,C,70000.0,62354.8,990.441149008,966.4994,1028.8542,0.3486,325.3
BTC,2027-03-26,0.7280866449501204,P,108000.0,63837.39,45037.356526615804,40919.766990000004,50112.35115,0.4143,0.0
BTC,2027-03-26,0.7280866449501204,C,180000.0,63837.39,116.0238179511,108.523563,146.825997,0.5023,0.5
BTC,2027-03-26,0.7280866449501204,P,84000.0,63837.34,23281.179139248798,20300.27412,27737.32423,0.40909999999999996,0.0
BTC,2026-08-28,0.15274417919669583,P,76000.0,62354.8,13949.63860946,12845.0888,16181.070600000001,0.34850000000000003,0.0
BTC,2026-07-31,0.07603185042957256,C,78000.0,62190.93,35.5439822229,31.095465,49.752744,0.37420000000000003,3.0
BTC,2026-07-31,0.07603185042957256,C,70000.0,62190.93,291.6549386931,273.64009200000004,286.078278,0.3358,1301.4
BTC,2026-09-25,0.2294565079638191,C,120000.0,62559.1,27.508487452,18.767729999999997,37.53545999999999,0.5154,0.2
BTC,2026-09-25,0.2294565079638191,P,170000.0,62559.1,107452.817019599,101689.81705,113732.44380000001,0.6894,0.0
BTC,2026-08-28,0.15274417919669583,P,72000.0,62354.8,10325.318237492,9976.768,10631.493400000001,0.3483,0.0
BTC,2027-03-26,0.7280866449501204,C,88000.0,63837.34,2503.9405031984,2457.7375899999997,2553.4936,0.40869999999999995,0.0
BTC,2027-03-26,0.7280866449501204,P,74000.0,63837.39,15602.3362580511,15320.9736,16055.103585,0.4157,0.0
BTC,2027-03-26,0.7280866449501204,C,170000.0,63837.39,140.1709490925,134.058519,159.593475,0.49090000000000006,0.3
BTC,2026-08-28,0.15274417919669583,P,73000.0,62354.8,11202.447620392,10163.832400000001,13780.410800000001,0.3478,1.4
BTC,2027-03-26,0.7280866449501204,C,74000.0,63837.39,5440.0161810303,5362.34076,5521.934235,0.4157,0.2
BTC,2026-12-25,0.4787715764569698,P,64000.0,63204.46,7691.6964657962,7616.13743,7742.54635,0.4165,5.1
BTC,2026-08-28,0.15274417919669583,C,84000.0,62354.8,73.751386796,62.354800000000004,87.29672000000001,0.3689,0.0
BTC,2027-03-26,0.7280866449501204,C,54000.0,63837.34,14850.3316631978,14650.66953,15065.612239999999,0.4576,0.0
BTC,2026-07-06,0.007538699744641045,P,61000.0,62059.19,211.3742217319,211.001246,229.61900300000002,0.2827,34.2
BTC,2026-07-17,0.03767568604601091,C,56000.0,62122.49,6447.3944279231,5591.0241,7672.127514999999,0.46240000000000003,0.0
BTC,2026-09-25,0.2294565079638191,C,115000.0,62559.05,31.477211598,25.02362,43.791335000000004,0.49340000000000006,0.0
BTC,2026-08-28,0.15274417919669583,C,60000.0,62354.8,5062.156587428,4926.0292,5237.8032,0.39549999999999996,19.6
BTC,2027-06-25,0.9774017134432711,P,84000.0,64506.94,24259.6113081276,20255.17916,29544.17852,0.41840000000000005,0.0
BTC,2027-03-26,0.7280866449501204,P,120000.0,63837.34,56672.7265907978,52314.70013,61922.21979999999,0.42369999999999997,0.0
BTC,2026-07-05,0.004798973717243785,C,63500.0,62059.24,56.249874543599994,49.647392,62.05924,0.2623,154.7
BTC,2026-07-07,0.010278425772038306,P,61000.0,62059.24,399.58827569679994,372.35544,434.41468,0.33270000000000005,123.0
BTC,2026-07-31,0.07603185042957256,P,52000.0,62190.93,339.4642161306,310.95465,342.050115,0.49310000000000004,130.3
BTC,2026-07-17,0.03767568604601091,P,54000.0,62122.49,188.0714899007,173.942972,192.57971899999998,0.5008,97.3
BTC,2027-03-26,0.7280866449501204,P,104000.0,63837.39,41228.8389055545,37217.19837,46250.189055,0.4121,0.0
BTC,2026-07-10,0.018497603854230087,C,68000.0,62094.06,30.894278612399997,24.837624,37.256435999999994,0.3455,62.4
BTC,2026-07-10,0.018497603854230087,P,59000.0,62094.11,336.7140046504,310.47055,372.56466,0.41369999999999996,66.1
BTC,2026-08-28,0.15274417919669583,P,57000.0,62354.8,1780.982162436,1745.9344,1808.2892000000002,0.4183,4.8
BTC,2027-03-26,0.7280866449501204,P,94000.0,63837.39,31964.666219660703,28088.4516,36898.011419999995,0.40880000000000005,0.0
BTC,2026-07-06,0.007538699744641045,P,68000.0,62059.19,5931.3821758699,3630.4626150000004,8471.079435000001,0.4521,0.0
BTC,2026-12-25,0.4787715764569698,P,100000.0,63204.46,37246.519743276796,36753.39349,37733.06262,0.40149999999999997,0.0
BTC,2026-12-25,0.4787715764569698,P,75000.0,63204.46,14863.952765483798,14631.83249,15105.86594,0.39770000000000005,0.0
BTC,2026-08-28,0.15274417919669583,P,70000.0,62354.8,8635.057320672,8324.365800000001,8916.7364,0.3486,0.1
BTC,2026-08-28,0.15274417919669583,P,60000.0,62354.8,2706.8561631400003,2681.2563999999998,2743.6112,0.39549999999999996,39.9
BTC,2026-07-07,0.010278425772038306,P,68000.0,62059.24,5934.5898320568,3630.46554,8471.08626,0.3908,0.0
BTC,2026-07-06,0.007538699744641045,P,57000.0,62059.19,5.7634369753,,12.411838000000001,0.40950000000000003,32.8
BTC,2026-07-24,0.05685376823779173,P,60000.0,62165.27,1345.1221658168,1336.553305,1367.63594,0.39,11.3
BTC,2026-09-25,0.2294565079638191,C,130000.0,62559.1,20.839061801,12.51182,31.27955,0.5538000000000001,0.1
BTC,2026-07-05,0.004798973717243785,C,55000.0,62059.24,7060.430087408,5088.85768,8905.50094,0.5245000000000001,0.0
BTC,2027-03-26,0.7280866449501204,C,76000.0,63837.39,4872.3785777676,4819.7229449999995,4947.397725,0.4138,8.1
BTC,2026-07-05,0.004798973717243785,P,61000.0,62059.24,105.3058419864,99.294784,117.912556,0.2647,58.3
BTC,2026-07-31,0.07603185042957256,P,95000.0,62190.88,32813.9245163296,29602.858879999996,36288.37848,0.5231,0.0
BTC,2026-07-05,0.004798973717243785,C,58000.0,62059.24,4063.7625330876,1985.89568,6050.7759,0.3944,0.0
BTC,2026-07-04,0.0020592476898465247,C,66000.0,62059.19,3.2419720856,,6.205919000000001,0.544,6.0
BTC,2026-07-10,0.018497603854230087,P,75000.0,62094.06,12915.185085293399,10400.75505,15709.79718,0.5484,0.1
BTC,2026-09-25,0.2294565079638191,C,92000.0,62559.05,98.8051379795,87.58267000000001,112.60629,0.3889,0.0
BTC,2026-09-25,0.2294565079638191,C,125000.0,62559.05,21.35765967,18.767715,31.279525000000003,0.5292,0.0
BTC,2026-07-31,0.07603185042957256,C,91000.0,62190.93,10.4692211562,,12.438186,0.5077,0.2
BTC,2026-12-25,0.4787715764569698,P,120000.0,63204.46,56938.6296059306,55841.14040999999,57642.46752,0.4301,0.0
BTC,2026-08-28,0.15274417919669583,C,56000.0,62354.8,7897.237914192,7700.817800000001,8106.124000000001,0.4267,0.0
BTC,2026-07-10,0.018497603854230087,P,54000.0,62094.11,49.3902760351,43.465877,55.884699,0.545,102.3
BTC,2027-06-25,0.9774017134432711,P,70000.0,64506.93,14279.9423137431,13804.48302,14739.833505,0.4303,0.0
BTC,2026-12-25,0.4787715764569698,P,220000.0,63204.46,156820.9853684606,149352.13898,164995.24283,0.6178,0.0
BTC,2026-07-04,0.0020592476898465247,P,60500.0,62059.19,17.2375606144,12.411838000000001,24.823676000000003,0.3322,52.8
BTC,2027-03-26,0.7280866449501204,C,65000.0,63837.39,8782.4168001459,8713.803735000001,8873.397210000001,0.4289,0.0
BTC,2027-03-26,0.7280866449501204,C,130000.0,63837.39,347.09154991680003,312.803211,383.02434,0.4336,0.0
BTC,2026-09-25,0.2294565079638191,C,175000.0,62559.1,11.667897740999999,,12.51182,0.7068000000000001,0.0
BTC,2026-08-28,0.15274417919669583,P,74000.0,62354.8,12105.438656592001,10974.4448,14559.845800000001,0.3486,0.0
BTC,2026-08-28,0.15274417919669583,C,50000.0,62354.8,13012.835059412,12782.734,13219.2176,0.4899,0.0
BTC,2027-03-26,0.7280866449501204,C,84000.0,63837.39,3118.9161307080003,3064.19472,3191.8695000000002,0.40909999999999996,0.0
BTC,2026-07-04,0.0020592476898465247,C,58000.0,62059.19,4063.3149151877,1985.89408,6050.771025,0.5094,0.0
BTC,2027-06-25,0.9774017134432711,C,160000.0,64506.93,324.68853639270003,283.830492,354.788115,0.4476,31.0
BTC,2026-09-25,0.2294565079638191,P,86000.0,62559.05,23620.307276619504,20613.206975,27088.06865,0.36719999999999997,0.0
BTC,2026-09-25,0.2294565079638191,C,68000.0,62559.05,2360.423022636,2314.68485,2377.2439,0.3675,41.2
BTC,2026-07-24,0.05685376823779173,P,75000.0,62165.27,12869.7594268757,10319.43482,15665.64804,0.36950000000000005,0.0
BTC,2026-09-25,0.2294565079638191,C,280000.0,62559.05,0.734443247,,18.767715,0.8151,0.0
BTC,2026-12-25,0.4787715764569698,C,230000.0,63204.46,24.6541637122,12.640892000000001,44.243122,0.6354,0.0
BTC,2026-12-25,0.4787715764569698,P,50000.0,63204.46,2560.2748888772,2528.1784000000002,2622.98509,0.47479999999999994,3.7
BTC,2026-07-06,0.007538699744641045,C,61000.0,62059.19,1286.8208871422,1117.06542,1520.4501550000002,0.2827,14.1
BTC,2026-08-28,0.15274417919669583,C,65000.0,62354.8,2460.5827628,2431.8372,2494.192,0.3661,2.2
BTC,2026-07-31,0.07603185042957256,C,120000.0,62190.93,5.1176916297,,6.219093,0.7720999999999999,2.3
BTC,2026-08-28,0.15274417919669583,P,68000.0,62354.8,7095.193063712,6890.205400000001,7295.511600000001,0.35359999999999997,0.2
BTC,2026-08-28,0.15274417919669583,C,76000.0,62354.8,305.072729644,280.59659999999997,311.774,0.34850000000000003,0.7
BTC,2026-07-31,0.07603185042957256,C,63000.0,62190.93,2112.6271359186,2083.396155,2145.587085,0.3627,76.0
BTC,2026-12-25,0.4787715764569698,P,54000.0,63204.41,3585.1658699735003,3507.844755,3665.8557800000003,0.45280000000000004,0.1
BTC,2026-07-04,0.0020592476898465247,C,59500.0,62059.19,2567.2906367798005,2451.338005,2792.66355,0.41009999999999996,0.1
BTC,2026-12-25,0.4787715764569698,P,92000.0,63204.46,29616.0298445,27241.12226,33308.750420000004,0.3969,0.0
BTC,2026-08-28,0.15274417919669583,C,40000.0,62354.8,22521.683286992,20951.2128,24224.8398,0.6256,1.0
BTC,2027-03-26,0.7280866449501204,P,78000.0,63837.39,18516.0739103079,18225.574845,18768.192659999997,0.4119,0.0
BTC,2026-09-25,0.2294565079638191,C,54000.0,62559.05,10334.030626201,8852.105575,12543.089525000001,0.4428,0.0
BTC,2026-12-25,0.4787715764569698,C,108000.0,63204.46,273.5470067462,259.138286,290.740516,0.41229999999999994,0.0
BTC,2026-12-25,0.4787715764569698,P,60000.0,63204.46,5772.5789959618005,5720.00363,5846.41255,0.4288,5.0
BTC,2027-06-25,0.9774017134432711,C,58000.0,64506.94,14393.0484157682,14094.76639,14643.07538,0.4524,0.0
BTC,2026-12-25,0.4787715764569698,P,250000.0,63204.46,186814.18403574298,178362.98612000002,196060.23492,0.6535,0.0
BTC,2026-09-25,0.2294565079638191,C,85000.0,62559.05,201.8511539585,193.933055,218.95667500000002,0.3643,2.0
BTC,2027-03-26,0.7280866449501204,P,190000.0,63837.39,126261.7910806359,119790.862335,133579.738575,0.5146999999999999,0.0
BTC,2026-12-25,0.4787715764569698,C,160000.0,63204.46,56.729795117600005,44.243122,75.84535199999999,0.5213,0.0
BTC,2026-12-25,0.4787715764569698,P,88000.0,63204.46,25925.488558780802,23480.45689,29706.096199999996,0.3969,0.0
BTC,2026-09-25,0.2294565079638191,P,96000.0,62559.05,33514.166796706006,30247.300675000002,37222.63475,0.4061,0.0
BTC,2026-12-25,0.4787715764569698,P,96000.0,63204.41,33394.7933073616,31286.182950000002,37100.98867,0.3979,0.0
BTC,2026-07-31,0.07603185042957256,P,87000.0,62190.93,24816.8944602759,21922.302825,28048.10943,0.44329999999999997,0.0
BTC,2026-07-31,0.07603185042957256,P,67000.0,62190.93,5529.4907384229,5255.1335850000005,5721.56556,0.33740000000000003,0.0
BTC,2026-12-25,0.4787715764569698,C,90000.0,63204.46,963.570954038,916.4646700000001,979.66913,0.3969,0.3
BTC,2027-03-26,0.7280866449501204,C,66000.0,63837.39,8342.7974220414,8266.942005,8426.53548,0.42700000000000005,0.0
BTC,2027-06-25,0.9774017134432711,P,62000.0,64506.93,9764.690728829699,9676.039499999999,9901.813755,0.4434,0.0
BTC,2026-07-17,0.03767568604601091,P,52000.0,62122.49,102.0591751463,93.183735,105.60823299999998,0.5326,6.0
BTC,2026-07-07,0.010278425772038306,C,65000.0,62059.24,53.671933714,49.647392,68.265164,0.2987,68.4
BTC,2026-07-06,0.007538699744641045,P,61500.0,62059.19,335.41254537680004,310.29595,372.35514,0.2702,232.9
BTC,2027-03-26,0.7280866449501204,P,200000.0,63837.39,136244.5876494987,129398.38953,143921.395755,0.5233,0.0
BTC,2027-03-26,0.7280866449501204,C,45000.0,63837.39,21450.279106546503,21162.094785,21768.549990000003,0.49950000000000006,0.0
BTC,2026-07-24,0.05685376823779173,P,61000.0,62165.27,1685.7648442669,1678.46229,1709.544925,0.3791,8.1
BTC,2026-09-25,0.2294565079638191,P,30000.0,62559.05,115.80493422650001,106.350385,118.862195,0.7504000000000001,405.1
BTC,2026-07-17,0.03767568604601091,P,62000.0,62122.49,1675.4025544566,1646.2459849999998,1708.368475,0.3613,0.7
BTC,2027-03-26,0.7280866449501204,C,160000.0,63837.39,157.04572476509998,146.825997,178.744692,0.4729,0.2
BTC,2026-09-25,0.2294565079638191,C,260000.0,62559.1,0.905855768,,12.51182,0.7883,0.0
BTC,2026-07-31,0.07603185042957256,P,69000.0,62190.93,7207.021421331299,6809.906835,7369.625204999999,0.3358,0.2
BTC,2026-07-24,0.05685376823779173,C,54000.0,62165.27,8503.027174217299,7646.32821,9884.27793,0.4754,0.0
BTC,2026-12-25,0.4787715764569698,P,66000.0,63204.46,8791.5912234744,8627.408790000001,8943.431089999998,0.4113,0.2
BTC,2026-07-06,0.007538699744641045,C,55000.0,62059.19,7076.6125386594995,5057.823985,8936.52336,0.5152,0.0
BTC,2026-07-05,0.004798973717243785,C,52000.0,62059.24,10060.195638989198,8160.79006,11822.28522,0.6856,0.0
BTC,2026-09-25,0.2294565079638191,C,82000.0,62559.05,303.450179111,287.77163,312.79525,0.3589,13.6
BTC,2026-07-06,0.007538699744641045,P,56000.0,62059.19,4.1536215867,,12.411838000000001,0.4661,1.1
BTC,2026-07-17,0.03767568604601091,C,55000.0,62122.49,7367.9080904459,6491.800205,8572.903620000001,0.4806,0.0
BTC,2027-03-26,0.7280866449501204,P,92000.0,63837.39,30173.7088815846,26332.923375,35078.645805,0.40869999999999995,0.0
BTC,2026-07-10,0.018497603854230087,P,65000.0,62094.11,3116.2618348121,2887.376115,3322.034885,0.3207,3.4
BTC,2026-12-25,0.4787715764569698,P,190000.0,63204.46,126828.91300465539,120372.89407000001,133961.85297,0.5696,0.0
BTC,2026-12-25,0.4787715764569698,C,35000.0,63204.46,28939.400818415997,28694.82484,29042.449370000002,0.6139,0.0
BTC,2026-12-25,0.4787715764569698,P,160000.0,63204.46,96852.4470861134,91425.25138999999,102960.06534,0.5213,0.0
BTC,2026-07-31,0.07603185042957256,C,86000.0,62190.88,11.069976639999998,6.219088,18.657263999999998,0.44329999999999997,0.0
BTC,2026-12-25,0.4787715764569698,C,120000.0,63204.46,142.95711171719998,139.049812,151.69070399999998,0.4301,12.0
BTC,2026-07-07,0.010278425772038306,P,55000.0,62059.24,11.082539079199998,6.205924,18.617772,0.5179,0.4
BTC,2027-03-26,0.7280866449501204,P,72000.0,63837.34,14227.7350234054,13948.458789999999,14427.23884,0.4179,0.0
BTC,2026-07-04,0.0020592476898465247,C,67000.0,62059.19,0.732298442,,6.205919000000001,0.5699000000000001,3.3
BTC,2026-07-05,0.004798973717243785,P,59000.0,62059.24,8.6454727244,,12.411848,0.3433,38.5
BTC,2026-07-10,0.018497603854230087,P,68000.0,62094.11,5936.8495250961,3632.505435,8444.79896,0.3455,1.0
BTC,2026-07-31,0.07603185042957256,P,89000.0,62190.93,26819.8603293255,23819.12619,30100.41012,0.48460000000000003,0.0
BTC,2026-07-07,0.010278425772038306,C,67000.0,62059.24,13.2887450612,6.205924,18.617772,0.3519,1.5
BTC,2026-07-24,0.05685376823779173,P,58000.0,62165.27,843.0822834764999,808.1485099999999,870.31378,0.41409999999999997,4.2
BTC,2026-07-10,0.018497603854230087,P,58000.0,62094.11,224.8086205495,217.329385,242.16702899999999,0.4384,272.3
BTC,2026-12-25,0.4787715764569698,C,150000.0,63204.46,66.14157125620001,50.563568000000004,88.486244,0.49920000000000003,0.0
BTC,2026-07-17,0.03767568604601091,C,64000.0,62122.49,880.996304184,869.71486,931.8373499999999,0.3385,87.2
BTC,2027-03-26,0.7280866449501204,P,58000.0,63837.39,6541.730156510999,6479.4950850000005,6639.088559999999,0.445,0.0
BTC,2026-07-17,0.03767568604601091,P,63000.0,62122.49,2164.2562315397,2143.2259050000002,2205.3483949999995,0.3488,4.6
BTC,2026-08-28,0.15274417919669583,P,54000.0,62354.8,1155.0702919680002,1122.3863999999999,1184.7412,0.44530000000000003,3.9
BTC,2026-08-28,0.15274417919669583,C,81000.0,62354.8,116.585393108,106.00316,118.47412,0.3569,0.5
BTC,2026-07-10,0.018497603854230087,C,64000.0,62094.11,404.61391393540003,372.56466,434.65877,0.3234,75.9
BTC,2026-07-31,0.07603185042957256,P,59000.0,62190.93,1374.7143380082,1368.20046,1399.295925,0.40130000000000005,2.9
BTC,2026-07-17,0.03767568604601091,C,62000.0,62122.49,1798.2317629095,1770.490965,1832.613455,0.3613,34.0
BTC,2026-07-05,0.004798973717243785,P,65000.0,62059.24,2951.7329410059997,806.7701199999999,5306.06502,0.33240000000000003,0.3
BTC,2026-07-07,0.010278425772038306,C,62000.0,62059.24,816.5767211048,806.7701199999999,868.82936,0.3107,0.2
BTC,2026-08-28,0.15274417919669583,C,95000.0,62354.8,28.96068686,18.70644,43.648360000000004,0.4365,0.3
BTC,2027-06-25,0.9774017134432711,C,100000.0,64506.94,2390.572365501,2289.99637,2483.51719,0.41600000000000004,0.2
BTC,2026-07-17,0.03767568604601091,P,65000.0,62122.49,3459.9816577388,2702.3283149999997,5280.41165,0.3321,0.0
BTC,2026-07-17,0.03767568604601091,C,57000.0,62122.49,5540.8427950278,4566.003014999999,7081.96386,0.4404,0.0
BTC,2026-07-05,0.004798973717243785,P,54000.0,62059.24,0.23830748159999998,,12.411848,0.597,2.0
BTC,2026-07-05,0.004798973717243785,P,60000.0,62059.24,29.1746693164,24.823696,37.235544,0.303,2092.9
BTC,2026-09-25,0.2294565079638191,C,88000.0,62559.1,145.909716885,137.63002,156.39775,0.37450000000000006,0.0
BTC,2026-12-25,0.4787715764569698,C,66000.0,63204.46,5995.9783200548,5941.21924,6036.02593,0.4113,5.4
BTC,2026-12-25,0.4787715764569698,C,102000.0,63204.46,396.5909212958,347.62453,442.43122,0.4042,0.0
BTC,2026-08-28,0.15274417919669583,C,69000.0,62354.8,1201.688611092,1153.5638,1247.096,0.3508,7.3
BTC,2027-03-26,0.7280866449501204,C,104000.0,63837.39,1066.6366064234999,1021.39824,1117.1543250000002,0.4121,0.0
BTC,2026-08-28,0.15274417919669583,P,95000.0,62354.8,32673.368348404005,29431.4656,36228.1388,0.4365,0.0
BTC,2026-12-25,0.4787715764569698,C,170000.0,63204.41,43.4334385079,31.602205,63.20441,0.5345,0.0
BTC,2026-07-05,0.004798973717243785,P,61500.0,62059.24,204.4405131472,198.589568,229.619188,0.2504,121.5
BTC,2026-09-25,0.2294565079638191,C,65000.0,62559.1,3486.573789568,3440.7505,3534.5891500000002,0.37829999999999997,30.6
BTC,2026-07-04,0.0020592476898465247,C,62000.0,62059.19,347.5916614143,341.325545,372.35514,0.2808,51.0
BTC,2027-03-26,0.7280866449501204,P,130000.0,63837.39,66509.1928813914,61890.349605,71976.657225,0.4336,0.0
BTC,2026-07-06,0.007538699744641045,P,55000.0,62059.19,2.7188131139000005,,12.411838000000001,0.5152,0.3
BTC,2027-03-26,0.7280866449501204,P,80000.0,63837.39,20059.7054099331,19598.07873,20332.208715,0.4107,0.0
BTC,2026-08-28,0.15274417919669583,C,62000.0,62354.8,3884.47956272,3834.8202,3928.3524,0.3824,52.9
BTC,2026-07-07,0.010278425772038306,P,61500.0,62059.24,546.9324262667999,527.50354,589.56278,0.3207,10.3
BTC,2026-09-25,0.2294565079638191,C,300000.0,62559.05,0.746955057,,18.767715,0.8497,0.0
BTC,2026-07-24,0.05685376823779173,C,62000.0,62165.27,2259.0598023866,2237.9497199999996,2300.1149899999996,0.3685,2.0
BTC,2027-03-26,0.7280866449501204,C,40000.0,63837.39,25622.5191943674,25343.44383,25822.224255,0.5329,0.0
BTC,2027-06-25,0.9774017134432711,C,64000.0,64506.93,11330.687409351,11224.20582,11449.980075,0.44049999999999995,2.1
BTC,2026-09-25,0.2294565079638191,C,135000.0,62559.1,18.500602643,12.51182,25.02364,0.5718,0.0
BTC,2026-09-25,0.2294565079638191,P,72000.0,62559.05,10780.871778226501,10509.9204,11104.231375,0.35869999999999996,0.0
BTC,2027-03-26,0.7280866449501204,P,85000.0,63837.39,24113.1083660256,20364.12741,28982.17506,0.40880000000000005,0.0
BTC,2026-08-28,0.15274417919669583,C,55000.0,62354.8,8694.822525828002,8511.4302,8979.091199999999,0.4364,0.1
BTC,2026-09-25,0.2294565079638191,P,62000.0,62559.1,4390.05981886,4347.85745,4441.696099999999,0.3925,2.7
BTC,2026-07-31,0.07603185042957256,C,76000.0,62190.88,51.969808871999994,49.752704,62.19088,0.35700000000000004,22.8
BTC,2027-03-26,0.7280866449501204,C,55000.0,63837.39,14204.187616740299,14012.307105,14331.494055000001,0.45409999999999995,0.0
BTC,2027-03-26,0.7280866449501204,C,62000.0,63837.39,10205.7844023762,10118.226315,10309.738485,0.43479999999999996,0.1
BTC,2026-08-28,0.15274417919669583,C,110000.0,62354.8,13.61828832,6.235480000000001,24.941920000000003,0.5221,0.0
BTC,2026-07-31,0.07603185042957256,C,48000.0,62190.93,14339.5101226041,12531.472395,16262.928195,0.55,0.0
BTC,2026-07-07,0.010278425772038306,C,61500.0,62059.24,1120.2338236096,1086.0367,1210.15518,0.3207,5.1
BTC,2027-06-25,0.9774017134432711,P,150000.0,64506.94,85893.3051190072,80569.16806000001,92244.9242,0.43700000000000006,0.0
BTC,2026-09-25,0.2294565079638191,P,120000.0,62559.1,57468.581578215,56522.14685,57961.00615,0.5154,0.0
BTC,2027-06-25,0.9774017134432711,C,52000.0,64506.93,18060.248383226102,17707.152285,18384.475049999997,0.46990000000000004,0.0
BTC,2026-08-28,0.15274417919669583,C,94000.0,62354.8,30.1173684,24.941920000000003,43.648360000000004,0.429,0.8
BTC,2026-09-25,0.2294565079638191,C,50000.0,62559.1,13666.037271772999,13481.48605,13825.561099999999,0.4781,0.0
BTC,2026-08-28,0.15274417919669583,C,96000.0,62354.8,28.962557504000003,18.70644,43.648360000000004,0.4458,2.3
BTC,2026-07-31,0.07603185042957256,C,75000.0,62190.88,67.45098463039999,62.19088,80.84814399999999,0.3517,110.5
BTC,2026-09-25,0.2294565079638191,C,96000.0,62559.05,73.155301889,62.559050000000006,87.58267000000001,0.4061,25.0
BTC,2027-03-26,0.7280866449501204,C,112000.0,63837.39,718.3659799134,670.292595,766.04868,0.41619999999999996,0.1
BTC,2027-03-26,0.7280866449501204,C,82000.0,63837.39,3486.7586626182,3447.21906,3542.975145,0.40979999999999994,12.0
BTC,2026-07-04,0.0020592476898465247,P,59000.0,62059.19,1.6358802484,,6.205919000000001,0.4266,115.9
BTC,2026-07-31,0.07603185042957256,C,108000.0,62190.93,5.1643348272,,6.219093,0.6612,0.0
BTC,2026-09-25,0.2294565079638191,C,55000.0,62559.05,9555.984346941501,9383.8575,9727.932275000001,0.4351,0.0
BTC,2026-07-17,0.03767568604601091,P,48000.0,62122.49,36.9461084777,31.061245,43.485743,0.6183,61.6
BTC,2026-07-31,0.07603185042957256,C,68000.0,62190.93,542.0300256894001,497.52744,559.7183699999999,0.3371,452.8
BTC,2026-07-31,0.07603185042957256,C,100000.0,62190.93,5.2265257572,,12.438186,0.5789,0.1
BTC,2026-12-25,0.4787715764569698,P,74000.0,63204.41,14108.8562498662,13873.367995,14347.401070000002,0.3986,0.0
BTC,2027-06-25,0.9774017134432711,C,45000.0,64506.94,23040.5094856638,22674.18941,23319.25881,0.4982,1.0
BTC,2026-09-25,0.2294565079638191,C,74000.0,62559.1,1014.249418206,969.6660499999999,1032.22515,0.35869999999999996,51.0
BTC,2026-07-31,0.07603185042957256,C,64000.0,62190.93,1656.7887639347998,1648.059645,1679.15511,0.354,232.4
BTC,2026-07-05,0.004798973717243785,P,64000.0,62059.24,1969.7832395187997,744.71088,4282.08756,0.2816,0.0
BTC,2027-06-25,0.9774017134432711,C,54000.0,64506.94,16771.7037691736,16417.01623,17094.3391,0.46340000000000003,0.0
BTC,2026-12-25,0.4787715764569698,C,84000.0,63204.46,1544.3131259006,1485.30481,1548.50927,0.39659999999999995,1.8
BTC,2026-07-10,0.018497603854230087,P,72000.0,62094.11,9917.304893951,7482.340255,12574.057275000001,0.45409999999999995,0.0
BTC,2026-07-05,0.004798973717243785,C,53000.0,62059.24,9060.3958383008,7167.84222,10891.39662,0.6731999999999999,0.0
BTC,2026-08-28,0.15274417919669583,C,85000.0,62354.8,64.406896468,56.11932,74.82576,0.3734,1.0
BTC,2026-09-25,0.2294565079638191,P,76000.0,62559.05,14195.653143343001,13825.550050000002,14576.258650000002,0.3579,0.0
BTC,2026-08-28,0.15274417919669583,C,98000.0,62354.8,27.591999,18.70644,37.41288,0.46149999999999997,8.4
BTC,2026-07-05,0.004798973717243785,P,57000.0,62059.24,2.5829055687999998,,6.205924,0.46740000000000004,29.1
BTC,2026-09-25,0.2294565079638191,P,54000.0,62559.1,1775.016244713,1720.37525,1814.2139,0.4428,24.1
BTC,2026-08-28,0.15274417919669583,C,100000.0,62354.8,20.819644172,18.70644,31.177400000000002,0.4646,1.5
BTC,2026-12-25,0.4787715764569698,C,76000.0,63204.46,2844.4092747180002,2812.59847,2907.40516,0.3972,0.0
BTC,2026-07-05,0.004798973717243785,C,64000.0,62059.24,30.1216933188,24.823696,37.235544,0.2816,34.8
BTC,2027-06-25,0.9774017134432711,P,86000.0,64506.93,25852.324288418098,21803.342340000003,31221.35412,0.41729999999999995,0.0
BTC,2026-08-28,0.15274417919669583,C,82000.0,62354.8,98.64217586,87.29672000000001,99.76768000000001,0.3602,0.3
BTC,2026-12-25,0.4787715764569698,C,104000.0,63204.46,346.5772320978,316.02230000000003,379.22676,0.40619999999999995,0.0
BTC,2026-09-25,0.2294565079638191,C,66000.0,62559.1,3077.159513164,3034.1163500000002,3127.955,0.3746,22.1
BTC,2026-09-25,0.2294565079638191,P,155000.0,62559.1,92449.508919134,87207.3854,98155.2279,0.6158,0.0
BTC,2026-07-05,0.004798973717243785,P,55000.0,62059.24,0.2463751828,,18.617772,0.5245000000000001,2.0
BTC,2026-09-25,0.2294565079638191,C,105000.0,62559.1,47.721332662,43.79137,62.5591,0.4509,400.0
BTC,2026-07-31,0.07603185042957256,C,71000.0,62190.93,213.799979154,192.79188299999998,205.230069,0.337,118.8
BTC,2026-12-25,0.4787715764569698,C,88000.0,63204.46,1129.8511435398,1074.47582,1137.6802799999998,0.3969,0.0
BTC,2026-07-17,0.03767568604601091,C,58000.0,62122.49,4679.31443676,4472.81928,4907.67671,0.42340000000000005,0.0
BTC,2027-06-25,0.9774017134432711,P,56000.0,64506.93,7042.0035146766,6966.74844,7192.522695000001,0.4576,0.0
BTC,2026-07-10,0.018497603854230087,C,72000.0,62094.11,11.345214838099999,6.209411,18.628232999999998,0.45409999999999995,20.2
BTC,2027-03-26,0.7280866449501204,P,105000.0,63837.39,42174.3300202272,38110.92183,47207.749905000004,0.41229999999999994,0.0
BTC,2026-08-28,0.15274417919669583,P,80000.0,62354.8,17780.392029404004,14996.3294,20982.3902,0.35259999999999997,0.0
BTC,2026-07-07,0.010278425772038306,P,66000.0,62059.24,3946.5313875427996,1737.65872,6361.072099999999,0.31370000000000003,0.0
BTC,2026-07-31,0.07603185042957256,C,54000.0,62190.88,8691.909954292798,7556.191919999999,10168.20888,0.46299999999999997,0.0
BTC,2026-08-28,0.15274417919669583,P,52000.0,62354.8,871.741304632,841.7898,904.1446000000001,0.467,1.4
BTC,2026-09-25,0.2294565079638191,P,82000.0,62559.1,19744.468356255,19299.48235,20175.30975,0.3589,0.0
BTC,2027-03-26,0.7280866449501204,P,112000.0,63837.39,48880.5372120732,44750.010389999996,54006.431939999995,0.41619999999999996,0.0
BTC,2026-07-04,0.0020592476898465247,C,59000.0,62059.19,3064.3313777764,2730.60436,3413.25545,0.4266,0.7
BTC,2026-07-31,0.07603185042957256,C,82000.0,62190.93,19.8706240443,12.438186,24.876372,0.41200000000000003,0.1
BTC,2026-12-25,0.4787715764569698,C,58000.0,63204.46,10180.768370260399,10017.90691,10333.92921,0.4374,0.1
BTC,2026-07-31,0.07603185042957256,P,65000.0,62190.93,4086.435409347,3918.02859,4260.078705,0.34729999999999994,1.0
BTC,2026-08-28,0.15274417919669583,P,65000.0,62354.8,5105.240636488,5019.5614000000005,5175.4484,0.3661,0.0
BTC,2026-09-25,0.2294565079638191,P,66000.0,62559.1,6518.1546192450005,6381.0282,6631.2645999999995,0.3746,0.0
BTC,2026-07-07,0.010278425772038306,C,69000.0,62059.24,6.5342173796,,12.411848,0.4254,0.0
BTC,2027-06-25,0.9774017134432711,C,90000.0,64506.93,3659.6110231758003,3580.134615,3741.40194,0.41609999999999997,0.1
BTC,2026-12-25,0.4787715764569698,C,85000.0,63204.41,1431.4376765775,1358.8948149999999,1422.099225,0.3969,8.1
BTC,2026-07-04,0.0020592476898465247,C,64000.0,62059.19,17.1488159727,12.411838000000001,24.823676000000003,0.384,189.6
BTC,2026-12-25,0.4787715764569698,P,98000.0,63204.46,35316.3724631278,32897.921429999995,39060.35628,0.39990000000000003,0.0
BTC,2026-07-10,0.018497603854230087,P,57000.0,62094.11,150.2578111424,142.816453,161.444686,0.4631,45.0
BTC,2026-07-05,0.004798973717243785,P,67000.0,62059.24,4949.386985208799,2699.57694,7447.108799999999,0.4947,0.0
BTC,2027-03-26,0.7280866449501204,C,78000.0,63837.39,4353.769366772701,4309.023825,4404.77991,0.4119,9.1
BTC,2026-08-28,0.15274417919669583,P,90000.0,62354.8,27684.785436592,24661.3234,31115.0452,0.40409999999999996,0.0
BTC,2026-07-04,0.0020592476898465247,P,58500.0,62059.19,0.7378837691,,6.205919000000001,0.4536,51.3
BTC,2026-08-28,0.15274417919669583,P,85000.0,62354.8,22708.89796206,19828.8264,25970.7742,0.3734,0.0
BTC,2026-09-25,0.2294565079638191,P,200000.0,62559.1,137445.519451098,130685.9599,144761.7574,0.7281,0.0
BTC,2026-08-28,0.15274417919669583,C,68000.0,62354.8,1450.560335948,1402.983,1496.5152,0.35359999999999997,5.5
BTC,2026-08-28,0.15274417919669583,C,52000.0,62354.8,11226.974880972,11005.6222,11535.638,0.467,0.0
BTC,2026-12-25,0.4787715764569698,C,78000.0,63204.46,2436.0623238621997,2401.76948,2496.57617,0.3961,53.2
BTC,2026-07-24,0.05685376823779173,P,59000.0,62165.27,1069.5391723379,1056.80959,1087.892225,0.4022,0.4
BTC,2026-09-25,0.2294565079638191,P,85000.0,62559.1,22642.873999443,22020.8032,22990.46925,0.3643,0.0
BTC,2026-07-04,0.0020592476898465247,C,54000.0,62059.19,8062.409118787701,6112.830215000001,9867.41121,0.7523000000000001,0.0
BTC,2026-08-28,0.15274417919669583,C,54000.0,62354.8,9510.320424408,9322.0426,9727.3488,0.44530000000000003,0.0
BTC,2026-07-07,0.010278425772038306,C,60000.0,62059.24,2291.124743054,1737.65872,3599.43592,0.3643,0.0
BTC,2026-07-31,0.07603185042957256,C,106000.0,62190.93,5.1730415574,,6.219093,0.6413,0.0
BTC,2026-07-31,0.07603185042957256,P,62000.0,62190.93,2441.5829506071,2425.44627,2456.5417350000002,0.3714,38.6
BTC,2026-07-24,0.05685376823779173,P,57000.0,62165.27,669.712670237,652.735335,683.81797,0.4286,0.7
BTC,2026-07-04,0.0020592476898465247,P,65000.0,62059.19,2946.2823865584,806.76947,5337.09034,0.4876,0.0
BTC,2026-07-24,0.05685376823779173,C,60000.0,62165.27,3510.9091970954,3388.0072149999996,3698.8335649999995,0.39,0.0
BTC,2026-07-05,0.004798973717243785,P,63500.0,62059.24,1495.9199830204,372.35544,3785.6136399999996,0.2623,0.0
BTC,2026-07-17,0.03767568604601091,P,60000.0,62122.49,974.6378819353,962.898595,993.95984,0.39030000000000004,12.2
BTC,2026-12-25,0.4787715764569698,P,95000.0,63204.46,32442.822772126798,31981.45676,32929.52366,0.3975,0.0
BTC,2026-07-24,0.05685376823779173,C,59000.0,62165.27,4235.3080336987,3139.3461350000002,5719.204839999999,0.4022,2.0
