date,T,K,F,k,iv,mid,type,spot,weight
2023-01-04,0.0228311,13000,16841.7,-0.258909,0.7437,,P,16841.7,62.6501
2023-01-04,0.0228311,14500,16841.7,-0.14971,0.5388,,P,16841.7,173.536
2023-01-04,0.0228311,15000,16841.7,-0.115808,0.5087,,P,16841.7,307.724
2023-01-04,0.0228311,16000,16841.7,-0.0512698,0.406,,P,16841.7,697.512
2023-01-04,0.0228311,17000,16841.7,0.00935479,0.3654,,C,16841.7,1005.06
2023-01-04,0.0228311,18000,16841.7,0.0665132,0.3903,,C,16841.7,555.391
2023-01-04,0.0228311,19000,16841.7,0.12058,0.4782,,C,16841.7,267.749
2023-01-04,0.0228311,21000,16841.7,0.220664,0.6481,,C,16841.7,89.4094
2023-01-04,0.0420091,12000,16823.2,-0.337853,0.7267,,P,16823.2,88.4422
2023-01-04,0.0420091,14000,16823.2,-0.183702,0.5376,,P,16823.2,312.163
2023-01-04,0.0420091,15000,16823.2,-0.114709,0.4772,,P,16823.2,652.202
2023-01-04,0.0420091,16000,16823.2,-0.0501708,0.3959,,P,16823.2,1107.2
2023-01-04,0.0420091,17500,16823.2,0.0394414,0.3589,,C,16823.2,1214.33
2023-01-04,0.0420091,19000,16823.2,0.121679,0.4262,,C,16823.2,553.57
2023-01-04,0.0420091,21000,16823.2,0.221763,0.5256,,C,16823.2,184.427
2023-01-04,0.0420091,23000,16823.2,0.312735,0.6301,,C,16823.2,85.5374
2023-01-04,0.0611872,12000,16818.7,-0.337588,0.6002,,P,16818.7,105.391
2023-01-04,0.0611872,14000,16818.7,-0.183437,0.5368,,P,16818.7,581.866
2023-01-04,0.0611872,15000,16818.7,-0.114444,0.471,,P,16818.7,965.873
2023-01-04,0.0611872,17000,16818.7,0.0107192,0.3888,,C,16818.7,1656.39
2023-01-04,0.0611872,18000,16818.7,0.0678776,0.3853,,C,16818.7,1330.88
2023-01-04,0.0611872,20000,16818.7,0.173238,0.4618,,C,16818.7,572.158
2023-01-04,0.0611872,21000,16818.7,0.222028,0.4698,,C,16818.7,298.441
2023-01-04,0.0611872,23000,16818.7,0.313,0.5864,,C,16818.7,188.694
2023-01-04,0.1379,12000,16839.2,-0.338805,0.6404,,P,16839.2,757.927
2023-01-04,0.1379,13000,16839.2,-0.258762,0.5933,,P,16839.2,1093.09
2023-01-04,0.1379,15000,16839.2,-0.115661,0.5075,,P,16839.2,1941.7
2023-01-04,0.1379,16000,16839.2,-0.0511227,0.4767,,P,16839.2,2323.28
2023-01-04,0.1379,18000,16839.2,0.0666603,0.4171,,C,16839.2,2344.05
2023-01-04,0.1379,19000,16839.2,0.120728,0.428,,C,16839.2,1979.56
2023-01-04,0.1379,21000,16839.2,0.220811,0.469,,C,16839.2,1242.41
2023-01-04,0.1379,22000,16839.2,0.267331,0.4895,,C,16839.2,962.962
2023-01-04,0.23379,12000,16816.8,-0.337473,0.6248,,P,16816.8,1451.64
2023-01-04,0.23379,14000,16816.8,-0.183322,0.5784,,P,16816.8,2364.33
2023-01-04,0.23379,15000,16816.8,-0.11433,0.5376,,P,16816.8,2757.81
2023-01-04,0.23379,17000,16816.8,0.0108336,0.5,,C,16816.8,3234.52
2023-01-04,0.23379,18000,16816.8,0.067992,0.489,,C,16816.8,3197.71
2023-01-04,0.23379,20000,16816.8,0.173353,0.4937,,C,16816.8,2698.37
2023-01-04,0.23379,21000,16816.8,0.222143,0.4919,,C,16816.8,2327.06
2023-01-04,0.23379,23000,16816.8,0.313114,0.5251,,C,16816.8,1759.15
2023-01-04,0.483105,12000,16841.1,-0.338914,0.6183,,P,16841.1,2822.48
2023-01-04,0.483105,14000,16841.1,-0.184763,0.5963,,P,16841.1,3773.12
2023-01-04,0.483105,15000,16841.1,-0.11577,0.5683,,P,16841.1,4140.36
2023-01-04,0.483105,17000,16841.1,0.00939268,0.5624,,C,16841.1,4601.71
2023-01-04,0.483105,18000,16841.1,0.0665511,0.5554,,C,16841.1,4668.83
2023-01-04,0.483105,20000,16841.1,0.171912,0.5622,,C,16841.1,4532.24
2023-01-04,0.483105,21000,16841.1,0.220702,0.5555,,C,16841.1,4346.92
2023-01-04,0.483105,23000,16841.1,0.311674,0.5498,,C,16841.1,3842.44
2023-01-04,0.73242,12000,16873.4,-0.340831,0.6397,,P,16873.4,3855.22
2023-01-04,0.73242,13000,16873.4,-0.260788,0.6272,,P,16873.4,4334.75
2023-01-04,0.73242,14000,16873.4,-0.18668,0.6137,,P,16873.4,4759.34
2023-01-04,0.73242,15000,16873.4,-0.117687,0.6024,,P,16873.4,5119.09
2023-01-04,0.73242,17000,16873.4,0.00747607,0.591,,C,16873.4,5599.9
2023-01-04,0.73242,20000,16873.4,0.169995,0.573,,C,16873.4,5731.35
2023-01-04,0.73242,21000,16873.4,0.218785,0.5847,,C,16873.4,5661.05
2023-01-04,0.73242,22000,16873.4,0.265305,0.5862,,C,16873.4,5542.57
2023-01-04,0.981735,12000,16687.7,-0.329764,0.6388,,P,16687.7,4645.2
2023-01-04,0.981735,17000,16687.7,0.0185429,0.6002,,C,16687.7,6366.77
2023-01-04,0.981735,19000,16687.7,0.129769,0.6031,,C,16687.7,6574.4
2023-01-04,0.981735,20000,16687.7,0.181062,0.5874,,C,16687.7,6595.01
2023-01-11,0.0228311,13000,17931.3,-0.321599,0.8785,,P,17931.3,48.797
2023-01-11,0.0228311,14500,17931.3,-0.2124,0.6596,,P,17931.3,100.208
2023-01-11,0.0228311,15500,17931.3,-0.145708,0.6026,,P,17931.3,279.005
2023-01-11,0.0228311,16500,17931.3,-0.083188,0.4825,,P,17931.3,540.398
2023-01-11,0.0228311,17500,17931.3,-0.0243475,0.4442,,P,17931.3,999.261
2023-01-11,0.0228311,18500,17931.3,0.0312224,0.4342,,C,17931.3,979.833
2023-01-11,0.0228311,20000,17931.3,0.109184,0.5092,,C,17931.3,416.757
2023-01-11,0.0228311,22000,17931.3,0.204494,0.7319,,C,17931.3,216.294
2023-01-11,0.0420091,13000,17950.1,-0.322645,0.6998,,P,17950.1,99.2404
2023-01-11,0.0420091,15000,17950.1,-0.179544,0.5793,,P,17950.1,426.94
2023-01-11,0.0420091,16500,17950.1,-0.0842335,0.4333,,P,17950.1,896.568
2023-01-11,0.0420091,17500,17950.1,-0.025393,0.4247,,P,17950.1,1387.53
2023-01-11,0.0420091,18500,17950.1,0.0301768,0.4374,,C,17950.1,1406.57
2023-01-11,0.0420091,20000,17950.1,0.108138,0.4619,,C,17950.1,805.982
2023-01-11,0.0420091,23000,17950.1,0.2479,0.6305,,C,17950.1,263.32
2023-01-11,0.0420091,25000,17950.1,0.331282,0.7433,,C,17950.1,162.384
2023-01-11,0.118721,13000,17990.2,-0.32488,0.6293,,P,17990.2,680.197
2023-01-11,0.118721,14000,17990.2,-0.250772,0.5485,,P,17990.2,900.526
2023-01-11,0.118721,16000,17990.2,-0.11724,0.467,,P,17990.2,1782.66
2023-01-11,0.118721,17000,17990.2,-0.0566157,0.4399,,P,17990.2,2235.5
2023-01-11,0.118721,19000,17990.2,0.0546099,0.4345,,C,17990.2,2371.16
2023-01-11,0.118721,20000,17990.2,0.105903,0.439,,C,17990.2,2034.81
2023-01-11,0.118721,22000,17990.2,0.201213,0.467,,C,17990.2,1247.23
2023-01-11,0.118721,24000,17990.2,0.288225,0.5171,,C,17990.2,768.823
2023-01-11,0.214612,13000,17923.9,-0.321186,0.5986,,P,17923.9,1428.73
2023-01-11,0.214612,15000,17923.9,-0.178085,0.5157,,P,17923.9,2278.98
2023-01-11,0.214612,16000,17923.9,-0.113547,0.4807,,P,17923.9,2731.28
2023-01-11,0.214612,18000,17923.9,0.00423623,0.4634,,C,17923.9,3299.92
2023-01-11,0.214612,20000,17923.9,0.109597,0.454,,C,17923.9,3038.11
2023-01-11,0.214612,22000,17923.9,0.204907,0.4635,,C,17923.9,2314.26
2023-01-11,0.214612,23000,17923.9,0.249359,0.4928,,C,17923.9,2053.16
2023-01-11,0.214612,25000,17923.9,0.33274,0.5179,,C,17923.9,1484.71
2023-01-11,0.463927,13000,17631.4,-0.304732,0.5743,,P,17631.4,2979.61
2023-01-11,0.463927,15000,17631.4,-0.161632,0.5356,,P,17631.4,3939.79
2023-01-11,0.463927,16000,17631.4,-0.0970931,0.5289,,P,17631.4,4330.31
2023-01-11,0.463927,18000,17631.4,0.02069,0.512,,C,17631.4,4759.36
2023-01-11,0.463927,20000,17631.4,0.12605,0.5056,,C,17631.4,4701.79
2023-01-11,0.463927,22000,17631.4,0.221361,0.5022,,C,17631.4,4277.58
2023-01-11,0.463927,23000,17631.4,0.265812,0.5007,,C,17631.4,3980.26
2023-01-11,0.463927,25000,17631.4,0.349194,0.5106,,C,17631.4,3394.43
2023-01-11,0.713242,13000,17610.7,-0.30356,0.5824,,P,17610.7,4088.32
2023-01-11,0.713242,14000,17610.7,-0.229452,0.5696,,P,17610.7,4586.86
2023-01-11,0.713242,16000,17610.7,-0.0959206,0.5534,,P,17610.7,5388.56
2023-01-11,0.713242,18000,17610.7,0.0218624,0.5513,,C,17610.7,5831.86
2023-01-11,0.713242,20000,17610.7,0.127223,0.5449,,C,17610.7,5927.06
2023-01-11,0.713242,21000,17610.7,0.176013,0.5425,,C,17610.7,5862.5
2023-01-11,0.713242,22000,17610.7,0.222533,0.5458,,C,17610.7,5747.57
2023-01-11,0.713242,24000,17610.7,0.309544,0.5406,,C,17610.7,5362.76
2023-01-11,0.962557,16000,17687.1,-0.100247,0.5696,,P,17687.1,6231.18
2023-01-11,0.962557,18000,17687.1,0.0175362,0.5763,,C,17687.1,6706.94
2023-01-11,0.962557,20000,17687.1,0.122897,0.5478,,C,17687.1,6917.22
2023-01-11,0.962557,21000,17687.1,0.171687,0.5596,,C,17687.1,6917.72
2023-01-11,0.962557,25000,17687.1,0.34604,0.5622,,C,17687.1,6507.87
2023-01-18,0.0228311,15000,20751.2,-0.324555,1.0677,,P,20751.2,140.118
2023-01-18,0.0228311,16500,20751.2,-0.229245,0.8331,,P,20751.2,212.036
2023-01-18,0.0228311,18000,20751.2,-0.142233,0.7156,,P,20751.2,489.726
2023-01-18,0.0228311,19500,20751.2,-0.0621907,0.6087,,P,20751.2,963.763
2023-01-18,0.0228311,20500,20751.2,-0.0121803,0.5767,,P,20751.2,1230.03
2023-01-18,0.0228311,22000,20751.2,0.0584373,0.5951,,C,20751.2,1041.73
2023-01-18,0.0228311,24000,20751.2,0.145449,0.6644,,C,20751.2,470.369
2023-01-18,0.0228311,28000,20751.2,0.299599,0.84,,C,20751.2,89.4321
2023-01-18,0.0420091,15000,20801.1,-0.326954,0.8264,,P,20801.1,223.364
2023-01-18,0.0420091,16500,20801.1,-0.231643,0.7661,,P,20801.1,508.679
2023-01-18,0.0420091,18000,20801.1,-0.144632,0.6698,,P,20801.1,906.192
2023-01-18,0.0420091,19500,20801.1,-0.0645893,0.6125,,P,20801.1,1439.81
2023-01-18,0.0420091,21500,20801.1,0.0330492,0.6054,,C,20801.1,1665.73
2023-01-18,0.0420091,23000,20801.1,0.10049,0.6308,,C,20801.1,1319.47
2023-01-18,0.0420091,26000,20801.1,0.223093,0.7479,,C,20801.1,657.51
2023-01-18,0.0420091,29000,20801.1,0.332292,0.8613,,C,20801.1,340.212
2023-01-18,0.0995434,15000,20841.5,-0.328898,0.7344,,P,20841.5,807.22
2023-01-18,0.0995434,17000,20841.5,-0.203734,0.6544,,P,20841.5,1448.28
2023-01-18,0.0995434,18000,20841.5,-0.146576,0.6255,,P,20841.5,1841.26
2023-01-18,0.0995434,20000,20841.5,-0.0412155,0.5852,,P,20841.5,2495.89
2023-01-18,0.0995434,21000,20841.5,0.00757466,0.5885,,C,20841.5,2619.74
2023-01-18,0.0995434,23000,20841.5,0.0985464,0.6046,,C,20841.5,2400.57
2023-01-18,0.0995434,24000,20841.5,0.141106,0.618,,C,20841.5,2156.24
2023-01-18,0.0995434,28000,20841.5,0.295257,0.6941,,C,20841.5,1217.95
2023-01-18,0.195434,15000,20986.2,-0.335814,0.6675,,P,20986.2,1619.84
2023-01-18,0.195434,17000,20986.2,-0.210651,0.6199,,P,20986.2,2455.96
2023-01-18,0.195434,19000,20986.2,-0.099425,0.5972,,P,20986.2,3252.17
2023-01-18,0.195434,21000,20986.2,0.000658477,0.584,,C,20986.2,3671.69
2023-01-18,0.195434,23000,20986.2,0.0916303,0.5919,,C,20986.2,3613.23
2023-01-18,0.195434,25000,20986.2,0.175012,0.6057,,C,20986.2,3233.64
2023-01-18,0.195434,27000,20986.2,0.251973,0.6178,,C,20986.2,2717.58
2023-01-18,0.195434,29000,20986.2,0.323432,0.6302,,C,20986.2,2196.35
2023-01-18,0.444749,15000,21111.8,-0.341781,0.6122,,P,21111.8,3266.25
2023-01-18,0.444749,17000,21111.8,-0.216618,0.5956,,P,21111.8,4258.99
2023-01-18,0.444749,19000,21111.8,-0.105393,0.5794,,P,21111.8,5039.03
2023-01-18,0.444749,21000,21111.8,-0.00530904,0.5764,,P,21111.8,5498.91
2023-01-18,0.444749,23000,21111.8,0.0856627,0.5821,,C,21111.8,5614.86
2023-01-18,0.444749,25000,21111.8,0.169044,0.5955,,C,21111.8,5473.87
2023-01-18,0.444749,27000,21111.8,0.246005,0.5851,,C,21111.8,5108.99
2023-01-18,0.444749,29000,21111.8,0.317464,0.6054,,C,21111.8,4735.01
2023-01-18,0.694064,16000,21596.1,-0.299925,0.5999,,P,21596.1,5001.44
2023-01-18,0.694064,18000,21596.1,-0.182142,0.5954,,P,21596.1,5940.16
2023-01-18,0.694064,20000,21596.1,-0.0767814,0.587,,P,21596.1,6621.81
2023-01-18,0.694064,21000,21596.1,-0.0279912,0.5843,,P,21596.1,6860.02
2023-01-18,0.694064,22000,21596.1,0.0185288,0.5879,,C,21596.1,7025.47
2023-01-18,0.694064,24000,21596.1,0.10554,0.5786,,C,21596.1,7175.96
2023-01-18,0.694064,25000,21596.1,0.146362,0.5911,,C,21596.1,7168.38
2023-01-18,0.694064,30000,21596.1,0.328684,0.6025,,C,21596.1,6615.62
2023-01-18,0.943379,15000,21260.7,-0.348808,0.626,,P,21260.7,5604.71
2023-01-18,0.943379,16000,21260.7,-0.28427,0.6047,,P,21260.7,6088.44
2023-01-18,0.943379,17000,21260.7,-0.223645,0.5998,,P,21260.7,6559.03
2023-01-18,0.943379,18000,21260.7,-0.166486,0.5944,,P,21260.7,6974.7
2023-01-18,0.943379,22000,21260.7,0.0341842,0.5971,,C,21260.7,8021.2
2023-01-18,0.943379,24000,21260.7,0.121196,0.5853,,C,21260.7,8217.38
2023-01-18,0.943379,25000,21260.7,0.162018,0.5854,,C,21260.7,8238.15
2023-01-18,0.943379,30000,21260.7,0.344339,0.5864,,C,21260.7,7827.49
2023-01-25,0.0228311,16500,23112.1,-0.336994,1.02,,P,23112.1,107.489
2023-01-25,0.0228311,18000,23112.1,-0.249983,0.8416,,P,23112.1,177.707
2023-01-25,0.0228311,20000,23112.1,-0.144623,0.7473,,P,23112.1,569.773
2023-01-25,0.0228311,21500,23112.1,-0.0723019,0.6054,,P,23112.1,982.201
2023-01-25,0.0228311,23500,23112.1,0.0166456,0.6047,,C,23112.1,1380.28
2023-01-25,0.0228311,25000,23112.1,0.078521,0.6554,,C,23112.1,1056.85
2023-01-25,0.0228311,29000,23112.1,0.226941,0.851,,C,23112.1,328.1
2023-01-25,0.0228311,32000,23112.1,0.325381,0.9808,,C,23112.1,146.792
2023-01-25,0.0420091,17000,23160.5,-0.309235,0.7978,,P,23160.5,270.474
2023-01-25,0.0420091,18500,23160.5,-0.224677,0.6964,,P,23160.5,489.101
2023-01-25,0.0420091,20500,23160.5,-0.122023,0.6178,,P,23160.5,1117.66
2023-01-25,0.0420091,22000,23160.5,-0.0514057,0.6026,,P,23160.5,1689.36
2023-01-25,0.0420091,23500,23160.5,0.0145523,0.5784,,C,23160.5,1889.97
2023-01-25,0.0420091,25000,23160.5,0.0764277,0.6002,,C,23160.5,1619.16
2023-01-25,0.0420091,29000,23160.5,0.224848,0.7286,,C,23160.5,680.249
2023-01-25,0.0420091,32000,23160.5,0.323288,0.8095,,C,23160.5,332.356
2023-01-25,0.0803653,17000,23245.3,-0.312889,0.7265,,P,23245.3,705.264
2023-01-25,0.0803653,19000,23245.3,-0.201664,0.6365,,P,23245.3,1267.62
2023-01-25,0.0803653,20000,23245.3,-0.15037,0.6089,,P,23245.3,1662.36
2023-01-25,0.0803653,22000,23245.3,-0.0550601,0.5774,,P,23245.3,2408.79
2023-01-25,0.0803653,24000,23245.3,0.0319513,0.5819,,C,23245.3,2612.73
2023-01-25,0.0803653,26000,23245.3,0.111994,0.6082,,C,23245.3,2243.19
2023-01-25,0.0803653,28000,23245.3,0.186102,0.6445,,C,23245.3,1710.36
2023-01-25,0.0803653,32000,23245.3,0.319633,0.6969,,C,23245.3,829.229
2023-01-25,0.176256,17000,23306,-0.315496,0.659,,P,23306,1723.49
2023-01-25,0.176256,19000,23306,-0.20427,0.6046,,P,23306,2529.08
2023-01-25,0.176256,21000,23306,-0.104187,0.5733,,P,23306,3349.59
2023-01-25,0.176256,23000,23306,-0.0132151,0.5657,,P,23306,3844.54
2023-01-25,0.176256,25000,23306,0.0701665,0.5796,,C,23306,3849.6
2023-01-25,0.176256,27000,23306,0.147128,0.5858,,C,23306,3486.58
2023-01-25,0.176256,29000,23306,0.218586,0.6091,,C,23306,2997.09
2023-01-25,0.176256,32000,23306,0.317027,0.6476,,C,23306,2296.3
2023-01-25,0.425571,17000,23380.3,-0.31868,0.5898,,P,23380.3,3614.47
2023-01-25,0.425571,19000,23380.3,-0.207455,0.5795,,P,23380.3,4634.98
2023-01-25,0.425571,21000,23380.3,-0.107371,0.5702,,P,23380.3,5436.59
2023-01-25,0.425571,23000,23380.3,-0.0163994,0.5636,,P,23380.3,5928.08
2023-01-25,0.425571,24000,23380.3,0.0261602,0.5686,,C,23380.3,6044.73
2023-01-25,0.425571,26000,23380.3,0.106203,0.565,,C,23380.3,6052.07
2023-01-25,0.425571,28000,23380.3,0.180311,0.5738,,C,23380.3,5826.5
2023-01-25,0.425571,30000,23380.3,0.249304,0.5812,,C,23380.3,5453.74
2023-01-25,0.674886,17000,23548.3,-0.325841,0.5844,,P,23548.3,5060.47
2023-01-25,0.674886,18000,23548.3,-0.268683,0.5872,,P,23548.3,5612.34
2023-01-25,0.674886,19000,23548.3,-0.214615,0.5852,,P,23548.3,6096.21
2023-01-25,0.674886,20000,23548.3,-0.163322,0.5752,,P,23548.3,6515.66
2023-01-25,0.674886,22000,23548.3,-0.068012,0.5582,,P,23548.3,7186.61
2023-01-25,0.674886,24000,23548.3,0.0189994,0.5665,,C,23548.3,7576.89
2023-01-25,0.674886,25000,23548.3,0.0598214,0.5685,,C,23548.3,7674.88
2023-01-25,0.674886,30000,23548.3,0.242143,0.5757,,C,23548.3,7430.22
2023-01-25,0.924201,17000,23491.5,-0.323426,0.5888,,P,23491.5,6254.41
2023-01-25,0.924201,18000,23491.5,-0.266268,0.588,,P,23491.5,6782
2023-01-25,0.924201,19000,23491.5,-0.212201,0.5884,,P,23491.5,7255.99
2023-01-25,0.924201,20000,23491.5,-0.160907,0.5842,,P,23491.5,7670.37
2023-01-25,0.924201,22000,23491.5,-0.0655971,0.5431,,P,23491.5,8360.53
2023-01-25,0.924201,25000,23491.5,0.0622363,0.569,,C,23491.5,8895.37
2023-01-25,0.924201,26000,23491.5,0.101457,0.5695,,C,23491.5,8974.42
2023-01-25,0.924201,27000,23491.5,0.139197,0.5784,,C,23491.5,9006.12
2023-02-01,0.0228311,17000,23780.2,-0.33564,0.8869,,P,23780.2,52.5257
2023-02-01,0.0228311,18500,23780.2,-0.251083,0.7964,,P,23780.2,143.124
2023-02-01,0.0228311,20500,23780.2,-0.148429,0.6359,,P,23780.2,403.152
2023-02-01,0.0228311,22000,23780.2,-0.0778113,0.5684,,P,23780.2,913.801
2023-02-01,0.0228311,24000,23780.2,0.00920009,0.5504,,C,23780.2,1430.06
2023-02-01,0.0228311,26000,23780.2,0.0892428,0.6306,,C,23780.2,965.577
2023-02-01,0.0228311,30000,23780.2,0.232344,0.8061,,C,23780.2,260.544
2023-02-01,0.0228311,33000,23780.2,0.327654,0.9131,,C,23780.2,100.421
2023-02-01,0.0420091,17000,23764.1,-0.334961,0.8073,,P,23764.1,211.06
2023-02-01,0.0420091,19500,23764.1,-0.19776,0.6361,,P,23764.1,555.933
2023-02-01,0.0420091,21000,23764.1,-0.123652,0.5659,,P,23764.1,1033.07
2023-02-01,0.0420091,22500,23764.1,-0.0546587,0.5455,,P,23764.1,1675.17
2023-02-01,0.0420091,24000,23764.1,0.00987981,0.5396,,C,23764.1,1942.01
2023-02-01,0.0420091,26000,23764.1,0.0899225,0.5939,,C,23764.1,1544.27
2023-02-01,0.0420091,29000,23764.1,0.199122,0.6811,,C,23764.1,774.252
2023-02-01,0.0420091,33000,23764.1,0.328334,0.7716,,C,23764.1,264.535
2023-02-01,0.0611872,17000,23794.5,-0.33624,0.7521,,P,23794.5,385.926
2023-02-01,0.0611872,19000,23794.5,-0.225015,0.6501,,P,23794.5,785.757
2023-02-01,0.0611872,21000,23794.5,-0.124931,0.5718,,P,23794.5,1489.66
2023-02-01,0.0611872,23000,23794.5,-0.0339596,0.5326,,P,23794.5,2228.29
2023-02-01,0.0611872,24000,23794.5,0.00860003,0.543,,C,23794.5,2348.09
2023-02-01,0.0611872,26000,23794.5,0.0886427,0.5716,,C,23794.5,2011.55
2023-02-01,0.0611872,28000,23794.5,0.162751,0.6047,,C,23794.5,1405.3
2023-02-01,0.0611872,32000,23794.5,0.296282,0.7073,,C,23794.5,646.645
2023-02-01,0.157078,17000,23874.8,-0.33961,0.634,,P,23874.8,1267.86
2023-02-01,0.157078,19000,23874.8,-0.228384,0.5929,,P,23874.8,2085.43
2023-02-01,0.157078,21000,23874.8,-0.128301,0.5546,,P,23874.8,2967.83
2023-02-01,0.157078,23000,23874.8,-0.0373291,0.5401,,P,23874.8,3628.36
2023-02-01,0.157078,25000,23874.8,0.0460525,0.5524,,C,23874.8,3755.75
2023-02-01,0.157078,27000,23874.8,0.123014,0.5701,,C,23874.8,3439.4
2023-02-01,0.157078,29000,23874.8,0.194473,0.5902,,C,23874.8,2924.65
2023-02-01,0.157078,32000,23874.8,0.292913,0.6249,,C,23874.8,2155
2023-02-01,0.23379,17000,23848.9,-0.338525,0.6163,,P,23848.9,2014.76
2023-02-01,0.23379,19000,23848.9,-0.2273,0.5849,,P,23848.9,2943.22
2023-02-01,0.23379,21000,23848.9,-0.127216,0.5577,,P,23848.9,3827.28
2023-02-01,0.23379,23000,23848.9,-0.0362443,0.5517,,P,23848.9,4436.59
2023-02-01,0.23379,24000,23848.9,0.00631529,0.5638,,C,23848.9,4571.01
2023-02-01,0.23379,26000,23848.9,0.086358,0.5669,,C,23848.9,4528.05
2023-02-01,0.23379,28000,23848.9,0.160466,0.575,,C,23848.9,4179.3
2023-02-01,0.23379,32000,23848.9,0.293997,0.6006,,C,23848.9,3158.61
2023-02-01,0.406393,17000,23643.4,-0.329871,0.5989,,P,23643.4,3447.05
2023-02-01,0.406393,19000,23643.4,-0.218645,0.5834,,P,23643.4,4457.13
2023-02-01,0.406393,20000,23643.4,-0.167352,0.5672,,P,23643.4,4888.1
2023-02-01,0.406393,23000,23643.4,-0.0275901,0.5593,,P,23643.4,5819.7
2023-02-01,0.406393,25000,23643.4,0.0557915,0.5612,,C,23643.4,6011.45
2023-02-01,0.406393,27000,23643.4,0.132753,0.5597,,C,23643.4,5901.32
2023-02-01,0.406393,28000,23643.4,0.16912,0.5774,,C,23643.4,5789.24
2023-02-01,0.406393,30000,23643.4,0.238113,0.5763,,C,23643.4,5398.26
2023-02-01,0.655708,17000,23882.7,-0.339943,0.6004,,P,23882.7,4949.22
2023-02-01,0.655708,19000,23882.7,-0.228717,0.5796,,P,23882.7,5945.08
2023-02-01,0.655708,21000,23882.7,-0.128634,0.5624,,P,23882.7,6773.82
2023-02-01,0.655708,25000,23882.7,0.0457198,0.5579,,C,23882.7,7655.51
2023-02-01,0.655708,28000,23882.7,0.159048,0.572,,C,23882.7,7667.18
2023-02-01,0.655708,30000,23882.7,0.228041,0.5858,,C,23882.7,7489.76
2023-02-01,0.905023,18000,23737.2,-0.276671,0.5849,,P,23737.2,6669.56
2023-02-01,0.905023,20000,23737.2,-0.17131,0.5805,,P,23737.2,7586.08
2023-02-01,0.905023,23000,23737.2,-0.0315482,0.5702,,P,23737.2,8533.16
2023-02-01,0.905023,24000,23737.2,0.0110114,0.5821,,C,23737.2,8716.19
2023-02-01,0.905023,25000,23737.2,0.0518334,0.569,,C,23737.2,8872.1
2023-02-01,0.905023,28000,23737.2,0.165162,0.5685,,C,23737.2,9003.33
2023-02-01,0.905023,30000,23737.2,0.234155,0.5715,,C,23737.2,8895.91
2023-02-08,0.0228311,17000,22941.9,-0.299754,0.8865,,P,22941.9,97.1207
2023-02-08,0.0228311,19500,22941.9,-0.162553,0.6414,,P,22941.9,311.97
2023-02-08,0.0228311,21000,22941.9,-0.0884446,0.5485,,P,22941.9,748.047
2023-02-08,0.0228311,22500,22941.9,-0.0194517,0.482,,P,22941.9,1320.69
2023-02-08,0.0228311,23500,22941.9,0.0240334,0.4632,,C,22941.9,1318.72
2023-02-08,0.0228311,25000,22941.9,0.0859088,0.5043,,C,22941.9,764.069
2023-02-08,0.0228311,28000,22941.9,0.199237,0.6458,,C,22941.9,189.796
2023-02-08,0.0228311,31000,22941.9,0.30102,0.7726,,C,22941.9,57.7589
2023-02-08,0.0420091,17000,23000,-0.302281,0.7152,,P,23000,192.368
2023-02-08,0.0420091,20000,23000,-0.139762,0.5664,,P,23000,848.199
2023-02-08,0.0420091,21000,23000,-0.0909715,0.5198,,P,23000,1246.28
2023-02-08,0.0420091,22500,23000,-0.0219786,0.4692,,P,23000,1810.06
2023-02-08,0.0420091,24000,23000,0.0425599,0.4736,,C,23000,1743
2023-02-08,0.0420091,25500,23000,0.103185,0.5035,,C,23000,1199.63
2023-02-08,0.0420091,27000,23000,0.160343,0.5488,,C,23000,736.535
2023-02-08,0.0420091,32000,23000,0.330242,0.6803,,C,23000,133.934
2023-02-08,0.1379,17000,23045.6,-0.30426,0.6309,,P,23045.6,1253.12
2023-02-08,0.1379,19000,23045.6,-0.193035,0.5667,,P,23045.6,2024.19
2023-02-08,0.1379,21000,23045.6,-0.0929513,0.5157,,P,23045.6,2883.68
2023-02-08,0.1379,23000,23045.6,-0.00197954,0.4952,,P,23045.6,3396.16
2023-02-08,0.1379,25000,23045.6,0.0814021,0.497,,C,23045.6,3212.65
2023-02-08,0.1379,27000,23045.6,0.158363,0.5183,,C,23045.6,2622.1
2023-02-08,0.1379,29000,23045.6,0.229822,0.5544,,C,23045.6,2043.07
2023-02-08,0.1379,32000,23045.6,0.328262,0.5956,,C,23045.6,1329.17
2023-02-08,0.214612,17000,23072.1,-0.305411,0.5993,,P,23072.1,1979.46
2023-02-08,0.214612,19000,23072.1,-0.194186,0.5534,,P,23072.1,2880.76
2023-02-08,0.214612,20000,23072.1,-0.142892,0.5324,,P,23072.1,3331.25
2023-02-08,0.214612,23000,23072.1,-0.00313039,0.5146,,P,23072.1,4226.9
2023-02-08,0.214612,25000,23072.1,0.0802512,0.5184,,C,23072.1,4167.46
2023-02-08,0.214612,27000,23072.1,0.157212,0.5257,,C,23072.1,3717.52
2023-02-08,0.214612,28000,23072.1,0.19358,0.5322,,C,23072.1,3425.26
2023-02-08,0.214612,32000,23072.1,0.327111,0.5708,,C,23072.1,2316.14
2023-02-08,0.387215,17000,23323.8,-0.316259,0.5868,,P,23323.8,3341
2023-02-08,0.387215,19000,23323.8,-0.205034,0.5671,,P,23323.8,4346.07
2023-02-08,0.387215,20000,23323.8,-0.15374,0.5539,,P,23323.8,4782.42
2023-02-08,0.387215,23000,23323.8,-0.0139783,0.5441,,P,23323.8,5663.12
2023-02-08,0.387215,25000,23323.8,0.0694033,0.5439,,C,23323.8,5786.36
2023-02-08,0.387215,27000,23323.8,0.146364,0.5441,,C,23323.8,5593.24
2023-02-08,0.387215,28000,23323.8,0.182732,0.55,,C,23323.8,5421.3
2023-02-08,0.387215,30000,23323.8,0.251725,0.5593,,C,23323.8,4979.36
2023-02-08,0.63653,17000,23433.4,-0.320949,0.5845,,P,23433.4,4878.63
2023-02-08,0.63653,18000,23433.4,-0.26379,0.5751,,P,23433.4,5397.23
2023-02-08,0.63653,20000,23433.4,-0.15843,0.5628,,P,23433.4,6313.55
2023-02-08,0.63653,21000,23433.4,-0.109639,0.5539,,P,23433.4,6681.57
2023-02-08,0.63653,25000,23433.4,0.0647139,0.5525,,C,23433.4,7438.38
2023-02-08,0.63653,26000,23433.4,0.103935,0.5596,,C,23433.4,7458.21
2023-02-08,0.63653,27000,23433.4,0.141675,0.5604,,C,23433.4,7426.14
2023-02-08,0.63653,30000,23433.4,0.247035,0.561,,C,23433.4,7067.61
2023-02-08,0.885845,20000,23478.2,-0.160338,0.563,,P,23478.2,7504.32
2023-02-08,0.885845,22000,23478.2,-0.0650279,0.5643,,P,23478.2,8176.43
2023-02-08,0.885845,24000,23478.2,0.0219835,0.5666,,C,23478.2,8594.47
2023-02-08,0.885845,25000,23478.2,0.0628055,0.5647,,C,23478.2,8720.14
2023-02-08,0.885845,26000,23478.2,0.102026,0.566,,C,23478.2,8790.97
2023-02-08,0.885845,27000,23478.2,0.139767,0.5667,,C,23478.2,8815.52
2023-02-08,0.885845,28000,23478.2,0.176134,0.5672,,C,23478.2,8798.13
2023-02-15,0.0228311,18000,24328.7,-0.301287,0.8744,,P,24328.7,93.4818
2023-02-15,0.0228311,20000,24328.7,-0.195926,0.7378,,P,24328.7,283.374
2023-02-15,0.0228311,21000,24328.7,-0.147136,0.6432,,P,24328.7,432.634
2023-02-15,0.0228311,22500,24328.7,-0.0781434,0.5446,,P,24328.7,897.71
2023-02-15,0.0228311,24000,24328.7,-0.0136049,0.5354,,P,24328.7,1434.97
2023-02-15,0.0228311,25500,24328.7,0.0470197,0.5602,,C,24328.7,1285.61
2023-02-15,0.0228311,27000,24328.7,0.104178,0.6337,,C,24328.7,853.825
2023-02-15,0.0228311,32000,24328.7,0.274077,0.9261,,C,24328.7,246.445
2023-02-15,0.0420091,18000,24339.7,-0.301739,0.7796,,P,24339.7,286.849
2023-02-15,0.0420091,19500,24339.7,-0.221696,0.6584,,P,24339.7,461.001
2023-02-15,0.0420091,21500,24339.7,-0.124058,0.5529,,P,24339.7,1025.72
2023-02-15,0.0420091,23000,24339.7,-0.0566164,0.493,,P,24339.7,1651.5
2023-02-15,0.0420091,24500,24339.7,0.00656246,0.4987,,C,24339.7,1990.04
2023-02-15,0.0420091,27000,24339.7,0.103726,0.5346,,C,24339.7,1337.14
2023-02-15,0.0420091,31000,24339.7,0.241877,0.6586,,C,24339.7,450.024
2023-02-15,0.0420091,34000,24339.7,0.33425,0.6993,,C,24339.7,154.678
2023-02-15,0.118721,18000,24376.9,-0.303264,0.6397,,P,24376.9,1110.69
2023-02-15,0.118721,20000,24376.9,-0.197904,0.5512,,P,24376.9,1755.64
2023-02-15,0.118721,22000,24376.9,-0.102594,0.5081,,P,24376.9,2670.8
2023-02-15,0.118721,24000,24376.9,-0.0155823,0.4853,,P,24376.9,3298.88
2023-02-15,0.118721,26000,24376.9,0.0644604,0.4875,,C,24376.9,3203.61
2023-02-15,0.118721,28000,24376.9,0.138568,0.5098,,C,24376.9,2620.82
2023-02-15,0.118721,30000,24376.9,0.207561,0.5383,,C,24376.9,1978.88
2023-02-15,0.118721,34000,24376.9,0.332724,0.6097,,C,24376.9,1122.8
2023-02-15,0.195434,18000,24358.7,-0.302517,0.5763,,P,24358.7,1810.02
2023-02-15,0.195434,20000,24358.7,-0.197157,0.526,,P,24358.7,2699.08
2023-02-15,0.195434,22000,24358.7,-0.101846,0.5133,,P,24358.7,3667.84
2023-02-15,0.195434,24000,24358.7,-0.0148351,0.4931,,P,24358.7,4229.19
2023-02-15,0.195434,25000,24358.7,0.0259869,0.4965,,C,24358.7,4295.84
2023-02-15,0.195434,27000,24358.7,0.102948,0.5001,,C,24358.7,4033.49
2023-02-15,0.195434,30000,24358.7,0.208308,0.5182,,C,24358.7,3132.59
2023-02-15,0.195434,34000,24358.7,0.333472,0.5531,,C,24358.7,1987.65
2023-02-15,0.368037,18000,24488.6,-0.307837,0.5673,,P,24488.6,3355.93
2023-02-15,0.368037,20000,24488.6,-0.202476,0.5501,,P,24488.6,4394.13
2023-02-15,0.368037,21000,24488.6,-0.153686,0.535,,P,24488.6,4842.17
2023-02-15,0.368037,23000,24488.6,-0.0627142,0.5237,,P,24488.6,5562.38
2023-02-15,0.368037,25000,24488.6,0.0206675,0.5241,,C,24488.6,5900.68
2023-02-15,0.368037,27000,24488.6,0.0976285,0.524,,C,24488.6,5862.09
2023-02-15,0.368037,28000,24488.6,0.133996,0.5272,,C,24488.6,5731.24
2023-02-15,0.368037,30000,24488.6,0.202989,0.5332,,C,24488.6,5317.48
2023-02-15,0.617352,18000,24488.9,-0.307848,0.5731,,P,24488.9,5079.22
2023-02-15,0.617352,19000,24488.9,-0.253781,0.5723,,P,24488.9,5622.05
2023-02-15,0.617352,20000,24488.9,-0.202488,0.5558,,P,24488.9,6083.28
2023-02-15,0.617352,21000,24488.9,-0.153698,0.5439,,P,24488.9,6512.81
2023-02-15,0.617352,25000,24488.9,0.0206557,0.5368,,C,24488.9,7576.23
2023-02-15,0.617352,26000,24488.9,0.0598764,0.5339,,C,24488.9,7658.97
2023-02-15,0.617352,27000,24488.9,0.0976167,0.5388,,C,24488.9,7674.82
2023-02-15,0.617352,30000,24488.9,0.202977,0.542,,C,24488.9,7413.88
2023-02-15,0.866667,19000,24605,-0.258509,0.5656,,P,24605,6875.96
2023-02-15,0.866667,22000,24605,-0.111905,0.5414,,P,24605,8167.02
2023-02-15,0.866667,23000,24605,-0.0674535,0.5444,,P,24605,8480.49
2023-02-15,0.866667,24000,24605,-0.0248939,0.5475,,P,24605,8726.34
2023-02-15,0.866667,25000,24605,0.0159281,0.5496,,C,24605,8910.36
2023-02-15,0.866667,26000,24605,0.0551488,0.5398,,C,24605,9047.1
2023-02-15,0.866667,30000,24605,0.19825,0.55,,C,24605,9059.87
2023-02-22,0.0228311,18000,24164.2,-0.294501,0.8259,,P,24164.2,77.4848
2023-02-22,0.0228311,20000,24164.2,-0.18914,0.6634,,P,24164.2,223.158
2023-02-22,0.0228311,22000,24164.2,-0.09383,0.5722,,P,24164.2,770.574
2023-02-22,0.0228311,23500,24164.2,-0.027872,0.4993,,P,24164.2,1340.75
2023-02-22,0.0228311,25000,24164.2,0.0340034,0.4979,,C,24164.2,1336.79
2023-02-22,0.0228311,26500,24164.2,0.0922723,0.5678,,C,24164.2,854.684
2023-02-22,0.0228311,30000,24164.2,0.216325,0.7505,,C,24164.2,262.673
2023-02-22,0.0228311,33000,24164.2,0.311635,0.8478,,C,24164.2,88.1116
2023-02-22,0.0420091,18000,24021.4,-0.288574,0.7584,,P,24021.4,302.562
2023-02-22,0.0420091,20500,24021.4,-0.158521,0.6235,,P,24021.4,838.966
2023-02-22,0.0420091,22500,24021.4,-0.0654307,0.5345,,P,24021.4,1588.04
2023-02-22,0.0420091,24000,24021.4,-0.000892196,0.508,,P,24021.4,1960.57
2023-02-22,0.0420091,26000,24021.4,0.0791505,0.5487,,C,24021.4,1592.66
2023-02-22,0.0420091,27500,24021.4,0.13524,0.5873,,C,24021.4,1116.01
2023-02-22,0.0420091,31000,24021.4,0.255041,0.6961,,C,24021.4,450.372
2023-02-22,0.0420091,34000,24021.4,0.347414,0.7886,,C,24021.4,231.201
2023-02-22,0.0995434,18000,24172.8,-0.294855,0.673,,P,24172.8,995.507
2023-02-22,0.0995434,20000,24172.8,-0.189494,0.6158,,P,24172.8,1711.91
2023-02-22,0.0995434,22000,24172.8,-0.0941839,0.548,,P,24172.8,2493.05
2023-02-22,0.0995434,24000,24172.8,-0.00717256,0.5382,,P,24172.8,3018.09
2023-02-22,0.0995434,26000,24172.8,0.0728701,0.5526,,C,24172.8,2880.6
2023-02-22,0.0995434,28000,24172.8,0.146978,0.5652,,C,24172.8,2322.28
2023-02-22,0.0995434,30000,24172.8,0.215971,0.5972,,C,24172.8,1749.52
2023-02-22,0.0995434,34000,24172.8,0.341134,0.6741,,C,24172.8,991.307
2023-02-22,0.176256,18000,24153.5,-0.294058,0.6202,,P,24153.5,1830.08
2023-02-22,0.176256,20000,24153.5,-0.188697,0.579,,P,24153.5,2703.5
2023-02-22,0.176256,22000,24153.5,-0.093387,0.5597,,P,24153.5,3543.13
2023-02-22,0.176256,24000,24153.5,-0.00637565,0.5521,,P,24153.5,4004.02
2023-02-22,0.176256,26000,24153.5,0.0736671,0.5649,,C,24153.5,3971.49
2023-02-22,0.176256,28000,24153.5,0.147775,0.5768,,C,24153.5,3589.24
2023-02-22,0.176256,30000,24153.5,0.216768,0.5985,,C,24153.5,3083.14
2023-02-22,0.176256,34000,24153.5,0.341931,0.6182,,C,24153.5,1998.26
2023-02-22,0.348858,18000,24237.5,-0.29753,0.6099,,P,24237.5,3443.01
2023-02-22,0.348858,20000,24237.5,-0.19217,0.5825,,P,24237.5,4373.43
2023-02-22,0.348858,21000,24237.5,-0.14338,0.5767,,P,24237.5,4795.29
2023-02-22,0.348858,23000,24237.5,-0.0524078,0.5774,,P,24237.5,5418.77
2023-02-22,0.348858,25000,24237.5,0.0309738,0.5695,,C,24237.5,5694.63
2023-02-22,0.348858,27000,24237.5,0.107935,0.5696,,C,24237.5,5645.02
2023-02-22,0.348858,28000,24237.5,0.144303,0.5901,,C,24237.5,5549.34
2023-02-22,0.348858,30000,24237.5,0.213295,0.5923,,C,24237.5,5196.07
2023-02-22,0.598174,18000,24481.4,-0.307541,0.608,,P,24481.4,5087.37
2023-02-22,0.598174,19000,24481.4,-0.253474,0.6056,,P,24481.4,5592.61
2023-02-22,0.598174,24000,24481.4,-0.0198588,0.5705,,P,24481.4,7291.86
2023-02-22,0.598174,25000,24481.4,0.0209632,0.5679,,C,24481.4,7442.93
2023-02-22,0.598174,26000,24481.4,0.0601839,0.5683,,C,24481.4,7527.82
2023-02-22,0.598174,27000,24481.4,0.0979242,0.5696,,C,24481.4,7553.68
2023-02-22,0.598174,29000,24481.4,0.169383,0.5774,,C,24481.4,7462.33
2023-02-22,0.598174,30000,24481.4,0.203285,0.5859,,C,24481.4,7369.77
2023-02-22,0.847489,18000,24691.8,-0.316101,0.602,,P,24691.8,6332.46
2023-02-22,0.847489,19000,24691.8,-0.262033,0.6014,,P,24691.8,6844.61
2023-02-22,0.847489,22000,24691.8,-0.11543,0.5955,,P,24691.8,8063.48
2023-02-22,0.847489,24000,24691.8,-0.0284185,0.5891,,P,24691.8,8605.91
2023-02-22,0.847489,25000,24691.8,0.0124035,0.5857,,C,24691.8,8796.83
2023-02-22,0.847489,27000,24691.8,0.0893646,0.5855,,C,24691.8,9019.75
2023-02-22,0.847489,30000,24691.8,0.194725,0.5891,,C,24691.8,9033.43
2023-02-22,0.847489,35000,24691.8,0.348876,0.5913,,C,24691.8,8472.38
2023-03-01,0.0228311,18000,23581.2,-0.270077,0.8086,,P,23581.2,107.704
2023-03-01,0.0228311,20500,23581.2,-0.140024,0.623,,P,23581.2,437.919
2023-03-01,0.0228311,22000,23581.2,-0.0694062,0.5359,,P,23581.2,950.114
2023-03-01,0.0228311,23500,23581.2,-0.00344818,0.478,,P,23581.2,1416.48
2023-03-01,0.0228311,25000,23581.2,0.0584272,0.5025,,C,23581.2,1087.75
2023-03-01,0.0228311,26500,23581.2,0.116696,0.5757,,C,23581.2,612.171
2023-03-01,0.0228311,28000,23581.2,0.171756,0.6172,,C,23581.2,283.803
2023-03-01,0.0228311,31000,23581.2,0.273539,0.7303,,C,23581.2,75.3609
2023-03-01,0.0420091,17000,23616.8,-0.328746,0.7148,,P,23616.8,131.793
2023-03-01,0.0420091,19500,23616.8,-0.191545,0.6216,,P,23616.8,565.588
2023-03-01,0.0420091,21500,23616.8,-0.0939064,0.5482,,P,23616.8,1297.32
2023-03-01,0.0420091,23000,23616.8,-0.0264651,0.5096,,P,23616.8,1842.99
2023-03-01,0.0420091,25000,23616.8,0.0569165,0.521,,C,23616.8,1721.29
2023-03-01,0.0420091,26500,23616.8,0.115185,0.5586,,C,23616.8,1231.16
2023-03-01,0.0420091,30000,23616.8,0.239238,0.6392,,C,23616.8,409.943
2023-03-01,0.0420091,33000,23616.8,0.334548,0.6953,,C,23616.8,144.761
2023-03-01,0.0803653,17000,23650.7,-0.330179,0.6793,,P,23650.7,519.066
2023-03-01,0.0803653,19000,23650.7,-0.218954,0.6017,,P,23650.7,1048.02
2023-03-01,0.0803653,21000,23650.7,-0.11887,0.5367,,P,23650.7,1852.13
2023-03-01,0.0803653,23000,23650.7,-0.0278986,0.5062,,P,23650.7,2581.7
2023-03-01,0.0803653,25000,23650.7,0.0554831,0.5141,,C,23650.7,2551.01
2023-03-01,0.0803653,27000,23650.7,0.132444,0.5472,,C,23650.7,1979.02
2023-03-01,0.0803653,29000,23650.7,0.203903,0.5842,,C,23650.7,1383.29
2023-03-01,0.0803653,32000,23650.7,0.302343,0.6327,,C,23650.7,748.493
2023-03-01,0.157078,17000,23818.9,-0.337264,0.6102,,P,23818.9,1194.43
2023-03-01,0.157078,19000,23818.9,-0.226039,0.5668,,P,23818.9,2014.68
2023-03-01,0.157078,21000,23818.9,-0.125955,0.53,,P,23818.9,2938.09
2023-03-01,0.157078,23000,23818.9,-0.0349835,0.5158,,P,23818.9,3627.97
2023-03-01,0.157078,25000,23818.9,0.0483981,0.5181,,C,23818.9,3732.89
2023-03-01,0.157078,27000,23818.9,0.125359,0.534,,C,23818.9,3345.75
2023-03-01,0.157078,29000,23818.9,0.196818,0.5551,,C,23818.9,2768.27
2023-03-01,0.157078,32000,23818.9,0.295258,0.5933,,C,23818.9,1970.75
2023-03-01,0.23379,17000,23928.4,-0.341851,0.5831,,P,23928.4,1846.93
2023-03-01,0.23379,19000,23928.4,-0.230625,0.5549,,P,23928.4,2817.14
2023-03-01,0.23379,21000,23928.4,-0.130542,0.5325,,P,23928.4,3771.12
2023-03-01,0.23379,23000,23928.4,-0.0395701,0.5232,,P,23928.4,4434.62
2023-03-01,0.23379,25000,23928.4,0.0438115,0.5187,,C,23928.4,4610.08
2023-03-01,0.23379,27000,23928.4,0.120773,0.5282,,C,23928.4,4348.72
2023-03-01,0.23379,29000,23928.4,0.192231,0.5434,,C,23928.4,3854.74
2023-03-01,0.23379,32000,23928.4,0.290672,0.5681,,C,23928.4,3020.67
2023-03-01,0.32968,17000,23974.4,-0.343775,0.5886,,P,23974.4,2717.52
2023-03-01,0.32968,19000,23974.4,-0.232549,0.5519,,P,23974.4,3688.2
2023-03-01,0.32968,20000,23974.4,-0.181256,0.5509,,P,23974.4,4203.51
2023-03-01,0.32968,23000,23974.4,-0.0414938,0.5139,,P,23974.4,5268.34
2023-03-01,0.32968,25000,23974.4,0.0418878,0.5368,,C,23974.4,5490.77
2023-03-01,0.32968,27000,23974.4,0.118849,0.5393,,C,23974.4,5349.57
2023-03-01,0.32968,28000,23974.4,0.155216,0.5369,,C,23974.4,5166.56
2023-03-01,0.32968,30000,23974.4,0.224209,0.555,,C,23974.4,4735.71
2023-03-01,0.578995,18000,24184.6,-0.295346,0.5762,,P,24184.6,4928.13
2023-03-01,0.578995,19000,24184.6,-0.241279,0.5662,,P,24184.6,5435.17
2023-03-01,0.578995,24000,24184.6,-0.00766409,0.5535,,P,24184.6,7151.9
2023-03-01,0.578995,25000,24184.6,0.0331579,0.5406,,C,24184.6,7284.35
2023-03-01,0.578995,28000,24184.6,0.146487,0.5491,,C,24184.6,7268.22
2023-03-01,0.578995,29000,24184.6,0.181578,0.5532,,C,24184.6,7164.6
2023-03-01,0.578995,30000,24184.6,0.215479,0.5537,,C,24184.6,7016.85
2023-03-01,0.828311,18000,24443.2,-0.305982,0.5699,,P,24443.2,6187.95
2023-03-01,0.828311,19000,24443.2,-0.251915,0.5651,,P,24443.2,6714.38
2023-03-01,0.828311,21000,24443.2,-0.151832,0.5617,,P,24443.2,7618.23
2023-03-01,0.828311,24000,24443.2,-0.0183003,0.5503,,P,24443.2,8516.96
2023-03-01,0.828311,26000,24443.2,0.0617424,0.5563,,C,24443.2,8798.89
2023-03-01,0.828311,27000,24443.2,0.0994828,0.5557,,C,24443.2,8860.95
2023-03-01,0.828311,29000,24443.2,0.170942,0.5613,,C,24443.2,8847.15
2023-03-01,0.828311,30000,24443.2,0.204843,0.5633,,C,24443.2,8784.38
2023-03-08,0.0228311,16000,21716.6,-0.30549,0.8964,,P,21716.6,88.1048
2023-03-08,0.0228311,19000,21716.6,-0.13364,0.6047,,P,21716.6,419.718
2023-03-08,0.0228311,20000,21716.6,-0.0823463,0.5553,,P,21716.6,775.444
2023-03-08,0.0228311,21500,21716.6,-0.0100256,0.4658,,P,21716.6,1288.59
2023-03-08,0.0228311,23000,21716.6,0.0574157,0.4466,,C,21716.6,937.532
2023-03-08,0.0228311,24500,21716.6,0.120595,0.5198,,C,21716.6,427.451
2023-03-08,0.0228311,25500,21716.6,0.1606,0.5355,,C,21716.6,197.708
2023-03-08,0.0228311,27000,21716.6,0.217758,0.6467,,C,21716.6,121.717
2023-03-08,0.0420091,16000,21841.7,-0.311231,0.6935,,P,21841.7,138.71
2023-03-08,0.0420091,18500,21841.7,-0.166049,0.5955,,P,21841.7,650.278
2023-03-08,0.0420091,20000,21841.7,-0.0880877,0.5149,,P,21841.7,1204.62
2023-03-08,0.0420091,21500,21841.7,-0.0157671,0.4624,,P,21841.7,1745.61
2023-03-08,0.0420091,23500,21841.7,0.0731804,0.4613,,C,21841.7,1371.47
2023-03-08,0.0420091,25000,21841.7,0.135056,0.5043,,C,21841.7,812.613
2023-03-08,0.0420091,27000,21841.7,0.212017,0.5349,,C,21841.7,305.605
2023-03-08,0.0420091,30000,21841.7,0.317377,0.6318,,C,21841.7,103.633
2023-03-08,0.0611872,16000,21738.3,-0.306488,0.6824,,P,21738.3,352.762
2023-03-08,0.0611872,18000,21738.3,-0.188705,0.5855,,P,21738.3,833.119
2023-03-08,0.0611872,20000,21738.3,-0.0833446,0.4912,,P,21738.3,1623.29
2023-03-08,0.0611872,22000,21738.3,0.0119656,0.4528,,C,21738.3,2142.42
2023-03-08,0.0611872,23000,21738.3,0.0564173,0.4467,,C,21738.3,1933.95
2023-03-08,0.0611872,25000,21738.3,0.139799,0.4813,,C,21738.3,1152.5
2023-03-08,0.0611872,27000,21738.3,0.21676,0.5274,,C,21738.3,599.979
2023-03-08,0.0611872,30000,21738.3,0.32212,0.6079,,C,21738.3,253.345
2023-03-08,0.1379,16000,21795.6,-0.309119,0.6088,,P,21795.6,1079.42
2023-03-08,0.1379,18000,21795.6,-0.191336,0.5469,,P,21795.6,1872.99
2023-03-08,0.1379,20000,21795.6,-0.0859752,0.5022,,P,21795.6,2769.18
2023-03-08,0.1379,22000,21795.6,0.00933495,0.4851,,C,21795.6,3226.58
2023-03-08,0.1379,24000,21795.6,0.0963463,0.4755,,C,21795.6,2908.3
2023-03-08,0.1379,26000,21795.6,0.176389,0.4954,,C,21795.6,2217.67
2023-03-08,0.1379,28000,21795.6,0.250497,0.5271,,C,21795.6,1605.96
2023-03-08,0.1379,30000,21795.6,0.31949,0.569,,C,21795.6,1201.04
2023-03-08,0.214612,16000,22035.8,-0.320081,0.5803,,P,22035.8,1692.8
2023-03-08,0.214612,18000,22035.8,-0.202298,0.5407,,P,22035.8,2635.7
2023-03-08,0.214612,20000,22035.8,-0.0969379,0.5125,,P,22035.8,3544.52
2023-03-08,0.214612,22000,22035.8,-0.00162777,0.4983,,P,22035.8,4042.12
2023-03-08,0.214612,24000,22035.8,0.0853836,0.4979,,C,22035.8,3942.43
2023-03-08,0.214612,26000,22035.8,0.165426,0.5138,,C,22035.8,3450.05
2023-03-08,0.214612,28000,22035.8,0.239534,0.5217,,C,22035.8,2788.74
2023-03-08,0.214612,30000,22035.8,0.308527,0.5456,,C,22035.8,2237.93
2023-03-08,0.310502,16000,22152.5,-0.325363,0.5808,,P,22152.5,2492.06
2023-03-08,0.310502,18000,22152.5,-0.20758,0.5452,,P,22152.5,3474.57
2023-03-08,0.310502,20000,22152.5,-0.10222,0.5184,,P,22152.5,4349.59
2023-03-08,0.310502,22000,22152.5,-0.00690941,0.5131,,P,22152.5,4856.25
2023-03-08,0.310502,23000,22152.5,0.0375424,0.5149,,C,22152.5,4924.15
2023-03-08,0.310502,25000,22152.5,0.120924,0.5149,,C,22152.5,4737.87
2023-03-08,0.310502,27000,22152.5,0.197885,0.5314,,C,22152.5,4301.29
2023-03-08,0.310502,30000,22152.5,0.303246,0.5527,,C,22152.5,3487.73
2023-03-08,0.559817,16000,22295.3,-0.331787,0.5783,,P,22295.3,4104.47
2023-03-08,0.559817,17000,22295.3,-0.271162,0.5598,,P,22295.3,4610.29
2023-03-08,0.559817,21000,22295.3,-0.0598531,0.538,,P,22295.3,6259.68
2023-03-08,0.559817,22000,22295.3,-0.0133331,0.5351,,P,22295.3,6476.02
2023-03-08,0.559817,24000,22295.3,0.0736783,0.5284,,C,22295.3,6654.55
2023-03-08,0.559817,25000,22295.3,0.1145,0.5359,,C,22295.3,6630.93
2023-03-08,0.559817,28000,22295.3,0.227829,0.5501,,C,22295.3,6264.53
2023-03-08,0.559817,30000,22295.3,0.296822,0.5542,,C,22295.3,5847.89
2023-03-08,0.809132,16000,22304.5,-0.332199,0.5619,,P,22304.5,5290.6
2023-03-08,0.809132,17000,22304.5,-0.271575,0.5543,,P,22304.5,5840.15
2023-03-08,0.809132,19000,22304.5,-0.160349,0.5446,,P,22304.5,6795.16
2023-03-08,0.809132,20000,22304.5,-0.109056,0.5401,,P,22304.5,7175.89
2023-03-08,0.809132,22000,22304.5,-0.0137457,0.5316,,P,22304.5,7722.09
2023-03-08,0.809132,23000,22304.5,0.030706,0.5414,,C,22304.5,7874.84
2023-03-08,0.809132,28000,22304.5,0.227416,0.5486,,C,22304.5,7822.72
2023-03-08,0.809132,30000,22304.5,0.296409,0.5547,,C,22304.5,7542.77
2023-03-15,0.0228311,17500,24502.2,-0.336563,1.1107,,P,24502.2,166.517
2023-03-15,0.0228311,19500,24502.2,-0.228349,0.9567,,P,24502.2,377.41
2023-03-15,0.0228311,21500,24502.2,-0.130711,0.8014,,P,24502.2,771.224
2023-03-15,0.0228311,23500,24502.2,-0.0417632,0.7165,,P,24502.2,1340.79
2023-03-15,0.0228311,25000,24502.2,0.0201122,0.6866,,C,24502.2,1462.18
2023-03-15,0.0228311,27000,24502.2,0.0970733,0.737,,C,24502.2,1058.72
2023-03-15,0.0228311,30000,24502.2,0.202434,0.8726,,C,24502.2,501.785
2023-03-15,0.0228311,34000,24502.2,0.327597,1.0281,,C,24502.2,187.722
2023-03-15,0.0420091,18000,24436.4,-0.305703,0.8894,,P,24436.4,418.554
2023-03-15,0.0420091,19500,24436.4,-0.22566,0.8137,,P,24436.4,712.13
2023-03-15,0.0420091,21500,24436.4,-0.128021,0.6954,,P,24436.4,1248.9
2023-03-15,0.0420091,23000,24436.4,-0.0605801,0.6489,,P,24436.4,1743.62
2023-03-15,0.0420091,24500,24436.4,0.00259881,0.6423,,C,24436.4,1995.99
2023-03-15,0.0420091,26000,24436.4,0.0620222,0.6465,,C,24436.4,1843.15
2023-03-15,0.0420091,29000,24436.4,0.171222,0.7142,,C,24436.4,1095.33
2023-03-15,0.0420091,34000,24436.4,0.330286,0.8161,,C,24436.4,334.326
2023-03-15,0.118721,18000,24421.1,-0.305077,0.7286,,P,24421.1,1366.46
2023-03-15,0.118721,20000,24421.1,-0.199717,0.6473,,P,24421.1,2021.88
2023-03-15,0.118721,22000,24421.1,-0.104407,0.6034,,P,24421.1,2793.58
2023-03-15,0.118721,24000,24421.1,-0.0173952,0.5884,,P,24421.1,3298.63
2023-03-15,0.118721,26000,24421.1,0.0626475,0.5921,,C,24421.1,3287.07
2023-03-15,0.118721,28000,24421.1,0.136756,0.6078,,C,24421.1,2888.41
2023-03-15,0.118721,30000,24421.1,0.205748,0.629,,C,24421.1,2357.03
2023-03-15,0.118721,34000,24421.1,0.330912,0.6774,,C,24421.1,1440.01
2023-03-15,0.195434,18000,24467.9,-0.306989,0.6671,,P,24467.9,2129.73
2023-03-15,0.195434,20000,24467.9,-0.201629,0.6148,,P,24467.9,2935.66
2023-03-15,0.195434,22000,24467.9,-0.106319,0.5773,,P,24467.9,3721.33
2023-03-15,0.195434,24000,24467.9,-0.0193073,0.5755,,P,24467.9,4227.17
2023-03-15,0.195434,26000,24467.9,0.0607354,0.5766,,C,24467.9,4288.84
2023-03-15,0.195434,28000,24467.9,0.134843,0.5586,,C,24467.9,3946.67
2023-03-15,0.195434,30000,24467.9,0.203836,0.6031,,C,24467.9,3535.79
2023-03-15,0.195434,34000,24467.9,0.328999,0.6332,,C,24467.9,2524.84
2023-03-15,0.291324,18000,24616.5,-0.313044,0.6308,,P,24616.5,2927.41
2023-03-15,0.291324,20000,24616.5,-0.207684,0.6088,,P,24616.5,3860.31
2023-03-15,0.291324,21000,24616.5,-0.158893,0.5948,,P,24616.5,4275.96
2023-03-15,0.291324,23000,24616.5,-0.0679217,0.5736,,P,24616.5,4942.2
2023-03-15,0.291324,25000,24616.5,0.01546,0.5705,,C,24616.5,5272.14
2023-03-15,0.291324,27000,24616.5,0.092421,0.58,,C,24616.5,5249.85
2023-03-15,0.291324,28000,24616.5,0.128789,0.585,,C,24616.5,5137.5
2023-03-15,0.291324,30000,24616.5,0.197782,0.5952,,C,24616.5,4779.31
2023-03-15,0.540639,18000,24886,-0.323932,0.6069,,P,24886,4653.1
2023-03-15,0.540639,19000,24886,-0.269865,0.5848,,P,24886,5118.58
2023-03-15,0.540639,21000,24886,-0.169781,0.5769,,P,24886,6051.95
2023-03-15,0.540639,22000,24886,-0.123261,0.5789,,P,24886,6434.39
2023-03-15,0.540639,25000,24886,0.00457231,0.572,,C,24886,7156.2
2023-03-15,0.540639,26000,24886,0.043793,0.5744,,C,24886,7257.88
2023-03-15,0.540639,30000,24886,0.186894,0.6044,,C,24886,7157.73
2023-03-15,0.540639,35000,24886,0.341045,0.5924,,C,24886,6222.38
2023-03-15,0.789954,18000,24915.3,-0.32511,0.5887,,P,24915.3,5982.51
2023-03-15,0.789954,20000,24915.3,-0.21975,0.574,,P,24915.3,6982.98
2023-03-15,0.789954,21000,24915.3,-0.17096,0.5788,,P,24915.3,7425.15
2023-03-15,0.789954,23000,24915.3,-0.0799878,0.5631,,P,24915.3,8122.01
2023-03-15,0.789954,26000,24915.3,0.0426146,0.5693,,C,24915.3,8709.47
2023-03-15,0.789954,28000,24915.3,0.116723,0.5746,,C,24915.3,8831.23
2023-03-15,0.789954,29000,24915.3,0.151814,0.5732,,C,24915.3,8826.14
2023-03-15,0.789954,35000,24915.3,0.339866,0.5865,,C,24915.3,8183.15
2023-03-22,0.0228311,19500,27338.4,-0.337878,1.0111,,P,27338.4,120.287
2023-03-22,0.0228311,21500,27338.4,-0.24024,0.8703,,P,27338.4,274.854
2023-03-22,0.0228311,23000,27338.4,-0.172799,0.7887,,P,27338.4,527.358
2023-03-22,0.0228311,25000,27338.4,-0.0894171,0.6673,,P,27338.4,1062.19
2023-03-22,0.0228311,26500,27338.4,-0.0311482,0.6314,,P,27338.4,1536.53
2023-03-22,0.0228311,28500,27338.4,0.0416111,0.6368,,C,27338.4,1530.62
2023-03-22,0.0228311,32000,27338.4,0.157443,0.7271,,C,27338.4,637.572
2023-03-22,0.0228311,38000,27338.4,0.329293,0.9283,,C,27338.4,123.196
2023-03-22,0.0420091,20000,27328,-0.312179,0.8812,,P,27328,427.457
2023-03-22,0.0420091,22000,27328,-0.216869,0.762,,P,27328,762.22
2023-03-22,0.0420091,24000,27328,-0.129858,0.6659,,P,27328,1328.64
2023-03-22,0.0420091,26000,27328,-0.0498148,0.6258,,P,27328,2017.09
2023-03-22,0.0420091,28500,27328,0.0419927,0.6303,,C,27328,2160.02
2023-03-22,0.0420091,30500,27328,0.109815,0.6705,,C,27328,1711.41
2023-03-22,0.0420091,34000,27328,0.218449,0.7567,,C,27328,921.576
2023-03-22,0.0420091,38000,27328,0.329675,0.8596,,C,27328,455.811
2023-03-22,0.0995434,20000,27337,-0.312508,0.7202,,P,27337,1135.72
2023-03-22,0.0995434,22000,27337,-0.217198,0.644,,P,27337,1734.32
2023-03-22,0.0995434,25000,27337,-0.0893648,0.6052,,P,27337,2935.75
2023-03-22,0.0995434,27000,27337,-0.0124038,0.5962,,P,27337,3397.1
2023-03-22,0.0995434,29000,27337,0.0590552,0.6034,,C,27337,3362.23
2023-03-22,0.0995434,31000,27337,0.125747,0.6231,,C,27337,2971.89
2023-03-22,0.0995434,35000,27337,0.247107,0.6816,,C,27337,2000.31
2023-03-22,0.0995434,38000,27337,0.329346,0.7134,,C,27337,1382.01
2023-03-22,0.176256,20000,27372.3,-0.313799,0.6592,,P,27372.3,2040.88
2023-03-22,0.176256,22000,27372.3,-0.218489,0.6197,,P,27372.3,2864.36
2023-03-22,0.176256,25000,27372.3,-0.0906557,0.6067,,P,27372.3,4079.23
2023-03-22,0.176256,27000,27372.3,-0.0136946,0.5835,,P,27372.3,4512.14
2023-03-22,0.176256,30000,27372.3,0.0916659,0.6018,,C,27372.3,4458.09
2023-03-22,0.176256,32000,27372.3,0.156204,0.6091,,C,27372.3,4079.78
2023-03-22,0.176256,35000,27372.3,0.245817,0.6365,,C,27372.3,3365.43
2023-03-22,0.176256,38000,27372.3,0.328055,0.6678,,C,27372.3,2697.44
2023-03-22,0.272146,20000,27379.6,-0.314067,0.633,,P,27379.6,3056.32
2023-03-22,0.272146,22000,27379.6,-0.218757,0.6042,,P,27379.6,3965.04
2023-03-22,0.272146,23000,27379.6,-0.174305,0.5971,,P,27379.6,4411.91
2023-03-22,0.272146,25000,27379.6,-0.0909234,0.5758,,P,27379.6,5142.82
2023-03-22,0.272146,27000,27379.6,-0.0139624,0.5785,,P,27379.6,5588.53
2023-03-22,0.272146,29000,27379.6,0.0574966,0.5873,,C,27379.6,5694.83
2023-03-22,0.272146,30000,27379.6,0.0913982,0.5893,,C,27379.6,5639.77
2023-03-22,0.272146,35000,27379.6,0.245549,0.6176,,C,27379.6,4756.58
2023-03-22,0.521461,20000,27676.4,-0.324848,0.6093,,P,27676.4,5037.49
2023-03-22,0.521461,22000,27676.4,-0.229538,0.625,,P,27676.4,6089.23
2023-03-22,0.521461,24000,27676.4,-0.142527,0.587,,P,27676.4,6860.84
2023-03-22,0.521461,26000,27676.4,-0.0624842,0.5821,,P,27676.4,7476.05
2023-03-22,0.521461,28000,27676.4,0.0116237,0.5972,,C,27676.4,7832.51
2023-03-22,0.521461,30000,27676.4,0.0806166,0.5854,,C,27676.4,7971.47
2023-03-22,0.521461,32000,27676.4,0.145155,0.5995,,C,27676.4,7917.06
2023-03-22,0.521461,35000,27676.4,0.234767,0.6001,,C,27676.4,7562.81
2023-03-22,0.770776,22000,28509,-0.259179,0.583,,P,28509,7467.52
2023-03-22,0.770776,23000,28509,-0.214727,0.5797,,P,28509,7943.54
2023-03-22,0.770776,25000,28509,-0.131345,0.6026,,P,28509,8755.01
2023-03-22,0.770776,27000,28509,-0.0543843,0.581,,P,28509,9353.07
2023-03-22,0.770776,30000,28509,0.0509763,0.5979,,C,28509,9849.63
2023-03-22,0.770776,32000,28509,0.115515,0.6056,,C,28509,9973.43
2023-03-22,0.770776,35000,28509,0.205127,0.5951,,C,28509,9899.39
2023-03-22,0.770776,40000,28509,0.338658,0.6115,,C,28509,9350.62
2023-03-29,0.0228311,20500,28411.8,-0.32638,0.9472,,P,28411.8,107.754
2023-03-29,0.0228311,22500,28411.8,-0.23329,0.8201,,P,28411.8,258.549
2023-03-29,0.0228311,24500,28411.8,-0.148132,0.7179,,P,28411.8,625.058
2023-03-29,0.0228311,26500,28411.8,-0.0696602,0.6233,,P,28411.8,1256.8
2023-03-29,0.0228311,29000,28411.8,0.0204909,0.6179,,C,28411.8,1687.29
2023-03-29,0.0228311,31000,28411.8,0.0871823,0.6645,,C,28411.8,1225.57
2023-03-29,0.0228311,35000,28411.8,0.208543,0.7729,,C,28411.8,385.292
2023-03-29,0.0228311,39000,28411.8,0.316757,0.8881,,C,28411.8,123.469
2023-03-29,0.0420091,21000,28428.7,-0.302876,0.8008,,P,28428.7,362.817
2023-03-29,0.0420091,24000,28428.7,-0.169344,0.6703,,P,28428.7,996.823
2023-03-29,0.0420091,26000,28428.7,-0.0893015,0.6162,,P,28428.7,1727.89
2023-03-29,0.0420091,28000,28428.7,-0.0151935,0.6141,,P,28428.7,2285.68
2023-03-29,0.0420091,29500,28428.7,0.0369923,0.6154,,C,28428.7,2263.76
2023-03-29,0.0420091,32000,28428.7,0.118338,0.6702,,C,28428.7,1697.67
2023-03-29,0.0420091,36000,28428.7,0.236121,0.7481,,C,28428.7,796.876
2023-03-29,0.0420091,40000,28428.7,0.341481,0.8428,,C,28428.7,389.3
2023-03-29,0.0803653,21000,28507.9,-0.305659,0.7434,,P,28507.9,961.252
2023-03-29,0.0803653,23000,28507.9,-0.214687,0.6727,,P,28507.9,1529.72
2023-03-29,0.0803653,26000,28507.9,-0.0920849,0.6103,,P,28507.9,2662.41
2023-03-29,0.0803653,28000,28507.9,-0.0179769,0.6122,,P,28507.9,3166.22
2023-03-29,0.0803653,30000,28507.9,0.0510159,0.6218,,C,28507.9,3159.46
2023-03-29,0.0803653,32000,28507.9,0.115554,0.6395,,C,28507.9,2776.49
2023-03-29,0.0803653,36000,28507.9,0.233337,0.6959,,C,28507.9,1791.36
2023-03-29,0.0803653,40000,28507.9,0.338698,0.7358,,C,28507.9,1016.42
2023-03-29,0.157078,21000,28593.1,-0.308643,0.6607,,P,28593.1,1917.81
2023-03-29,0.157078,23000,28593.1,-0.217671,0.638,,P,28593.1,2776.99
2023-03-29,0.157078,26000,28593.1,-0.0950691,0.6036,,P,28593.1,3955.34
2023-03-29,0.157078,28000,28593.1,-0.0209612,0.611,,P,28593.1,4424.52
2023-03-29,0.157078,31000,28593.1,0.0808215,0.63,,C,28593.1,4432.44
2023-03-29,0.157078,33000,28593.1,0.143342,0.6358,,C,28593.1,4098.66
2023-03-29,0.157078,36000,28593.1,0.230353,0.6647,,C,28593.1,3431.27
2023-03-29,0.157078,40000,28593.1,0.335714,0.6939,,C,28593.1,2514.43
2023-03-29,0.252968,21000,28677.4,-0.311588,0.6413,,P,28677.4,3048.13
2023-03-29,0.252968,23000,28677.4,-0.220616,0.6101,,P,28677.4,3932.98
2023-03-29,0.252968,25000,28677.4,-0.137234,0.6046,,P,28677.4,4796.64
2023-03-29,0.252968,27000,28677.4,-0.0602734,0.5966,,P,28677.4,5410.6
2023-03-29,0.252968,28000,28677.4,-0.0239057,0.6011,,P,28677.4,5603.67
2023-03-29,0.252968,30000,28677.4,0.0450871,0.6046,,C,28677.4,5754.13
2023-03-29,0.252968,33000,28677.4,0.140397,0.654,,C,28677.4,5559.51
2023-03-29,0.252968,40000,28677.4,0.332769,0.6552,,C,28677.4,4026.45
2023-03-29,0.502283,21000,28706.7,-0.312609,0.6163,,P,28706.7,5246.84
2023-03-29,0.502283,22000,28706.7,-0.266089,0.6097,,P,28706.7,5742.59
2023-03-29,0.502283,26000,28706.7,-0.0990353,0.5768,,P,28706.7,7345.92
2023-03-29,0.502283,27000,28706.7,-0.061295,0.5948,,P,28706.7,7617.64
2023-03-29,0.502283,31000,28706.7,0.0768553,0.6003,,C,28706.7,8112.31
2023-03-29,0.502283,32000,28706.7,0.108604,0.6061,,C,28706.7,8110.61
2023-03-29,0.502283,34000,28706.7,0.169229,0.6104,,C,28706.7,7993.31
2023-03-29,0.502283,40000,28706.7,0.331748,0.6234,,C,28706.7,7053.09
2023-03-29,0.751598,21000,28922.9,-0.32011,0.6118,,P,28922.9,6859.09
2023-03-29,0.751598,22000,28922.9,-0.27359,0.5979,,P,28922.9,7339.31
2023-03-29,0.751598,27000,28922.9,-0.0687953,0.5958,,P,28922.9,9265.52
2023-03-29,0.751598,28000,28922.9,-0.0324276,0.5956,,P,28922.9,9501.06
2023-03-29,0.751598,29000,28922.9,0.00266371,0.5975,,C,28922.9,9686.13
2023-03-29,0.751598,30000,28922.9,0.0365653,0.5892,,C,28922.9,9835.73
2023-03-29,0.751598,34000,28922.9,0.161728,0.5988,,C,28922.9,9989.82
2023-03-29,0.751598,40000,28922.9,0.324247,0.6205,,C,28922.9,9461.31
2023-04-05,0.0228311,20000,28237.4,-0.344915,0.9702,,P,28237.4,89.7142
2023-04-05,0.0228311,23500,28237.4,-0.183647,0.6872,,P,28237.4,324.551
2023-04-05,0.0228311,25000,28237.4,-0.121772,0.6101,,P,28237.4,668.65
2023-04-05,0.0228311,27000,28237.4,-0.0448106,0.5345,,P,28237.4,1425.82
2023-04-05,0.0228311,28500,28237.4,0.00925659,0.5461,,C,28237.4,1697.87
2023-04-05,0.0228311,30500,28237.4,0.0770792,0.585,,C,28237.4,1208.35
2023-04-05,0.0228311,33000,28237.4,0.15586,0.6424,,C,28237.4,506.362
2023-04-05,0.0228311,37000,28237.4,0.27027,0.7581,,C,28237.4,120.261
2023-04-05,0.0420091,20000,28308,-0.347411,0.8205,,P,28308,229.516
2023-04-05,0.0420091,23500,28308,-0.186143,0.6251,,P,28308,732.523
2023-04-05,0.0420091,25500,28308,-0.104465,0.5588,,P,28308,1446.92
2023-04-05,0.0420091,27500,28308,-0.0289573,0.5432,,P,28308,2202.12
2023-04-05,0.0420091,30000,28308,0.058054,0.5626,,C,28308,2095.73
2023-04-05,0.0420091,32000,28308,0.122593,0.5932,,C,28308,1477.54
2023-04-05,0.0420091,36000,28308,0.240376,0.6684,,C,28308,558.653
2023-04-05,0.0420091,40000,28308,0.345736,0.713,,C,28308,167.11
2023-04-05,0.0611872,20000,28318.8,-0.347793,0.7566,,P,28318.8,415.904
2023-04-05,0.0611872,22000,28318.8,-0.252483,0.6765,,P,28318.8,786.383
2023-04-05,0.0611872,25000,28318.8,-0.124649,0.5619,,P,28318.8,1752.08
2023-04-05,0.0611872,27000,28318.8,-0.0476882,0.5471,,P,28318.8,2558.59
2023-04-05,0.0611872,30000,28318.8,0.0576723,0.5624,,C,28318.8,2633.1
2023-04-05,0.0611872,32000,28318.8,0.122211,0.5867,,C,28318.8,2078.37
2023-04-05,0.0611872,36000,28318.8,0.239994,0.6563,,C,28318.8,1053.03
2023-04-05,0.0611872,40000,28318.8,0.345354,0.7344,,C,28318.8,542.897
2023-04-05,0.1379,21000,28387,-0.301411,0.6187,,P,28387,1519.76
2023-04-05,0.1379,23000,28387,-0.210439,0.5863,,P,28387,2358.73
2023-04-05,0.1379,26000,28387,-0.0878365,0.5661,,P,28387,3668
2023-04-05,0.1379,28000,28387,-0.0137285,0.5596,,P,28387,4145.13
2023-04-05,0.1379,31000,28387,0.0880542,0.5762,,C,28387,4014.88
2023-04-05,0.1379,33000,28387,0.150575,0.5962,,C,28387,3576.08
2023-04-05,0.1379,36000,28387,0.237586,0.6216,,C,28387,2769.91
2023-04-05,0.1379,40000,28387,0.342946,0.646,,C,28387,1783.88
2023-04-05,0.23379,21000,28397.2,-0.30177,0.6228,,P,28397.2,2818.93
2023-04-05,0.23379,23000,28397.2,-0.210798,0.5843,,P,28397.2,3694.9
2023-04-05,0.23379,26000,28397.2,-0.0881958,0.5679,,P,28397.2,4931.2
2023-04-05,0.23379,28000,28397.2,-0.0140878,0.5684,,P,28397.2,5381.08
2023-04-05,0.23379,31000,28397.2,0.0876949,0.583,,C,28397.2,5398.99
2023-04-05,0.23379,33000,28397.2,0.150215,0.5922,,C,28397.2,5093.38
2023-04-05,0.23379,36000,28397.2,0.237227,0.6119,,C,28397.2,4423.41
2023-04-05,0.23379,40000,28397.2,0.342587,0.6382,,C,28397.2,3468.79
2023-04-05,0.483105,21000,28616.6,-0.309466,0.6018,,P,28616.6,5058.16
2023-04-05,0.483105,23000,28616.6,-0.218494,0.5942,,P,28616.6,6054.37
2023-04-05,0.483105,25000,28616.6,-0.135112,0.5857,,P,28616.6,6875.33
2023-04-05,0.483105,28000,28616.6,-0.0217837,0.5865,,P,28616.6,7676.76
2023-04-05,0.483105,31000,28616.6,0.079999,0.5863,,C,28616.6,7934.83
2023-04-05,0.483105,33000,28616.6,0.142519,0.5961,,C,28616.6,7861.12
2023-04-05,0.483105,36000,28616.6,0.229531,0.6188,,C,28616.6,7542.33
2023-04-05,0.483105,40000,28616.6,0.334891,0.6369,,C,28616.6,6876.36
2023-04-05,0.73242,21000,29052.1,-0.324569,0.6046,,P,29052.1,6699.04
2023-04-05,0.73242,24000,29052.1,-0.191038,0.5993,,P,29052.1,8139.13
2023-04-05,0.73242,27000,29052.1,-0.073255,0.5913,,P,29052.1,9164.5
2023-04-05,0.73242,28000,29052.1,-0.0368873,0.5905,,P,29052.1,9406.7
2023-04-05,0.73242,31000,29052.1,0.0648954,0.6012,,C,29052.1,9834.09
2023-04-05,0.73242,33000,29052.1,0.127416,0.5977,,C,29052.1,9918.79
2023-04-05,0.73242,35000,29052.1,0.186256,0.6092,,C,29052.1,9872.87
2023-04-05,0.73242,40000,29052.1,0.319788,0.6245,,C,29052.1,9389.9
2023-04-05,0.981735,21000,29130.3,-0.327256,0.6006,,P,29130.3,8040.72
2023-04-05,0.981735,22000,29130.3,-0.280736,0.5963,,P,29130.3,8556.86
2023-04-05,0.981735,30000,29130.3,0.0294192,0.6034,,C,29130.3,11161.2
2023-04-05,0.981735,31000,29130.3,0.0622091,0.5843,,C,29130.3,11325.5
2023-04-05,0.981735,34000,29130.3,0.154582,0.5986,,C,29130.3,11507.3
2023-04-12,0.0228311,23500,30018.6,-0.244818,0.7362,,P,30018.6,141.892
2023-04-12,0.0228311,25500,30018.6,-0.16314,0.6579,,P,30018.6,433.286
2023-04-12,0.0228311,27000,30018.6,-0.105981,0.5723,,P,30018.6,809.055
2023-04-12,0.0228311,29000,30018.6,-0.0345223,0.4982,,P,30018.6,1599.89
2023-04-12,0.0228311,30500,30018.6,0.0159086,0.5132,,C,30018.6,1784.65
2023-04-12,0.0228311,33000,30018.6,0.0946895,0.5524,,C,30018.6,996.057
2023-04-12,0.0228311,36000,30018.6,0.181701,0.6117,,C,30018.6,286.653
2023-04-12,0.0228311,40000,30018.6,0.287061,0.774,,C,30018.6,102.539
2023-04-12,0.0420091,22000,29998.7,-0.31011,0.8081,,P,29998.7,362.769
2023-04-12,0.0420091,24000,29998.7,-0.223099,0.6632,,P,29998.7,569.231
2023-04-12,0.0420091,26000,29998.7,-0.143056,0.5854,,P,29998.7,1119.83
2023-04-12,0.0420091,28000,29998.7,-0.0689482,0.5303,,P,29998.7,1935.04
2023-04-12,0.0420091,31000,29998.7,0.0328345,0.5171,,C,29998.7,2373.36
2023-04-12,0.0420091,34000,29998.7,0.125208,0.5772,,C,29998.7,1488.95
2023-04-12,0.0420091,36000,29998.7,0.182366,0.6099,,C,29998.7,925.309
2023-04-12,0.0420091,40000,29998.7,0.287727,0.6645,,C,29998.7,303.409
2023-04-12,0.118721,22000,30128.5,-0.314429,0.6519,,P,30128.5,1320.16
2023-04-12,0.118721,24000,30128.5,-0.227418,0.5896,,P,30128.5,1965.21
2023-04-12,0.118721,27000,30128.5,-0.109635,0.5444,,P,30128.5,3290.45
2023-04-12,0.118721,29000,30128.5,-0.0381758,0.5391,,P,30128.5,3961.11
2023-04-12,0.118721,32000,30128.5,0.0602643,0.5539,,C,30128.5,4042.13
2023-04-12,0.118721,34000,30128.5,0.120889,0.5669,,C,30128.5,3615.41
2023-04-12,0.118721,38000,30128.5,0.232115,0.5983,,C,30128.5,2454.47
2023-04-12,0.118721,42000,30128.5,0.332198,0.6233,,C,30128.5,1469.73
2023-04-12,0.214612,22000,30157,-0.315374,0.5987,,P,30157,2470.05
2023-04-12,0.214612,24000,30157,-0.228363,0.569,,P,30157,3386.78
2023-04-12,0.214612,27000,30157,-0.11058,0.5551,,P,30157,4768.38
2023-04-12,0.214612,29000,30157,-0.039121,0.5428,,P,30157,5357.24
2023-04-12,0.214612,31000,30157,0.0275704,0.5577,,C,30157,5572.05
2023-04-12,0.214612,33000,30157,0.0900908,0.5627,,C,30157,5445.81
2023-04-12,0.214612,36000,30157,0.177102,0.5791,,C,30157,4853.36
2023-04-12,0.214612,40000,30157,0.282463,0.6042,,C,30157,3820.07
2023-04-12,0.463927,22000,30378.9,-0.322705,0.5953,,P,30378.9,5013.75
2023-04-12,0.463927,25000,30378.9,-0.194871,0.5876,,P,30378.9,6519.51
2023-04-12,0.463927,28000,30378.9,-0.0815426,0.5753,,P,30378.9,7607.83
2023-04-12,0.463927,31000,30378.9,0.0202401,0.5653,,C,30378.9,8174.35
2023-04-12,0.463927,33000,30378.9,0.0827605,0.5821,,C,30378.9,8254.34
2023-04-12,0.463927,35000,30378.9,0.141601,0.5854,,C,30378.9,8155.26
2023-04-12,0.463927,37000,30378.9,0.197171,0.5946,,C,30378.9,7927.73
2023-04-12,0.463927,40000,30378.9,0.275132,0.605,,C,30378.9,7420.48
2023-04-12,0.713242,22000,30651.8,-0.33165,0.6048,,P,30651.8,6858.93
2023-04-12,0.713242,23000,30651.8,-0.287198,0.5997,,P,30651.8,7376.84
2023-04-12,0.713242,25000,30651.8,-0.203816,0.5884,,P,30651.8,8313.64
2023-04-12,0.713242,28000,30651.8,-0.0904875,0.5801,,P,30651.8,9416.69
2023-04-12,0.713242,30000,30651.8,-0.0214946,0.5751,,P,30651.8,9910.28
2023-04-12,0.713242,35000,30651.8,0.132656,0.5903,,C,30651.8,10325.8
2023-04-12,0.713242,36000,30651.8,0.160827,0.5862,,C,30651.8,10296.4
2023-04-12,0.713242,40000,30651.8,0.266187,0.5977,,C,30651.8,9944.2
2023-04-12,0.962557,35000,31053.5,0.119638,0.5982,,C,31053.5,12105.7
2023-04-12,0.962557,38000,31053.5,0.201876,0.6043,,C,31053.5,12142.6
2023-04-12,0.962557,40000,31053.5,0.253169,0.6011,,C,31053.5,12045.1
2023-04-19,0.0228311,21000,29038.9,-0.324114,0.9543,,P,29038.9,118.72
2023-04-19,0.0228311,23000,29038.9,-0.233142,0.796,,P,29038.9,237.589
2023-04-19,0.0228311,26000,29038.9,-0.11054,0.5691,,P,29038.9,724.296
2023-04-19,0.0228311,28000,29038.9,-0.0364322,0.5047,,P,29038.9,1532.38
2023-04-19,0.0228311,31000,29038.9,0.0653505,0.5276,,C,29038.9,1291.45
2023-04-19,0.0228311,33000,29038.9,0.127871,0.5608,,C,29038.9,597.094
2023-04-19,0.0228311,36000,29038.9,0.214882,0.6292,,C,29038.9,151.362
2023-04-19,0.0228311,40000,29038.9,0.320243,0.7655,,C,29038.9,44.4036
2023-04-19,0.0420091,21000,28882.7,-0.318719,0.777,,P,28882.7,270.958
2023-04-19,0.0420091,25000,28882.7,-0.144366,0.5846,,P,28882.7,1061.36
2023-04-19,0.0420091,27000,28882.7,-0.0674049,0.5484,,P,28882.7,1904.61
2023-04-19,0.0420091,29000,28882.7,0.00405403,0.5214,,C,28882.7,2361.39
2023-04-19,0.0420091,31000,28882.7,0.0707454,0.5369,,C,28882.7,1986.9
2023-04-19,0.0420091,33000,28882.7,0.133266,0.5638,,C,28882.7,1296.08
2023-04-19,0.0420091,36000,28882.7,0.220277,0.6085,,C,28882.7,553.138
2023-04-19,0.0420091,40000,28882.7,0.325638,0.6419,,C,28882.7,129.63
2023-04-19,0.0995434,21000,28890.1,-0.318976,0.6835,,P,28890.1,1032.24
2023-04-19,0.0995434,23000,28890.1,-0.228004,0.6085,,P,28890.1,1595.45
2023-04-19,0.0995434,26000,28890.1,-0.105402,0.5395,,P,28890.1,2837.53
2023-04-19,0.0995434,28000,28890.1,-0.0312937,0.5257,,P,28890.1,3504.66
2023-04-19,0.0995434,31000,28890.1,0.070489,0.5379,,C,28890.1,3443.08
2023-04-19,0.0995434,33000,28890.1,0.133009,0.5548,,C,28890.1,2900.7
2023-04-19,0.0995434,36000,28890.1,0.220021,0.5771,,C,28890.1,1947.89
2023-04-19,0.0995434,40000,28890.1,0.325381,0.642,,C,28890.1,1171.51
2023-04-19,0.195434,21000,29288.4,-0.332671,0.6088,,P,29288.4,2019.15
2023-04-19,0.195434,23000,29288.4,-0.241699,0.5717,,P,29288.4,2874.48
2023-04-19,0.195434,26000,29288.4,-0.119096,0.5431,,P,29288.4,4272.52
2023-04-19,0.195434,28000,29288.4,-0.0449885,0.5389,,P,29288.4,4926.2
2023-04-19,0.195434,31000,29288.4,0.0567942,0.5504,,C,29288.4,5133.27
2023-04-19,0.195434,33000,29288.4,0.119315,0.5575,,C,29288.4,4839.78
2023-04-19,0.195434,36000,29288.4,0.206326,0.5736,,C,29288.4,4079.97
2023-04-19,0.195434,40000,29288.4,0.311686,0.6117,,C,29288.4,3078.5
2023-04-19,0.444749,21000,29642.1,-0.344674,0.6018,,P,29642.1,4499.13
2023-04-19,0.444749,23000,29642.1,-0.253702,0.5708,,P,29642.1,5463.43
2023-04-19,0.444749,26000,29642.1,-0.1311,0.5602,,P,29642.1,6824.83
2023-04-19,0.444749,28000,29642.1,-0.0569918,0.5587,,P,29642.1,7445.33
2023-04-19,0.444749,30000,29642.1,0.0120011,0.5635,,C,29642.1,7791.03
2023-04-19,0.444749,33000,29642.1,0.107311,0.5607,,C,29642.1,7847.01
2023-04-19,0.444749,37000,29642.1,0.221722,0.5813,,C,29642.1,7342.3
2023-04-19,0.444749,40000,29642.1,0.299683,0.5951,,C,29642.1,6754.35
2023-04-19,0.694064,22000,29862.4,-0.305559,0.5905,,P,29862.4,6815.1
2023-04-19,0.694064,24000,29862.4,-0.218548,0.5849,,P,29862.4,7811.02
2023-04-19,0.694064,26000,29862.4,-0.138505,0.5757,,P,29862.4,8631.02
2023-04-19,0.694064,30000,29862.4,0.00459564,0.5752,,C,29862.4,9666.01
2023-04-19,0.694064,32000,29862.4,0.0691342,0.5744,,C,29862.4,9880.61
2023-04-19,0.694064,34000,29862.4,0.129759,0.5825,,C,29862.4,9922.07
2023-04-19,0.694064,37000,29862.4,0.214316,0.5918,,C,29862.4,9750.93
2023-04-19,0.694064,40000,29862.4,0.292278,0.5946,,C,29862.4,9360.21
2023-04-19,0.943379,24000,30049.1,-0.224778,0.574,,P,30049.1,9227.9
2023-04-19,0.943379,27000,30049.1,-0.106995,0.5695,,P,30049.1,10426
2023-04-19,0.943379,29000,30049.1,-0.035536,0.5691,,P,30049.1,10987.1
2023-04-19,0.943379,30000,30049.1,-0.0016344,0.5698,,P,30049.1,11197
2023-04-19,0.943379,32000,30049.1,0.0629041,0.5806,,C,30049.1,11475.7
2023-04-19,0.943379,35000,30049.1,0.152516,0.5833,,C,30049.1,11642.4
2023-04-19,0.943379,36000,30049.1,0.180687,0.5806,,C,30049.1,11634.9
2023-04-19,0.943379,40000,30049.1,0.286048,0.5959,,C,30049.1,11401.8
2023-04-26,0.0228311,20000,28328.3,-0.348128,1.117,,P,28328.3,170.374
2023-04-26,0.0228311,24000,28328.3,-0.165807,0.6483,,P,28328.3,374.747
2023-04-26,0.0228311,26500,28328.3,-0.0667159,0.5511,,P,28328.3,1197.13
2023-04-26,0.0228311,28500,28328.3,0.00604343,0.535,,C,28328.3,1706.62
2023-04-26,0.0228311,30500,28328.3,0.073866,0.5567,,C,28328.3,1203.93
2023-04-26,0.0228311,32500,28328.3,0.137379,0.6289,,C,28328.3,642.523
2023-04-26,0.0228311,36000,28328.3,0.239658,0.8244,,C,28328.3,301.864
2023-04-26,0.0228311,40000,28328.3,0.345019,0.8146,,C,28328.3,39.8391
2023-04-26,0.0420091,20000,28364,-0.34939,0.8032,,P,28364,204.132
2023-04-26,0.0420091,23500,28364,-0.188121,0.652,,P,28364,782.006
2023-04-26,0.0420091,25500,28364,-0.106443,0.5691,,P,28364,1447.66
2023-04-26,0.0420091,27500,28364,-0.0309358,0.5281,,P,28364,2189.06
2023-04-26,0.0420091,30000,28364,0.0560756,0.5324,,C,28364,2087.07
2023-04-26,0.0420091,32000,28364,0.120614,0.5821,,C,28364,1475.16
2023-04-26,0.0420091,36000,28364,0.238397,0.6635,,C,28364,560.787
2023-04-26,0.0420091,40000,28364,0.343758,0.6753,,C,28364,125.753
2023-04-26,0.0803653,21000,28412.4,-0.302302,0.6726,,P,28412.4,782.542
2023-04-26,0.0803653,23000,28412.4,-0.21133,0.6126,,P,28412.4,1373.63
2023-04-26,0.0803653,26000,28412.4,-0.088728,0.5331,,P,28412.4,2579.85
2023-04-26,0.0803653,28000,28412.4,-0.01462,0.5118,,P,28412.4,3165.41
2023-04-26,0.0803653,31000,28412.4,0.0871627,0.5424,,C,28412.4,2849.83
2023-04-26,0.0803653,33000,28412.4,0.149683,0.5739,,C,28412.4,2260.54
2023-04-26,0.0803653,36000,28412.4,0.236694,0.6216,,C,28412.4,1461.79
2023-04-26,0.0803653,40000,28412.4,0.342055,0.6811,,C,28412.4,790.169
2023-04-26,0.176256,21000,28494.1,-0.305174,0.6115,,P,28494.1,2004.7
2023-04-26,0.176256,23000,28494.1,-0.214202,0.5909,,P,28494.1,2930.81
2023-04-26,0.176256,26000,28494.1,-0.0915999,0.5252,,P,28494.1,4156.53
2023-04-26,0.176256,28000,28494.1,-0.0174919,0.5196,,P,28494.1,4687.69
2023-04-26,0.176256,31000,28494.1,0.0842908,0.5338,,C,28494.1,4608.86
2023-04-26,0.176256,33000,28494.1,0.146811,0.5438,,C,28494.1,4149.46
2023-04-26,0.176256,36000,28494.1,0.233823,0.5745,,C,28494.1,3328.67
2023-04-26,0.176256,40000,28494.1,0.339183,0.6034,,C,28494.1,2288.86
2023-04-26,0.425571,22000,28773.1,-0.268397,0.5598,,P,28773.1,4915.5
2023-04-26,0.425571,24000,28773.1,-0.181385,0.5664,,P,28773.1,5960.11
2023-04-26,0.425571,27000,28773.1,-0.0636024,0.5298,,P,28773.1,7026.39
2023-04-26,0.425571,29000,28773.1,0.00785652,0.549,,C,28773.1,7396.4
2023-04-26,0.425571,32000,28773.1,0.106297,0.5492,,C,28773.1,7436.72
2023-04-26,0.425571,34000,28773.1,0.166921,0.5356,,C,28773.1,7152.23
2023-04-26,0.425571,37000,28773.1,0.251479,0.5539,,C,28773.1,6557.29
2023-04-26,0.425571,40000,28773.1,0.32944,0.5732,,C,28773.1,5885.46
2023-04-26,0.674886,22000,30186.1,-0.31634,0.5657,,P,30186.1,6520.81
2023-04-26,0.674886,24000,30186.1,-0.229328,0.5598,,P,30186.1,7586.75
2023-04-26,0.674886,26000,30186.1,-0.149286,0.5573,,P,30186.1,8481.03
2023-04-26,0.674886,30000,30186.1,-0.00618468,0.553,,P,30186.1,9610.48
2023-04-26,0.674886,34000,30186.1,0.118978,0.5612,,C,30186.1,9889.35
2023-04-26,0.674886,36000,30186.1,0.176137,0.5673,,C,30186.1,9789.76
2023-04-26,0.674886,38000,30186.1,0.230204,0.5645,,C,30186.1,9552.95
2023-04-26,0.674886,40000,30186.1,0.281497,0.5742,,C,30186.1,9269.36
2023-04-26,0.924201,22000,29973.5,-0.309273,0.6027,,P,29973.5,8189.93
2023-04-26,0.924201,24000,29973.5,-0.222261,0.5668,,P,29973.5,9120.54
2023-04-26,0.924201,26000,29973.5,-0.142219,0.5686,,P,29973.5,9970.78
2023-04-26,0.924201,29000,29973.5,-0.0330195,0.5765,,P,29973.5,10862.2
2023-04-26,0.924201,30000,29973.5,0.000882095,0.5647,,C,29973.5,11084.7
2023-04-26,0.924201,35000,29973.5,0.155033,0.5784,,C,29973.5,11495.6
2023-04-26,0.924201,40000,29973.5,0.288564,0.5878,,C,29973.5,11200.4
2023-05-03,0.0228311,21000,29036.7,-0.324037,0.8573,,P,29036.7,65.0217
2023-05-03,0.0228311,24500,29036.7,-0.169886,0.5976,,P,29036.7,273.619
2023-05-03,0.0228311,26000,29036.7,-0.110463,0.5609,,P,29036.7,707.718
2023-05-03,0.0228311,27500,29036.7,-0.0543732,0.5251,,P,29036.7,1345.83
2023-05-03,0.0228311,29500,29036.7,0.015831,0.5106,,C,29036.7,1726.2
2023-05-03,0.0228311,31000,29036.7,0.065428,0.5348,,C,29036.7,1302.02
2023-05-03,0.0228311,33000,29036.7,0.127948,0.588,,C,29036.7,660.895
2023-05-03,0.0228311,36000,29036.7,0.21496,0.6993,,C,29036.7,245.748
2023-05-03,0.0420091,21000,29040.9,-0.324183,0.7274,,P,29040.9,189.361
2023-05-03,0.0420091,24500,29040.9,-0.170032,0.5594,,P,29040.9,725.099
2023-05-03,0.0420091,26500,29040.9,-0.0915604,0.5238,,P,29040.9,1574.5
2023-05-03,0.0420091,28500,29040.9,-0.018801,0.4878,,P,29040.9,2308.28
2023-05-03,0.0420091,30000,29040.9,0.0324922,0.504,,C,29040.9,2293.95
2023-05-03,0.0420091,32000,29040.9,0.0970308,0.5451,,C,29040.9,1706.86
2023-05-03,0.0420091,35000,29040.9,0.186643,0.6058,,C,29040.9,840.679
2023-05-03,0.0420091,39000,29040.9,0.294857,0.6508,,C,29040.9,238.562
2023-05-03,0.0611872,21000,28871.9,-0.318348,0.7092,,P,28871.9,466.475
2023-05-03,0.0611872,23000,28871.9,-0.227376,0.6347,,P,28871.9,888.277
2023-05-03,0.0611872,26000,28871.9,-0.104774,0.5354,,P,28871.9,1972.9
2023-05-03,0.0611872,28000,28871.9,-0.0306658,0.4948,,P,28871.9,2714.02
2023-05-03,0.0611872,31000,28871.9,0.0711169,0.5137,,C,28871.9,2519.22
2023-05-03,0.0611872,33000,28871.9,0.133637,0.5302,,C,28871.9,1808.6
2023-05-03,0.0611872,36000,28871.9,0.220649,0.613,,C,28871.9,1100.46
2023-05-03,0.0611872,40000,28871.9,0.326009,0.6703,,C,28871.9,483.646
2023-05-03,0.157078,21000,29052.6,-0.324584,0.5995,,P,29052.6,1525.32
2023-05-03,0.157078,23000,29052.6,-0.233612,0.5311,,P,29052.6,2195.56
2023-05-03,0.157078,26000,29052.6,-0.11101,0.5002,,P,29052.6,3696.78
2023-05-03,0.157078,28000,29052.6,-0.0369019,0.4869,,P,29052.6,4407.34
2023-05-03,0.157078,31000,29052.6,0.0648808,0.4921,,C,29052.6,4468.32
2023-05-03,0.157078,33000,29052.6,0.127401,0.5028,,C,29052.6,3971.05
2023-05-03,0.157078,36000,29052.6,0.214413,0.5324,,C,29052.6,3034.44
2023-05-03,0.157078,40000,29052.6,0.319773,0.5807,,C,29052.6,2039.46
2023-05-03,0.23379,21000,28633.1,-0.31004,0.5701,,P,28633.1,2489.08
2023-05-03,0.23379,23000,28633.1,-0.219068,0.5342,,P,28633.1,3426.1
2023-05-03,0.23379,26000,28633.1,-0.0964659,0.5054,,P,28633.1,4832.41
2023-05-03,0.23379,28000,28633.1,-0.022358,0.503,,P,28633.1,5398.71
2023-05-03,0.23379,30000,28633.1,0.0466349,0.4938,,C,28633.1,5507.3
2023-05-03,0.23379,33000,28633.1,0.141945,0.5164,,C,28633.1,5005.55
2023-05-03,0.23379,36000,28633.1,0.228956,0.5273,,C,28633.1,4104.56
2023-05-03,0.23379,40000,28633.1,0.334317,0.5579,,C,28633.1,3001.29
2023-05-03,0.406393,22000,28826.7,-0.27026,0.5532,,P,28826.7,4701.24
2023-05-03,0.406393,24000,28826.7,-0.183248,0.5279,,P,28826.7,5686.6
2023-05-03,0.406393,27000,28826.7,-0.0654652,0.5201,,P,28826.7,6863.24
2023-05-03,0.406393,29000,28826.7,0.00599375,0.5158,,C,28826.7,7253.34
2023-05-03,0.406393,32000,28826.7,0.104434,0.5175,,C,28826.7,7247.47
2023-05-03,0.406393,35000,28826.7,0.194046,0.5224,,C,28826.7,6723.1
2023-05-03,0.406393,37000,28826.7,0.249616,0.5286,,C,28826.7,6223.94
2023-05-03,0.406393,40000,28826.7,0.327577,0.5538,,C,28826.7,5528.31
2023-05-03,0.655708,22000,29001,-0.276287,0.5392,,P,29001,6522.06
2023-05-03,0.655708,25000,29001,-0.148453,0.5298,,P,29001,8006.61
2023-05-03,0.655708,26000,29001,-0.109232,0.5336,,P,29001,8393.54
2023-05-03,0.655708,32000,29001,0.0984069,0.5337,,C,29001,9368.03
2023-05-03,0.655708,34000,29001,0.159032,0.5223,,C,29001,9242.68
2023-05-03,0.655708,36000,29001,0.21619,0.546,,C,29001,9038.4
2023-05-03,0.655708,37000,29001,0.243589,0.5359,,C,29001,8829.34
2023-05-03,0.655708,40000,29001,0.32155,0.5548,,C,29001,8304.29
2023-05-03,0.905023,21000,29240,-0.331016,0.5433,,P,29240,7409.18
2023-05-03,0.905023,22000,29240,-0.284496,0.5381,,P,29240,7982.62
2023-05-03,0.905023,28000,29240,-0.0433335,0.5348,,P,29240,10475.6
2023-05-03,0.905023,29000,29240,-0.00824221,0.5345,,P,29240,10698.8
2023-05-03,0.905023,30000,29240,0.0256593,0.5471,,C,29240,10853.1
2023-05-03,0.905023,36000,29240,0.207981,0.5358,,C,29240,10967.9
2023-05-03,0.905023,40000,29240,0.313341,0.5598,,C,29240,10536.3
2023-05-03,0.905023,41000,29240,0.338034,0.5487,,C,29240,10298.3
2023-05-10,0.0228311,22000,27523.3,-0.223989,0.7045,,P,27523.3,161.876
2023-05-10,0.0228311,24500,27523.3,-0.116358,0.5593,,P,27523.3,606.124
2023-05-10,0.0228311,26000,27523.3,-0.0569351,0.5096,,P,27523.3,1225.93
2023-05-10,0.0228311,27500,27523.3,-0.000845607,0.4623,,P,27523.3,1657.27
2023-05-10,0.0228311,29500,27523.3,0.0693587,0.5194,,C,27523.3,1161.45
2023-05-10,0.0228311,31000,27523.3,0.118956,0.5616,,C,27523.3,658.555
2023-05-10,0.0228311,32500,27523.3,0.166208,0.6688,,C,27523.3,465.585
2023-05-10,0.0228311,36000,27523.3,0.268487,0.7006,,C,27523.3,75.9908
2023-05-10,0.0420091,20000,27536,-0.319763,0.7565,,P,27536,228.149
2023-05-10,0.0420091,22000,27536,-0.224453,0.6523,,P,27536,490.63
2023-05-10,0.0420091,25000,27536,-0.0966192,0.5214,,P,27536,1423.59
2023-05-10,0.0420091,27000,27536,-0.0196581,0.4748,,P,27536,2181.92
2023-05-10,0.0420091,30000,27536,0.0857024,0.5046,,C,27536,1664.96
2023-05-10,0.0420091,32000,27536,0.150241,0.5422,,C,27536,971.738
2023-05-10,0.0420091,35000,27536,0.239853,0.6246,,C,27536,437.953
2023-05-10,0.0420091,38000,27536,0.322091,0.7293,,C,27536,258.815
2023-05-10,0.1379,20000,27633.9,-0.32331,0.5904,,P,27633.9,1167.1
2023-05-10,0.1379,22000,27633.9,-0.228,0.5455,,P,27633.9,1928.9
2023-05-10,0.1379,25000,27633.9,-0.100166,0.4952,,P,27633.9,3342.87
2023-05-10,0.1379,27000,27633.9,-0.0232051,0.4825,,P,27633.9,3996.77
2023-05-10,0.1379,30000,27633.9,0.0821554,0.4866,,C,27633.9,3831.01
2023-05-10,0.1379,32000,27633.9,0.146694,0.5054,,C,27633.9,3231.57
2023-05-10,0.1379,35000,27633.9,0.236306,0.5414,,C,27633.9,2297.54
2023-05-10,0.1379,38000,27633.9,0.318544,0.5959,,C,27633.9,1693.07
2023-05-10,0.214612,20000,27626.2,-0.323033,0.5643,,P,27626.2,2007.4
2023-05-10,0.214612,22000,27626.2,-0.227723,0.5406,,P,27626.2,2989.95
2023-05-10,0.214612,25000,27626.2,-0.0998895,0.5015,,P,27626.2,4398.41
2023-05-10,0.214612,27000,27626.2,-0.0229284,0.4909,,P,27626.2,4989.59
2023-05-10,0.214612,30000,27626.2,0.0824321,0.5009,,C,27626.2,4961.72
2023-05-10,0.214612,32000,27626.2,0.146971,0.5048,,C,27626.2,4479.57
2023-05-10,0.214612,35000,27626.2,0.236583,0.522,,C,27626.2,3535.24
2023-05-10,0.214612,38000,27626.2,0.318821,0.5527,,C,27626.2,2735.6
2023-05-10,0.387215,20000,27724.1,-0.326571,0.5541,,P,27724.1,3677.73
2023-05-10,0.387215,23000,27724.1,-0.186809,0.5185,,P,27724.1,5232.78
2023-05-10,0.387215,25000,27724.1,-0.103427,0.5171,,P,27724.1,6126.74
2023-05-10,0.387215,28000,27724.1,0.0099012,0.5189,,C,27724.1,6823.86
2023-05-10,0.387215,30000,27724.1,0.0788941,0.5163,,C,27724.1,6857.69
2023-05-10,0.387215,33000,27724.1,0.174204,0.5207,,C,27724.1,6413.63
2023-05-10,0.387215,35000,27724.1,0.233045,0.5347,,C,27724.1,5967.77
2023-05-10,0.387215,38000,27724.1,0.315283,0.5584,,C,27724.1,5258.66
2023-05-10,0.63653,20000,27798,-0.329233,0.5486,,P,27798,5521.74
2023-05-10,0.63653,24000,27798,-0.146911,0.5387,,P,27798,7577.61
2023-05-10,0.63653,26000,27798,-0.0668686,0.5242,,P,27798,8265.45
2023-05-10,0.63653,31000,27798,0.109022,0.5358,,C,27798,8840.22
2023-05-10,0.63653,32000,27798,0.140771,0.5164,,C,27798,8766.7
2023-05-10,0.63653,35000,27798,0.230383,0.537,,C,27798,8396.65
2023-05-10,0.63653,37000,27798,0.285953,0.5475,,C,27798,8044.72
2023-05-10,0.63653,39000,27798,0.338596,0.5639,,C,27798,7697.92
2023-05-10,0.885845,20000,28102.9,-0.340142,0.5531,,P,28102.9,6951.23
2023-05-10,0.885845,23000,28102.9,-0.20038,0.5414,,P,28102.9,8553.7
2023-05-10,0.885845,24000,28102.9,-0.15782,0.5399,,P,28102.9,8997.19
2023-05-10,0.885845,26000,28102.9,-0.0777777,0.5399,,P,28102.9,9712.84
2023-05-10,0.885845,27000,28102.9,-0.0400374,0.5383,,P,28102.9,9985.18
2023-05-10,0.885845,29000,28102.9,0.0314216,0.5258,,C,28102.9,10375.1
2023-05-10,0.885845,32000,28102.9,0.129862,0.5418,,C,28102.9,10552.1
2023-05-10,0.885845,36000,28102.9,0.247645,0.5447,,C,28102.9,10284.4
2023-05-17,0.0228311,22000,27351.8,-0.217741,0.6457,,P,27351.8,122.408
2023-05-17,0.0228311,24000,27351.8,-0.130729,0.5307,,P,27351.8,408.59
2023-05-17,0.0228311,26000,27351.8,-0.0506868,0.4644,,P,27351.8,1237.61
2023-05-17,0.0228311,28000,27351.8,0.0234212,0.4464,,C,27351.8,1569.7
2023-05-17,0.0228311,30000,27351.8,0.0924141,0.5109,,C,27351.8,842.768
2023-05-17,0.0228311,32000,27351.8,0.156953,0.6039,,C,27351.8,405.831
2023-05-17,0.0228311,34000,27351.8,0.217577,0.7128,,C,27351.8,238.561
2023-05-17,0.0228311,36000,27351.8,0.274736,0.8343,,C,27351.8,175.625
2023-05-17,0.0420091,20000,27352.7,-0.313082,0.6977,,P,27352.7,173.634
2023-05-17,0.0420091,23000,27352.7,-0.17332,0.5398,,P,27352.7,600.325
2023-05-17,0.0420091,25000,27352.7,-0.0899383,0.4728,,P,27352.7,1388.35
2023-05-17,0.0420091,26500,27352.7,-0.0316694,0.4466,,P,27352.7,2071.37
2023-05-17,0.0420091,28500,27352.7,0.04109,0.4538,,C,27352.7,2068.5
2023-05-17,0.0420091,30000,27352.7,0.0923833,0.4705,,C,27352.7,1478.6
2023-05-17,0.0420091,34000,27352.7,0.217546,0.6241,,C,27352.7,585.957
2023-05-17,0.0420091,38000,27352.7,0.328772,0.6712,,C,27352.7,151.263
2023-05-17,0.118721,20000,27424.3,-0.315696,0.6025,,P,27424.3,1007.51
2023-05-17,0.118721,22000,27424.3,-0.220386,0.5443,,P,27424.3,1685.33
2023-05-17,0.118721,25000,27424.3,-0.0925528,0.4872,,P,27424.3,3080.89
2023-05-17,0.118721,27000,27424.3,-0.0155918,0.47,,P,27424.3,3710.97
2023-05-17,0.118721,30000,27424.3,0.0897687,0.477,,C,27424.3,3384.99
2023-05-17,0.118721,32000,27424.3,0.154307,0.5017,,C,27424.3,2723.77
2023-05-17,0.118721,35000,27424.3,0.243919,0.5512,,C,27424.3,1858.4
2023-05-17,0.118721,38000,27424.3,0.326158,0.5785,,C,27424.3,1157.66
2023-05-17,0.195434,20000,27067.5,-0.3026,0.5661,,P,27067.5,1960.09
2023-05-17,0.195434,23000,27067.5,-0.162838,0.5121,,P,27067.5,3375.74
2023-05-17,0.195434,25000,27067.5,-0.0794567,0.4972,,P,27067.5,4271.74
2023-05-17,0.195434,27000,27067.5,-0.0024957,0.4837,,P,27067.5,4740.28
2023-05-17,0.195434,31000,27067.5,0.135655,0.4855,,C,27067.5,4159.76
2023-05-17,0.195434,33000,27067.5,0.198175,0.5076,,C,27067.5,3546.48
2023-05-17,0.195434,35000,27067.5,0.257015,0.529,,C,27067.5,2947.28
2023-05-17,0.195434,38000,27067.5,0.339254,0.5497,,C,27067.5,2118.91
2023-05-17,0.368037,20000,27174.2,-0.306535,0.5444,,P,27174.2,3617.97
2023-05-17,0.368037,22000,27174.2,-0.211225,0.5166,,P,27174.2,4657.74
2023-05-17,0.368037,25000,27174.2,-0.0833914,0.493,,P,27174.2,6000.21
2023-05-17,0.368037,27000,27174.2,-0.00643032,0.497,,P,27174.2,6480.1
2023-05-17,0.368037,30000,27174.2,0.0989302,0.4856,,C,27174.2,6460.92
2023-05-17,0.368037,32000,27174.2,0.163469,0.5,,C,27174.2,6101.66
2023-05-17,0.368037,35000,27174.2,0.253081,0.5337,,C,27174.2,5427.53
2023-05-17,0.368037,38000,27174.2,0.335319,0.5335,,C,27174.2,4488.03
2023-05-17,0.617352,20000,27341.1,-0.31266,0.5399,,P,27341.1,5462.22
2023-05-17,0.617352,23000,27341.1,-0.172898,0.528,,P,27341.1,7053.24
2023-05-17,0.617352,27000,27341.1,-0.0125555,0.5226,,P,27341.1,8335.09
2023-05-17,0.617352,29000,27341.1,0.0589034,0.518,,C,27341.1,8555.45
2023-05-17,0.617352,31000,27341.1,0.125595,0.5155,,C,27341.1,8520.8
2023-05-17,0.617352,32000,27341.1,0.157343,0.5186,,C,27341.1,8428.84
2023-05-17,0.617352,35000,27341.1,0.246956,0.5124,,C,27341.1,7872.56
2023-05-17,0.617352,38000,27341.1,0.329194,0.5443,,C,27341.1,7343.21
2023-05-17,0.866667,25000,27417.9,-0.0923189,0.5301,,P,27417.9,9268.36
2023-05-17,0.866667,36000,27417.9,0.272324,0.5451,,C,27417.9,9783.39
2023-05-24,0.0228311,20000,26323.7,-0.274737,0.8282,,P,26323.7,123.988
2023-05-24,0.0228311,22500,26323.7,-0.156954,0.6316,,P,26323.7,378.967
2023-05-24,0.0228311,24000,26323.7,-0.0924159,0.524,,P,26323.7,766.073
2023-05-24,0.0228311,25500,26323.7,-0.0317913,0.4424,,P,26323.7,1393.99
2023-05-24,0.0228311,27500,26323.7,0.0437163,0.4263,,C,26323.7,1287.56
2023-05-24,0.0228311,29000,26323.7,0.0968261,0.4873,,C,26323.7,701.039
2023-05-24,0.0228311,31000,26323.7,0.163517,0.6159,,C,26323.7,367.412
2023-05-24,0.0228311,34000,26323.7,0.255891,0.7133,,C,26323.7,107.503
2023-05-24,0.0420091,19000,26336.3,-0.32651,0.7773,,P,26336.3,223.252
2023-05-24,0.0420091,22500,26336.3,-0.157433,0.591,,P,26336.3,853.797
2023-05-24,0.0420091,24000,26336.3,-0.0928948,0.5116,,P,26336.3,1386.58
2023-05-24,0.0420091,26000,26336.3,-0.0128521,0.451,,P,26336.3,2116.82
2023-05-24,0.0420091,27500,26336.3,0.0432374,0.4512,,C,26336.3,1970.58
2023-05-24,0.0420091,29500,26336.3,0.113442,0.4887,,C,26336.3,1198.66
2023-05-24,0.0420091,32000,26336.3,0.194787,0.5415,,C,26336.3,508.05
2023-05-24,0.0420091,36000,26336.3,0.31257,0.6458,,C,26336.3,154.581
2023-05-24,0.0995434,19000,26355.3,-0.327231,0.6749,,P,26355.3,859.881
2023-05-24,0.0995434,21000,26355.3,-0.227147,0.6049,,P,26355.3,1451.71
2023-05-24,0.0995434,24000,26355.3,-0.0936159,0.4974,,P,26355.3,2641.47
2023-05-24,0.0995434,26000,26355.3,-0.0135732,0.4603,,P,26355.3,3271.86
2023-05-24,0.0995434,29000,26355.3,0.0956261,0.4734,,C,26355.3,2827.02
2023-05-24,0.0995434,31000,26355.3,0.162317,0.5059,,C,26355.3,2138.37
2023-05-24,0.0995434,34000,26355.3,0.254691,0.5619,,C,26355.3,1337.23
2023-05-24,0.0995434,36000,26355.3,0.311849,0.5962,,C,26355.3,976.687
2023-05-24,0.176256,19000,26410.7,-0.329332,0.5954,,P,26410.7,1562.88
2023-05-24,0.176256,21000,26410.7,-0.229249,0.5497,,P,26410.7,2392.29
2023-05-24,0.176256,24000,26410.7,-0.0957172,0.4901,,P,26410.7,3764.33
2023-05-24,0.176256,26000,26410.7,-0.0156745,0.4652,,P,26410.7,4354.01
2023-05-24,0.176256,29000,26410.7,0.0935248,0.4549,,C,26410.7,4092.75
2023-05-24,0.176256,31000,26410.7,0.160216,0.4695,,C,26410.7,3427.49
2023-05-24,0.176256,34000,26410.7,0.252589,0.4944,,C,26410.7,2380.65
2023-05-24,0.176256,36000,26410.7,0.309748,0.5206,,C,26410.7,1880.6
2023-05-24,0.348858,19000,26412.6,-0.329403,0.548,,P,26412.6,3104.02
2023-05-24,0.348858,21000,26412.6,-0.22932,0.5187,,P,26412.6,4144.7
2023-05-24,0.348858,24000,26412.6,-0.0957883,0.4871,,P,26412.6,5554.97
2023-05-24,0.348858,26000,26412.6,-0.0157456,0.4737,,P,26412.6,6105.06
2023-05-24,0.348858,29000,26412.6,0.0934537,0.4735,,C,26412.6,6107.26
2023-05-24,0.348858,31000,26412.6,0.160145,0.4799,,C,26412.6,5690.42
2023-05-24,0.348858,35000,26412.6,0.281506,0.5012,,C,26412.6,4508.74
2023-05-24,0.348858,37000,26412.6,0.337076,0.5181,,C,26412.6,3969.05
2023-05-24,0.598174,20000,26776.4,-0.29179,0.5304,,P,26776.4,5428.93
2023-05-24,0.598174,23000,26776.4,-0.152028,0.5085,,P,26776.4,6969.78
2023-05-24,0.598174,26000,26776.4,-0.0294261,0.4908,,P,26776.4,7971.86
2023-05-24,0.598174,28000,26776.4,0.0446818,0.4878,,C,26776.4,8241.5
2023-05-24,0.598174,31000,26776.4,0.146465,0.4899,,C,26776.4,8102.9
2023-05-24,0.598174,33000,26776.4,0.208985,0.4848,,C,26776.4,7715.56
2023-05-24,0.598174,35000,26776.4,0.267825,0.5078,,C,26776.4,7343.08
2023-05-24,0.598174,37000,26776.4,0.323395,0.5054,,C,26776.4,6766.6
2023-05-24,0.847489,23000,26910.3,-0.157016,0.5036,,P,26910.3,8398.94
2023-05-24,0.847489,26000,26910.3,-0.0344134,0.4953,,P,26910.3,9438.43
2023-05-24,0.847489,28000,26910.3,0.0396945,0.5002,,C,26910.3,9781.17
2023-05-24,0.847489,30000,26910.3,0.108687,0.4995,,C,26910.3,9882.96
2023-05-24,0.847489,31000,26910.3,0.141477,0.5067,,C,26910.3,9858.93
2023-05-24,0.847489,33000,26910.3,0.203998,0.5015,,C,26910.3,9665.54
2023-05-24,0.847489,35000,26910.3,0.262838,0.5059,,C,26910.3,9354.78
2023-05-24,0.847489,37000,26910.3,0.318408,0.5145,,C,26910.3,8989.28
2023-05-31,0.0228311,22000,27147.4,-0.210239,0.6189,,P,27147.4,117.558
2023-05-31,0.0228311,23500,27147.4,-0.144281,0.5838,,P,27147.4,399.235
2023-05-31,0.0228311,25000,27147.4,-0.0824052,0.4797,,P,27147.4,822.338
2023-05-31,0.0228311,26500,27147.4,-0.0241363,0.4135,,P,27147.4,1499.83
2023-05-31,0.0228311,27500,27147.4,0.0129049,0.3906,,C,27147.4,1607.43
2023-05-31,0.0228311,29000,27147.4,0.0660148,0.4133,,C,27147.4,966.885
2023-05-31,0.0228311,31000,27147.4,0.132706,0.4983,,C,27147.4,369.69
2023-05-31,0.0228311,34000,27147.4,0.225079,0.5731,,C,27147.4,62.4221
2023-05-31,0.0420091,20000,27130.9,-0.30494,0.7226,,P,27130.9,228.086
2023-05-31,0.0420091,23500,27130.9,-0.143671,0.5282,,P,27130.9,854.631
2023-05-31,0.0420091,25000,27130.9,-0.0817961,0.4645,,P,27130.9,1470.63
2023-05-31,0.0420091,27000,27130.9,-0.00483502,0.4125,,P,27130.9,2207.48
2023-05-31,0.0420091,28500,27130.9,0.0492322,0.4143,,C,27130.9,1920.22
2023-05-31,0.0420091,30500,27130.9,0.117055,0.4444,,C,27130.9,1028.93
2023-05-31,0.0420091,33000,27130.9,0.195836,0.53,,C,27130.9,481.054
2023-05-31,0.0420091,37000,27130.9,0.310246,0.6268,,C,27130.9,140.002
2023-05-31,0.0803653,20000,27124.8,-0.304715,0.6577,,P,27124.8,689.87
2023-05-31,0.0803653,22000,27124.8,-0.209405,0.5579,,P,27124.8,1146.33
2023-05-31,0.0803653,25000,27124.8,-0.0815718,0.434,,P,27124.8,2359.52
2023-05-31,0.0803653,27000,27124.8,-0.00461077,0.3867,,P,27124.8,3053.32
2023-05-31,0.0803653,30000,27124.8,0.10075,0.4014,,C,27124.8,2176.52
2023-05-31,0.0803653,32000,27124.8,0.165288,0.44,,C,27124.8,1382.16
2023-05-31,0.0803653,35000,27124.8,0.2549,0.515,,C,27124.8,756.961
2023-05-31,0.0803653,38000,27124.8,0.337139,0.59,,C,27124.8,474.5
2023-05-31,0.157078,20000,27191.4,-0.30717,0.567,,P,27191.4,1439.57
2023-05-31,0.157078,22000,27191.4,-0.21186,0.5008,,P,27191.4,2176.97
2023-05-31,0.157078,25000,27191.4,-0.0840262,0.431,,P,27191.4,3639.37
2023-05-31,0.157078,27000,27191.4,-0.00706519,0.4097,,P,27191.4,4266.02
2023-05-31,0.157078,29000,27191.4,0.0643938,0.4025,,C,27191.4,4079.6
2023-05-31,0.157078,31000,27191.4,0.131085,0.4213,,C,27191.4,3361.38
2023-05-31,0.157078,34000,27191.4,0.223458,0.4446,,C,27191.4,2142.99
2023-05-31,0.157078,38000,27191.4,0.334684,0.5041,,C,27191.4,1243.21
2023-05-31,0.23379,20000,27175.6,-0.306587,0.5206,,P,27175.6,2125.01
2023-05-31,0.23379,22000,27175.6,-0.211277,0.4769,,P,27175.6,3079.22
2023-05-31,0.23379,25000,27175.6,-0.0834436,0.4298,,P,27175.6,4613.48
2023-05-31,0.23379,27000,27175.6,-0.00648258,0.4154,,P,27175.6,5196.11
2023-05-31,0.23379,29000,27175.6,0.0649764,0.4153,,C,27175.6,5113.13
2023-05-31,0.23379,31000,27175.6,0.131668,0.422,,C,27175.6,4522.86
2023-05-31,0.23379,34000,27175.6,0.224041,0.4499,,C,27175.6,3429.67
2023-05-31,0.23379,38000,27175.6,0.335267,0.4888,,C,27175.6,2250.64
2023-05-31,0.32968,20000,27188.9,-0.307075,0.5262,,P,27188.9,3150.66
2023-05-31,0.32968,22000,27188.9,-0.211765,0.4833,,P,27188.9,4146.94
2023-05-31,0.32968,26000,27188.9,-0.0447109,0.4333,,P,27188.9,5946.56
2023-05-31,0.32968,28000,27188.9,0.0293971,0.4239,,C,27188.9,6227.98
2023-05-31,0.32968,30000,27188.9,0.09839,0.4309,,C,27188.9,5998.59
2023-05-31,0.32968,32000,27188.9,0.162929,0.4399,,C,27188.9,5443.9
2023-05-31,0.32968,36000,27188.9,0.280712,0.4697,,C,27188.9,4131.42
2023-05-31,0.32968,38000,27188.9,0.334779,0.4884,,C,27188.9,3575.19
2023-05-31,0.578995,20000,27436.9,-0.316158,0.5,,P,27436.9,4944.5
2023-05-31,0.578995,23000,27436.9,-0.176396,0.4683,,P,27436.9,6640.1
2023-05-31,0.578995,25000,27436.9,-0.0930144,0.459,,P,27436.9,7557.22
2023-05-31,0.578995,27000,27436.9,-0.0160534,0.4651,,P,27436.9,8125.52
2023-05-31,0.578995,30000,27436.9,0.0893071,0.4395,,C,27436.9,8287.41
2023-05-31,0.578995,33000,27436.9,0.184617,0.4528,,C,27436.9,7796.18
2023-05-31,0.578995,35000,27436.9,0.243458,0.4545,,C,27436.9,7233.44
2023-05-31,0.578995,37000,27436.9,0.299028,0.4731,,C,27436.9,6739.88
2023-05-31,0.828311,20000,27726.4,-0.326651,0.4991,,P,27726.4,6433.89
2023-05-31,0.828311,25000,27726.4,-0.103508,0.4777,,P,27726.4,9075.15
2023-05-31,0.828311,26000,27726.4,-0.064287,0.4697,,P,27726.4,9421.25
2023-05-31,0.828311,27000,27726.4,-0.0265467,0.4657,,P,27726.4,9694.62
2023-05-31,0.828311,35000,27726.4,0.232964,0.472,,C,27726.4,9541.25
2023-05-31,0.828311,36000,27726.4,0.261135,0.4784,,C,27726.4,9358.42
2023-05-31,0.828311,37000,27726.4,0.288534,0.4724,,C,27726.4,9072.35
2023-06-07,0.0228311,21000,26436.4,-0.230218,0.7049,,P,26436.4,137.173
2023-06-07,0.0228311,23000,26436.4,-0.139246,0.5945,,P,26436.4,446.596
2023-06-07,0.0228311,24500,26436.4,-0.0760673,0.5067,,P,26436.4,935.813
2023-06-07,0.0228311,26000,26436.4,-0.0166439,0.4432,,P,26436.4,1531.45
2023-06-07,0.0228311,28000,26436.4,0.0574641,0.4449,,C,26436.4,1137.46
2023-06-07,0.0228311,29500,26436.4,0.10965,0.5144,,C,26436.4,621.869
2023-06-07,0.0228311,31000,26436.4,0.159247,0.5557,,C,26436.4,285.433
2023-06-07,0.0228311,34000,26436.4,0.25162,0.6706,,C,26436.4,82.6839
2023-06-07,0.0420091,20000,26406.6,-0.277882,0.6688,,P,26406.6,240.201
2023-06-07,0.0420091,22500,26406.6,-0.160099,0.5346,,P,26406.6,684.37
2023-06-07,0.0420091,24500,26406.6,-0.0749414,0.4668,,P,26406.6,1528.61
2023-06-07,0.0420091,26000,26406.6,-0.015518,0.4105,,P,26406.6,2104.52
2023-06-07,0.0420091,27500,26406.6,0.0405715,0.4088,,C,26406.6,1957.99
2023-06-07,0.0420091,29000,26406.6,0.0936813,0.4421,,C,26406.6,1324.62
2023-06-07,0.0420091,32000,26406.6,0.192121,0.5303,,C,26406.6,497.646
2023-06-07,0.0420091,36000,26406.6,0.309904,0.6028,,C,26406.6,108.279
2023-06-07,0.0611872,20000,26447.4,-0.279427,0.6552,,P,26447.4,511.732
2023-06-07,0.0611872,23000,26447.4,-0.139665,0.4799,,P,26447.4,1216.04
2023-06-07,0.0611872,25000,26447.4,-0.0562832,0.4302,,P,26447.4,2203.14
2023-06-07,0.0611872,27000,26447.4,0.0206778,0.4093,,C,26447.4,2579.29
2023-06-07,0.0611872,28000,26447.4,0.0570455,0.4051,,C,26447.4,2280.83
2023-06-07,0.0611872,31000,26447.4,0.158828,0.4647,,C,26447.4,1085.98
2023-06-07,0.0611872,33000,26447.4,0.221349,0.5332,,C,26447.4,711.453
2023-06-07,0.0611872,36000,26447.4,0.30836,0.6184,,C,26447.4,398.018
2023-06-07,0.1379,19000,26438.2,-0.330371,0.5755,,P,26438.2,999.494
2023-06-07,0.1379,21000,26438.2,-0.230287,0.5014,,P,26438.2,1617.57
2023-06-07,0.1379,24000,26438.2,-0.096756,0.4384,,P,26438.2,3117.25
2023-06-07,0.1379,26000,26438.2,-0.0167133,0.4051,,P,26438.2,3849.33
2023-06-07,0.1379,29000,26438.2,0.092486,0.397,,C,26438.2,3360.21
2023-06-07,0.1379,31000,26438.2,0.159177,0.4143,,C,26438.2,2476.03
2023-06-07,0.1379,34000,26438.2,0.251551,0.4682,,C,26438.2,1553.67
2023-06-07,0.1379,36000,26438.2,0.308709,0.5021,,C,26438.2,1155.6
2023-06-07,0.214612,19000,26471.5,-0.33163,0.5417,,P,26471.5,1717.37
2023-06-07,0.214612,21000,26471.5,-0.231547,0.4835,,P,26471.5,2537.82
2023-06-07,0.214612,24000,26471.5,-0.0980156,0.423,,P,26471.5,4090.92
2023-06-07,0.214612,26000,26471.5,-0.0179729,0.4006,,P,26471.5,4805.15
2023-06-07,0.214612,28000,26471.5,0.0561351,0.4005,,C,26471.5,4785.85
2023-06-07,0.214612,30000,26471.5,0.125128,0.4011,,C,26471.5,4133.74
2023-06-07,0.214612,33000,26471.5,0.220438,0.4341,,C,26471.5,2980.41
2023-06-07,0.214612,36000,26471.5,0.307449,0.467,,C,26471.5,2066.29
2023-06-07,0.310502,19000,26584.6,-0.335891,0.5117,,P,26584.6,2471.05
2023-06-07,0.310502,21000,26584.6,-0.235808,0.4673,,P,26584.6,3456.26
2023-06-07,0.310502,24000,26584.6,-0.102276,0.4024,,P,26584.6,5028.7
2023-06-07,0.310502,26000,26584.6,-0.0222337,0.3901,,P,26584.6,5779.72
2023-06-07,0.310502,29000,26584.6,0.0869656,0.396,,C,26584.6,5676.55
2023-06-07,0.310502,31000,26584.6,0.153657,0.4055,,C,26584.6,5032.09
2023-06-07,0.310502,35000,26584.6,0.275018,0.4449,,C,26584.6,3636.84
2023-06-07,0.310502,37000,26584.6,0.330588,0.4631,,C,26584.6,3043.43
2023-06-07,0.559817,20000,27158.4,-0.305953,0.4741,,P,27158.4,4720.96
2023-06-07,0.559817,22000,27158.4,-0.210642,0.4536,,P,27158.4,5931.93
2023-06-07,0.559817,24000,27158.4,-0.123631,0.4369,,P,27158.4,7000.51
2023-06-07,0.559817,27000,27158.4,-0.00584805,0.425,,P,27158.4,7980.02
2023-06-07,0.559817,30000,27158.4,0.0995125,0.431,,C,27158.4,8019.04
2023-06-07,0.559817,33000,27158.4,0.194823,0.4415,,C,27158.4,7407.76
2023-06-07,0.559817,35000,27158.4,0.253663,0.4519,,C,27158.4,6846.9
2023-06-07,0.559817,38000,27158.4,0.335901,0.4742,,C,27158.4,6029.95
2023-06-07,0.809132,20000,26976.1,-0.29922,0.484,,P,26976.1,6427.82
2023-06-07,0.809132,22000,26976.1,-0.20391,0.4599,,P,26976.1,7578.32
2023-06-07,0.809132,23000,26976.1,-0.159458,0.4645,,P,26976.1,8131.48
2023-06-07,0.809132,26000,26976.1,-0.0368558,0.4466,,P,26976.1,9274.87
2023-06-07,0.809132,29000,26976.1,0.0723435,0.4456,,C,26976.1,9678.62
2023-06-07,0.809132,34000,26976.1,0.231408,0.4549,,C,26976.1,9070.09
2023-06-07,0.809132,36000,26976.1,0.288567,0.4641,,C,26976.1,8616.8
2023-06-07,0.809132,38000,26976.1,0.342634,0.4776,,C,26976.1,8168.81
2023-06-14,0.0228311,19000,25124.5,-0.279403,0.8251,,P,25124.5,106.691
2023-06-14,0.0228311,22000,25124.5,-0.132799,0.5807,,P,25124.5,450.405
2023-06-14,0.0228311,23500,25124.5,-0.0668413,0.4663,,P,25124.5,933.378
2023-06-14,0.0228311,25000,25124.5,-0.0049659,0.3782,,P,25124.5,1504.44
2023-06-14,0.0228311,26000,25124.5,0.0342548,0.3974,,C,25124.5,1308.72
2023-06-14,0.0228311,27500,25124.5,0.0903443,0.4389,,C,25124.5,626.116
2023-06-14,0.0228311,29000,25124.5,0.143454,0.5398,,C,25124.5,346.209
2023-06-14,0.0228311,31000,25124.5,0.210145,0.539,,C,25124.5,60.2281
2023-06-14,0.0420091,18000,25124.6,-0.333475,0.8358,,P,25124.6,260.495
2023-06-14,0.0420091,21000,25124.6,-0.179325,0.6247,,P,25124.6,702.929
2023-06-14,0.0420091,24000,25124.6,-0.0457934,0.4186,,P,25124.6,1739.71
2023-06-14,0.0420091,25500,25124.6,0.0148313,0.3861,,C,25124.6,2032.05
2023-06-14,0.0420091,27500,25124.6,0.0903388,0.425,,C,25124.6,1254.11
2023-06-14,0.0420091,29000,25124.6,0.143449,0.4674,,C,25124.6,718.535
2023-06-14,0.0420091,32000,25124.6,0.241889,0.5423,,C,25124.6,216.838
2023-06-14,0.0420091,35000,25124.6,0.331501,0.754,,C,25124.6,242.217
2023-06-14,0.118721,18000,25149.1,-0.334449,0.6444,,P,25149.1,934.773
2023-06-14,0.118721,20000,25149.1,-0.229088,0.5472,,P,25149.1,1467.03
2023-06-14,0.118721,23000,25149.1,-0.0893264,0.4305,,P,25149.1,2750.16
2023-06-14,0.118721,25000,25149.1,-0.00594478,0.3911,,P,25149.1,3435.56
2023-06-14,0.118721,28000,25149.1,0.107384,0.4017,,C,25149.1,2693.19
2023-06-14,0.118721,30000,25149.1,0.176377,0.4382,,C,25149.1,1902.99
2023-06-14,0.118721,33000,25149.1,0.271687,0.4953,,C,25149.1,1111.16
2023-06-14,0.118721,35000,25149.1,0.330527,0.5201,,C,25149.1,741.36
2023-06-14,0.195434,18000,25193.8,-0.336226,0.5612,,P,25193.8,1487.74
2023-06-14,0.195434,20000,25193.8,-0.230865,0.497,,P,25193.8,2265.69
2023-06-14,0.195434,23000,25193.8,-0.0911033,0.4176,,P,25193.8,3742.74
2023-06-14,0.195434,25000,25193.8,-0.00772171,0.3934,,P,25193.8,4405.11
2023-06-14,0.195434,27000,25193.8,0.0692393,0.3949,,C,25193.8,4235.71
2023-06-14,0.195434,29000,25193.8,0.140698,0.4158,,C,25193.8,3541.6
2023-06-14,0.195434,32000,25193.8,0.239138,0.4525,,C,25193.8,2438.57
2023-06-14,0.195434,34000,25193.8,0.299763,0.4792,,C,25193.8,1886.13
2023-06-14,0.291324,18000,25277.7,-0.339552,0.5415,,P,25277.7,2314.09
2023-06-14,0.291324,20000,25277.7,-0.234192,0.4988,,P,25277.7,3286.52
2023-06-14,0.291324,23000,25277.7,-0.09443,0.4381,,P,25277.7,4760.65
2023-06-14,0.291324,25000,25277.7,-0.0110484,0.4094,,P,25277.7,5373.33
2023-06-14,0.291324,28000,25277.7,0.10228,0.4122,,C,25277.7,5122.32
2023-06-14,0.291324,30000,25277.7,0.171273,0.4187,,C,25277.7,4421.11
2023-06-14,0.291324,33000,25277.7,0.266583,0.4485,,C,25277.7,3366.68
2023-06-14,0.291324,35000,25277.7,0.325424,0.4713,,C,25277.7,2802.97
2023-06-14,0.540639,18000,25425.3,-0.345372,0.4973,,P,25425.3,3950.48
2023-06-14,0.540639,20000,25425.3,-0.240012,0.4745,,P,25425.3,5142.1
2023-06-14,0.540639,22000,25425.3,-0.144701,0.4527,,P,25425.3,6225.25
2023-06-14,0.540639,25000,25425.3,-0.0168681,0.4391,,P,25425.3,7289.79
2023-06-14,0.540639,28000,25425.3,0.0964606,0.4393,,C,25425.3,7388.33
2023-06-14,0.540639,30000,25425.3,0.165453,0.4496,,C,25425.3,7050.68
2023-06-14,0.540639,32000,25425.3,0.229992,0.4608,,C,25425.3,6550.63
2023-06-14,0.540639,35000,25425.3,0.319604,0.4809,,C,25425.3,5725.85
2023-06-14,0.789954,19000,25680.4,-0.30129,0.4835,,P,25680.4,5985.82
2023-06-14,0.789954,21000,25680.4,-0.201206,0.4672,,P,25680.4,7166.01
2023-06-14,0.789954,22000,25680.4,-0.154686,0.4643,,P,25680.4,7690.73
2023-06-14,0.789954,24000,25680.4,-0.0676749,0.4491,,P,25680.4,8506.02
2023-06-14,0.789954,25000,25680.4,-0.0268529,0.4471,,P,25680.4,8788.57
2023-06-14,0.789954,28000,25680.4,0.0864758,0.4552,,C,25680.4,9105.1
2023-06-14,0.789954,30000,25680.4,0.155469,0.4569,,C,25680.4,8959.7
2023-06-14,0.789954,36000,25680.4,0.33779,0.4837,,C,25680.4,7736.98
2023-06-21,0.0228311,22000,30188.4,-0.316417,0.9111,,P,30188.4,110.443
2023-06-21,0.0228311,24500,30188.4,-0.208786,0.7403,,P,30188.4,286.738
2023-06-21,0.0228311,26000,30188.4,-0.149363,0.6174,,P,30188.4,468.232
2023-06-21,0.0228311,28000,30188.4,-0.0752547,0.5558,,P,30188.4,1171.99
2023-06-21,0.0228311,29500,30188.4,-0.023069,0.516,,P,30188.4,1720.54
2023-06-21,0.0228311,31500,30188.4,0.0425283,0.5481,,C,30188.4,1627.85
2023-06-21,0.0228311,34000,30188.4,0.118901,0.6349,,C,30188.4,894.87
2023-06-21,0.0228311,40000,30188.4,0.28142,0.8989,,C,30188.4,244.29
2023-06-21,0.0420091,21500,30135.3,-0.337646,0.7219,,P,30135.3,153.592
2023-06-21,0.0420091,23500,30135.3,-0.248698,0.6886,,P,30135.3,459.537
2023-06-21,0.0420091,26000,30135.3,-0.147602,0.5851,,P,30135.3,1071.2
2023-06-21,0.0420091,28000,30135.3,-0.0734943,0.5331,,P,30135.3,1891.51
2023-06-21,0.0420091,30500,30135.3,0.0120279,0.5178,,C,30135.3,2459.63
2023-06-21,0.0420091,33000,30135.3,0.0908088,0.5631,,C,30135.3,1888.97
2023-06-21,0.0420091,38000,30135.3,0.231887,0.7038,,C,30135.3,758.139
2023-06-21,0.0420091,42000,30135.3,0.331971,0.8277,,C,30135.3,427.246
2023-06-21,0.0995434,22000,30279.6,-0.319433,0.6851,,P,30279.6,1083.76
2023-06-21,0.0995434,24000,30279.6,-0.232421,0.5985,,P,30279.6,1583.74
2023-06-21,0.0995434,27000,30279.6,-0.114638,0.5326,,P,30279.6,2841.68
2023-06-21,0.0995434,29000,30279.6,-0.0431795,0.5146,,P,30279.6,3588.4
2023-06-21,0.0995434,32000,30279.6,0.0552606,0.5408,,C,30279.6,3704.32
2023-06-21,0.0995434,34000,30279.6,0.115885,0.5529,,C,30279.6,3226.62
2023-06-21,0.0995434,38000,30279.6,0.227111,0.6156,,C,30279.6,2145.01
2023-06-21,0.0995434,42000,30279.6,0.327194,0.6634,,C,30279.6,1315.51
2023-06-21,0.176256,22000,30264.7,-0.318941,0.6007,,P,30264.7,1927.08
2023-06-21,0.176256,24000,30264.7,-0.23193,0.5502,,P,30264.7,2708.57
2023-06-21,0.176256,27000,30264.7,-0.114147,0.519,,P,30264.7,4149.16
2023-06-21,0.176256,29000,30264.7,-0.0426878,0.5102,,P,30264.7,4836.53
2023-06-21,0.176256,32000,30264.7,0.0557523,0.5208,,C,30264.7,5015.47
2023-06-21,0.176256,34000,30264.7,0.116377,0.5364,,C,30264.7,4671.37
2023-06-21,0.176256,38000,30264.7,0.227603,0.5801,,C,30264.7,3643.08
2023-06-21,0.176256,42000,30264.7,0.327686,0.6253,,C,30264.7,2716.41
2023-06-21,0.272146,22000,30449.3,-0.325022,0.5869,,P,30449.3,3030.5
2023-06-21,0.272146,24000,30449.3,-0.23801,0.5569,,P,30449.3,3979.97
2023-06-21,0.272146,27000,30449.3,-0.120227,0.5158,,P,30449.3,5351.81
2023-06-21,0.272146,29000,30449.3,-0.0487684,0.5103,,P,30449.3,6027.88
2023-06-21,0.272146,32000,30449.3,0.0496716,0.5197,,C,30449.3,6329.89
2023-06-21,0.272146,34000,30449.3,0.110296,0.533,,C,30449.3,6130.2
2023-06-21,0.272146,37000,30449.3,0.194854,0.5543,,C,30449.3,5508.85
2023-06-21,0.272146,40000,30449.3,0.272815,0.576,,C,30449.3,4755.89
2023-06-21,0.521461,22000,30721.7,-0.333927,0.5548,,P,30721.7,5186.64
2023-06-21,0.521461,25000,30721.7,-0.206094,0.5305,,P,30721.7,6782.64
2023-06-21,0.521461,27000,30721.7,-0.129133,0.5133,,P,30721.7,7675.6
2023-06-21,0.521461,30000,30721.7,-0.023772,0.5184,,P,30721.7,8576.72
2023-06-21,0.521461,32000,30721.7,0.0407665,0.5193,,C,30721.7,8823.04
2023-06-21,0.521461,35000,30721.7,0.130379,0.5187,,C,30721.7,8736.79
2023-06-21,0.521461,37000,30721.7,0.185949,0.5304,,C,30721.7,8476.17
2023-06-21,0.521461,40000,30721.7,0.26391,0.5459,,C,30721.7,7916.15
2023-06-21,0.770776,22000,30901.3,-0.339754,0.5463,,P,30901.3,6904.29
2023-06-21,0.770776,24000,30901.3,-0.252743,0.5377,,P,30901.3,8037.58
2023-06-21,0.770776,28000,30901.3,-0.0985922,0.5173,,P,30901.3,9806.42
2023-06-21,0.770776,30000,30901.3,-0.0295993,0.5105,,P,30901.3,10377
2023-06-21,0.770776,33000,30901.3,0.0657109,0.5251,,C,30901.3,10781.3
2023-06-21,0.770776,35000,30901.3,0.124551,0.5234,,C,30901.3,10813.8
2023-06-21,0.770776,39000,30901.3,0.232765,0.5364,,C,30901.3,10466.6
2023-06-21,0.770776,41000,30901.3,0.282775,0.5486,,C,30901.3,10193.2
2023-06-28,0.0228311,23500,30203.2,-0.250946,0.7347,,P,30203.2,124.583
2023-06-28,0.0228311,25500,30203.2,-0.169268,0.6052,,P,30203.2,301.303
2023-06-28,0.0228311,27000,30203.2,-0.112109,0.5058,,P,30203.2,586.553
2023-06-28,0.0228311,29000,30203.2,-0.0406505,0.4531,,P,30203.2,1494.82
2023-06-28,0.0228311,30500,30203.2,0.00978033,0.4486,,C,30203.2,1809.58
2023-06-28,0.0228311,32500,30203.2,0.0732937,0.5078,,C,30203.2,1195.86
2023-06-28,0.0228311,35000,30203.2,0.147402,0.5804,,C,30203.2,476.833
2023-06-28,0.0228311,39000,30203.2,0.255615,0.6777,,C,30203.2,91.637
2023-06-28,0.0420091,23000,30219.6,-0.272995,0.658,,P,30219.6,277.236
2023-06-28,0.0420091,26500,30219.6,-0.131345,0.4916,,P,30219.6,988.12
2023-06-28,0.0420091,28500,30219.6,-0.0585854,0.4536,,P,30219.6,1965.41
2023-06-28,0.0420091,30500,30219.6,0.00923717,0.4405,,C,30219.6,2466.95
2023-06-28,0.0420091,32000,30219.6,0.0572464,0.4645,,C,30219.6,2119.81
2023-06-28,0.0420091,34000,30219.6,0.117871,0.5126,,C,30219.6,1394.92
2023-06-28,0.0420091,38000,30219.6,0.229097,0.6245,,C,30219.6,557.302
2023-06-28,0.0420091,42000,30219.6,0.32918,0.6792,,C,30219.6,177.468
2023-06-28,0.0803653,22000,30322,-0.32083,0.6347,,P,30322,593.442
2023-06-28,0.0803653,24000,30322,-0.233819,0.5447,,P,30322,966.601
2023-06-28,0.0803653,27000,30322,-0.116036,0.4786,,P,30322,2239.64
2023-06-28,0.0803653,29000,30322,-0.044577,0.4469,,P,30322,3146.06
2023-06-28,0.0803653,32000,30322,0.0538631,0.4652,,C,30322,3233.93
2023-06-28,0.0803653,34000,30322,0.114488,0.4972,,C,30322,2604.47
2023-06-28,0.0803653,38000,30322,0.225713,0.5696,,C,30322,1440.5
2023-06-28,0.0803653,42000,30322,0.325797,0.6364,,C,30322,787.12
2023-06-28,0.157078,22000,30410.7,-0.323752,0.5824,,P,30410.7,1519.18
2023-06-28,0.157078,24000,30410.7,-0.23674,0.5102,,P,30410.7,2141.5
2023-06-28,0.157078,27000,30410.7,-0.118957,0.4679,,P,30410.7,3672.32
2023-06-28,0.157078,29000,30410.7,-0.0474982,0.452,,P,30410.7,4515.14
2023-06-28,0.157078,32000,30410.7,0.0509418,0.4672,,C,30410.7,4728.88
2023-06-28,0.157078,34000,30410.7,0.111566,0.4859,,C,30410.7,4278.84
2023-06-28,0.157078,38000,30410.7,0.222792,0.5356,,C,30410.7,3081.25
2023-06-28,0.157078,42000,30410.7,0.322876,0.575,,C,30410.7,2057.78
2023-06-28,0.252968,22000,30532.7,-0.327757,0.5498,,P,30532.7,2551.69
2023-06-28,0.252968,24000,30532.7,-0.240745,0.5131,,P,30532.7,3486.12
2023-06-28,0.252968,27000,30532.7,-0.122962,0.4734,,P,30532.7,5006.3
2023-06-28,0.252968,29000,30532.7,-0.0515033,0.4602,,P,30532.7,5785.82
2023-06-28,0.252968,32000,30532.7,0.0469367,0.4652,,C,30532.7,6105.06
2023-06-28,0.252968,34000,30532.7,0.107561,0.4838,,C,30532.7,5819.98
2023-06-28,0.252968,37000,30532.7,0.192119,0.5,,C,30532.7,4997.59
2023-06-28,0.252968,40000,30532.7,0.27008,0.5418,,C,30532.7,4251.3
2023-06-28,0.502283,22000,30839.7,-0.33776,0.547,,P,30839.7,4944.9
2023-06-28,0.502283,25000,30839.7,-0.209927,0.5008,,P,30839.7,6487.93
2023-06-28,0.502283,27000,30839.7,-0.132966,0.4949,,P,30839.7,7477.15
2023-06-28,0.502283,30000,30839.7,-0.0276052,0.4917,,P,30839.7,8443.94
2023-06-28,0.502283,32000,30839.7,0.0369334,0.4912,,C,30839.7,8699.44
2023-06-28,0.502283,35000,30839.7,0.126546,0.5055,,C,30839.7,8588.41
2023-06-28,0.502283,37000,30839.7,0.182115,0.517,,C,30839.7,8300.58
2023-06-28,0.502283,40000,30839.7,0.260077,0.5356,,C,30839.7,7712.78
2023-06-28,0.751598,23000,31264.5,-0.30699,0.5265,,P,31264.5,7207.05
2023-06-28,0.751598,24000,31264.5,-0.26443,0.5199,,P,31264.5,7776.18
2023-06-28,0.751598,25000,31264.5,-0.223609,0.534,,P,31264.5,8377.3
2023-06-28,0.751598,30000,31264.5,-0.0412869,0.5225,,P,31264.5,10281.3
2023-06-28,0.751598,40000,31264.5,0.246395,0.5381,,C,31264.5,10353
2023-07-05,0.0228311,25000,30578.4,-0.201418,0.7459,,P,30578.4,337.004
2023-07-05,0.0228311,26500,30578.4,-0.143149,0.6136,,P,30578.4,520.464
2023-07-05,0.0228311,28500,30578.4,-0.0703894,0.5036,,P,30578.4,1159.25
2023-07-05,0.0228311,30000,30578.4,-0.0190961,0.4438,,P,30578.4,1752.22
2023-07-05,0.0228311,32000,30578.4,0.0454424,0.4392,,C,30578.4,1490.73
2023-07-05,0.0228311,33500,30578.4,0.0912519,0.4561,,C,30578.4,802.484
2023-07-05,0.0228311,37000,30578.4,0.190624,0.5777,,C,30578.4,186.636
2023-07-05,0.0228311,40000,30578.4,0.268586,0.7151,,C,30578.4,95.8425
2023-07-05,0.0420091,22000,30565.6,-0.328833,0.7062,,P,30565.6,160.151
2023-07-05,0.0420091,25500,30565.6,-0.181197,0.5566,,P,30565.6,645.591
2023-07-05,0.0420091,28000,30565.6,-0.0876708,0.4379,,P,30565.6,1483.03
2023-07-05,0.0420091,30000,30565.6,-0.0186779,0.408,,P,30565.6,2412.94
2023-07-05,0.0420091,32000,30565.6,0.0458606,0.4184,,C,30565.6,2214.48
2023-07-05,0.0420091,34000,30565.6,0.106485,0.4492,,C,30565.6,1348.97
2023-07-05,0.0420091,39000,30565.6,0.243686,0.5175,,C,30565.6,201.345
2023-07-05,0.0420091,43000,30565.6,0.341325,0.6669,,C,30565.6,130.888
2023-07-05,0.0611872,22000,30629.1,-0.330908,0.6896,,P,30629.1,388.836
2023-07-05,0.0611872,24000,30629.1,-0.243897,0.5872,,P,30629.1,651.646
2023-07-05,0.0611872,27000,30629.1,-0.126114,0.4777,,P,30629.1,1602.82
2023-07-05,0.0611872,29000,30629.1,-0.0546546,0.4274,,P,30629.1,2569.6
2023-07-05,0.0611872,32000,30629.1,0.0437855,0.4262,,C,30629.1,2830.24
2023-07-05,0.0611872,34000,30629.1,0.10441,0.4626,,C,30629.1,2096.76
2023-07-05,0.0611872,38000,30629.1,0.215636,0.5231,,C,30629.1,837.96
2023-07-05,0.0611872,42000,30629.1,0.315719,0.5899,,C,30629.1,339.784
2023-07-05,0.1379,22000,30756.7,-0.335064,0.5729,,P,30756.7,1108.63
2023-07-05,0.1379,24000,30756.7,-0.248053,0.5095,,P,30756.7,1696.61
2023-07-05,0.1379,27000,30756.7,-0.13027,0.4545,,P,30756.7,3158.16
2023-07-05,0.1379,29000,30756.7,-0.0588107,0.442,,P,30756.7,4135.42
2023-07-05,0.1379,32000,30756.7,0.0396294,0.4488,,C,30756.7,4502.47
2023-07-05,0.1379,34000,30756.7,0.100254,0.4665,,C,30756.7,4036.87
2023-07-05,0.1379,38000,30756.7,0.21148,0.5042,,C,30756.7,2664.54
2023-07-05,0.1379,42000,30756.7,0.311563,0.5533,,C,30756.7,1677.62
2023-07-05,0.23379,22000,30944.9,-0.341166,0.5482,,P,30944.9,2179.12
2023-07-05,0.23379,24000,30944.9,-0.254154,0.5121,,P,30944.9,3080.47
2023-07-05,0.23379,27000,30944.9,-0.136371,0.4754,,P,30944.9,4645.18
2023-07-05,0.23379,29000,30944.9,-0.0649122,0.4682,,P,30944.9,5510.37
2023-07-05,0.23379,32000,30944.9,0.0335279,0.474,,C,30944.9,5966.15
2023-07-05,0.23379,34000,30944.9,0.0941525,0.4793,,C,30944.9,5722.69
2023-07-05,0.23379,37000,30944.9,0.17871,0.499,,C,30944.9,4925.24
2023-07-05,0.23379,40000,30944.9,0.256671,0.5195,,C,30944.9,3994.76
2023-07-05,0.483105,23000,31354.2,-0.309852,0.5257,,P,31354.2,5111.43
2023-07-05,0.483105,25000,31354.2,-0.226471,0.5153,,P,31354.2,6255.54
2023-07-05,0.483105,28000,31354.2,-0.113142,0.502,,P,31354.2,7677.43
2023-07-05,0.483105,30000,31354.2,-0.0441493,0.5006,,P,31354.2,8309.42
2023-07-05,0.483105,33000,31354.2,0.0511609,0.5059,,C,31354.2,8690.13
2023-07-05,0.483105,35000,31354.2,0.110001,0.5075,,C,31354.2,8614.71
2023-07-05,0.483105,38000,31354.2,0.192239,0.5236,,C,31354.2,8188.24
2023-07-05,0.483105,40000,31354.2,0.243533,0.5355,,C,31354.2,7791.57
2023-07-05,0.73242,27000,31603,-0.157414,0.51,,P,31603,9125.35
2023-07-05,0.73242,30000,31603,-0.0520532,0.5103,,P,31603,10192.4
2023-07-05,0.73242,32000,31603,0.0124853,0.512,,C,31603,10595.7
2023-07-05,0.73242,33000,31603,0.043257,0.5196,,C,31603,10705.9
2023-07-05,0.73242,34000,31603,0.07311,0.5188,,C,31603,10772.2
2023-07-05,0.73242,35000,31603,0.102097,0.528,,C,31603,10789.9
2023-07-05,0.981735,25000,32079.6,-0.249343,0.5236,,P,32079.6,9643.18
2023-07-05,0.981735,26000,32079.6,-0.210123,0.5171,,P,32079.6,10156.3
2023-07-05,0.981735,30000,32079.6,-0.0670218,0.5187,,P,32079.6,11763.9
2023-07-05,0.981735,33000,32079.6,0.0282884,0.5251,,C,32079.6,12414.8
2023-07-05,0.981735,34000,32079.6,0.0581414,0.5279,,C,32079.6,12537.9
2023-07-05,0.981735,40000,32079.6,0.22066,0.5452,,C,32079.6,12559.6
2023-07-12,0.0228311,26500,30456.3,-0.139149,0.5401,,P,30456.3,399.915
2023-07-12,0.0228311,28000,30456.3,-0.0840891,0.4281,,P,30456.3,755.797
2023-07-12,0.0228311,29500,30456.3,-0.0319033,0.3656,,P,30456.3,1528.73
2023-07-12,0.0228311,31000,30456.3,0.0176936,0.3686,,C,30456.3,1760.39
2023-07-12,0.0228311,32500,30456.3,0.0649465,0.4152,,C,30456.3,1109.24
2023-07-12,0.0228311,34000,30456.3,0.110067,0.463,,C,30456.3,562.32
2023-07-12,0.0228311,37000,30456.3,0.194624,0.6112,,C,30456.3,219.408
2023-07-12,0.0228311,42000,30456.3,0.321376,0.7901,,C,30456.3,57.4479
2023-07-12,0.0420091,23000,30477.2,-0.281485,0.6588,,P,30477.2,245.918
2023-07-12,0.0420091,25000,30477.2,-0.198103,0.5525,,P,30477.2,487.857
2023-07-12,0.0420091,28000,30477.2,-0.0847743,0.401,,P,30477.2,1402.04
2023-07-12,0.0420091,30000,30477.2,-0.0157814,0.3887,,P,30477.2,2422.51
2023-07-12,0.0420091,32000,30477.2,0.0487571,0.3857,,C,30477.2,2109.62
2023-07-12,0.0420091,34000,30477.2,0.109382,0.4348,,C,30477.2,1238.08
2023-07-12,0.0420091,38000,30477.2,0.220607,0.5507,,C,30477.2,411.398
2023-07-12,0.0420091,42000,30477.2,0.320691,0.6437,,C,30477.2,152.152
2023-07-12,0.118721,22000,30634.8,-0.331096,0.5554,,P,30634.8,795.236
2023-07-12,0.118721,24000,30634.8,-0.244084,0.4836,,P,30634.8,1270.4
2023-07-12,0.118721,27000,30634.8,-0.126301,0.4238,,P,30634.8,2712.42
2023-07-12,0.118721,29000,30634.8,-0.0548422,0.3926,,P,30634.8,3765.28
2023-07-12,0.118721,32000,30634.8,0.0435979,0.3917,,C,30634.8,4075.77
2023-07-12,0.118721,34000,30634.8,0.104223,0.4206,,C,30634.8,3416.44
2023-07-12,0.118721,38000,30634.8,0.215448,0.4789,,C,30634.8,1993.01
2023-07-12,0.118721,42000,30634.8,0.315532,0.5351,,C,30634.8,1135.23
2023-07-12,0.214612,22000,30831.6,-0.337499,0.5178,,P,30831.6,1776.1
2023-07-12,0.214612,24000,30831.6,-0.250488,0.4902,,P,30831.6,2718.6
2023-07-12,0.214612,27000,30831.6,-0.132705,0.4343,,P,30831.6,4268.25
2023-07-12,0.214612,29000,30831.6,-0.0612457,0.4222,,P,30831.6,5236.79
2023-07-12,0.214612,32000,30831.6,0.0371944,0.421,,C,30831.6,5673.46
2023-07-12,0.214612,34000,30831.6,0.097819,0.4323,,C,30831.6,5284.35
2023-07-12,0.214612,37000,30831.6,0.182376,0.4562,,C,30831.6,4277.65
2023-07-12,0.214612,40000,30831.6,0.260338,0.5093,,C,30831.6,3506.42
2023-07-12,0.463927,23000,31267,-0.30707,0.5009,,P,31267,4789.81
2023-07-12,0.463927,25000,31267,-0.223689,0.4847,,P,31267,5957.2
2023-07-12,0.463927,28000,31267,-0.11036,0.4879,,P,31267,7504.37
2023-07-12,0.463927,30000,31267,-0.0413671,0.4902,,P,31267,8144.3
2023-07-12,0.463927,33000,31267,0.0539431,0.4907,,C,31267,8496
2023-07-12,0.463927,35000,31267,0.112784,0.4855,,C,31267,8365.98
2023-07-12,0.463927,38000,31267,0.195022,0.4991,,C,31267,7831.25
2023-07-12,0.463927,40000,31267,0.246315,0.5076,,C,31267,7345.2
2023-07-12,0.713242,30000,31978.2,-0.0638576,0.4998,,P,31978.2,10089.6
2023-07-12,0.713242,31000,31978.2,-0.0310678,0.5141,,P,31978.2,10334.5
2023-07-12,0.713242,36000,31978.2,0.118464,0.5182,,C,31978.2,10759.7
2023-07-12,0.713242,37000,31978.2,0.145863,0.5304,,C,31978.2,10718.6
2023-07-12,0.713242,38000,31978.2,0.172531,0.5353,,C,31978.2,10644.5
2023-07-12,0.713242,40000,31978.2,0.223824,0.5343,,C,31978.2,10387.4
2023-07-12,0.713242,45000,31978.2,0.341607,0.5426,,C,31978.2,9429.5
2023-07-12,0.962557,25000,31923.7,-0.244473,0.5382,,P,31923.7,9593.25
2023-07-12,0.962557,27000,31923.7,-0.167512,0.5164,,P,31923.7,10536.3
2023-07-12,0.962557,28000,31923.7,-0.131145,0.5192,,P,31923.7,10959.2
2023-07-12,0.962557,30000,31923.7,-0.0621518,0.5196,,P,31923.7,11638.7
2023-07-12,0.962557,35000,31923.7,0.0919988,0.5273,,C,31923.7,12454.3
2023-07-12,0.962557,40000,31923.7,0.22553,0.5302,,C,31923.7,12308.4
2023-07-12,0.962557,41000,31923.7,0.250223,0.5419,,C,31923.7,12235.7
2023-07-12,0.962557,45000,31923.7,0.343313,0.5508,,C,31923.7,11689.3
2023-07-19,0.0228311,22000,29979.2,-0.309462,0.8485,,P,29979.2,83.9001
2023-07-19,0.0228311,25000,29979.2,-0.181628,0.6033,,P,29979.2,226.495
2023-07-19,0.0228311,27000,29979.2,-0.104667,0.4593,,P,29979.2,549.646
2023-07-19,0.0228311,29500,29979.2,-0.0161138,0.3513,,P,29979.2,1711.32
2023-07-19,0.0228311,31000,29979.2,0.0334831,0.3619,,C,29979.2,1522.95
2023-07-19,0.0228311,34000,29979.2,0.125856,0.4912,,C,29979.2,456.693
2023-07-19,0.0228311,36000,29979.2,0.183015,0.576,,C,29979.2,216.838
2023-07-19,0.0228311,42000,29979.2,0.337166,0.7653,,C,29979.2,30.4368
2023-07-19,0.0420091,23000,30069.3,-0.268012,0.5896,,P,30069.3,183.5
2023-07-19,0.0420091,26500,30069.3,-0.126361,0.4297,,P,30069.3,823.844
2023-07-19,0.0420091,28500,30069.3,-0.053602,0.3633,,P,30069.3,1846.04
2023-07-19,0.0420091,30000,30069.3,-0.0023087,0.3538,,P,30069.3,2453.01
2023-07-19,0.0420091,31500,30069.3,0.0464815,0.3687,,C,30069.3,2081.31
2023-07-19,0.0420091,33000,30069.3,0.0930015,0.3999,,C,30069.3,1351.97
2023-07-19,0.0420091,35000,30069.3,0.151842,0.4449,,C,30069.3,662.408
2023-07-19,0.0420091,42000,30069.3,0.334164,0.6359,,C,30069.3,108.375
2023-07-19,0.0995434,22000,30149.5,-0.315126,0.543,,P,30149.5,594.94
2023-07-19,0.0995434,24000,30149.5,-0.228115,0.4772,,P,30149.5,1071.4
2023-07-19,0.0995434,27000,30149.5,-0.110332,0.3972,,P,30149.5,2432.6
2023-07-19,0.0995434,29000,30149.5,-0.0388726,0.3867,,P,30149.5,3531.05
2023-07-19,0.0995434,31000,30149.5,0.0278188,0.3867,,C,30149.5,3742.31
2023-07-19,0.0995434,33000,30149.5,0.0903392,0.4162,,C,30149.5,3126.81
2023-07-19,0.0995434,36000,30149.5,0.177351,0.4654,,C,30149.5,1994.16
2023-07-19,0.0995434,40000,30149.5,0.282711,0.5294,,C,30149.5,1039.85
2023-07-19,0.195434,22000,30352.6,-0.321841,0.5072,,P,30352.6,1616.62
2023-07-19,0.195434,24000,30352.6,-0.23483,0.4607,,P,30352.6,2436
2023-07-19,0.195434,27000,30352.6,-0.117047,0.4204,,P,30352.6,4122.74
2023-07-19,0.195434,29000,30352.6,-0.0455879,0.4121,,P,30352.6,5050.2
2023-07-19,0.195434,32000,30352.6,0.0528521,0.4181,,C,30352.6,5253.8
2023-07-19,0.195434,34000,30352.6,0.113477,0.4328,,C,30352.6,4730.18
2023-07-19,0.195434,37000,30352.6,0.198034,0.4676,,C,30352.6,3715.34
2023-07-19,0.195434,40000,30352.6,0.275996,0.501,,C,30352.6,2809.82
2023-07-19,0.444749,22000,30844.7,-0.337924,0.5072,,P,30844.7,4147.9
2023-07-19,0.444749,24000,30844.7,-0.250912,0.4944,,P,30844.7,5345.73
2023-07-19,0.444749,27000,30844.7,-0.133129,0.4768,,P,30844.7,6945.24
2023-07-19,0.444749,30000,30844.7,-0.0277689,0.4729,,P,30844.7,7962.25
2023-07-19,0.444749,33000,30844.7,0.0675413,0.4857,,C,30844.7,8197.43
2023-07-19,0.444749,35000,30844.7,0.126382,0.4907,,C,30844.7,8005.55
2023-07-19,0.444749,38000,30844.7,0.20862,0.5002,,C,30844.7,7387.18
2023-07-19,0.444749,40000,30844.7,0.259913,0.5132,,C,30844.7,6902.32
2023-07-19,0.694064,25000,31236.5,-0.222712,0.5086,,P,31236.5,7909.94
2023-07-19,0.694064,26000,31236.5,-0.183492,0.5072,,P,31236.5,8429.22
2023-07-19,0.694064,32000,31236.5,0.0241478,0.5075,,C,31236.5,10259
2023-07-19,0.694064,34000,31236.5,0.0847724,0.5103,,C,31236.5,10380.9
2023-07-19,0.694064,35000,31236.5,0.11376,0.5166,,C,31236.5,10369.3
2023-07-19,0.694064,40000,31236.5,0.247291,0.5282,,C,31236.5,9792.25
2023-07-19,0.694064,41000,31236.5,0.271984,0.533,,C,31236.5,9619.69
2023-07-19,0.943379,30000,31573.5,-0.0511214,0.5139,,P,31573.5,11499.3
2023-07-19,0.943379,35000,31573.5,0.103029,0.5294,,C,31573.5,12214.5
2023-07-19,0.943379,42000,31573.5,0.285351,0.5497,,C,31573.5,11804.2
2023-07-26,0.0228311,22000,29422.6,-0.290721,0.7446,,P,29422.6,54.3431
2023-07-26,0.0228311,26500,29422.6,-0.104619,0.424,,P,29422.6,443.467
2023-07-26,0.0228311,28500,29422.6,-0.0318597,0.3312,,P,29422.6,1424.92
2023-07-26,0.0228311,30500,29422.6,0.0359629,0.3508,,C,29422.6,1434.01
2023-07-26,0.0228311,32000,29422.6,0.0839722,0.403,,C,29422.6,714.406
2023-07-26,0.0228311,34000,29422.6,0.144597,0.5088,,C,29422.6,324.917
2023-07-26,0.0228311,37000,29422.6,0.229154,0.6398,,C,29422.6,119.676
2023-07-26,0.0228311,41000,29422.6,0.331808,0.772,,C,29422.6,36.5747
2023-07-26,0.0420091,24500,29451.7,-0.184078,0.4817,,P,29451.7,385.78
2023-07-26,0.0420091,26000,29451.7,-0.124655,0.4209,,P,29451.7,795.851
2023-07-26,0.0420091,27500,29451.7,-0.0685652,0.3699,,P,29451.7,1544.86
2023-07-26,0.0420091,29000,29451.7,-0.0154554,0.3395,,P,29451.7,2330.03
2023-07-26,0.0420091,30000,29451.7,0.0184462,0.3311,,C,29451.7,2341.01
2023-07-26,0.0420091,31500,29451.7,0.0672363,0.3591,,C,29451.7,1639.78
2023-07-26,0.0420091,33000,29451.7,0.113756,0.4114,,C,29451.7,1025.16
2023-07-26,0.0420091,39000,29451.7,0.28081,0.6053,,C,29451.7,213.474
2023-07-26,0.0803653,22000,29555.4,-0.295224,0.5241,,P,29555.4,399.414
2023-07-26,0.0803653,24000,29555.4,-0.208212,0.4628,,P,29555.4,853.159
2023-07-26,0.0803653,27000,29555.4,-0.0904291,0.3761,,P,29555.4,2226.5
2023-07-26,0.0803653,29000,29555.4,-0.0189701,0.3494,,P,29555.4,3246.86
2023-07-26,0.0803653,31000,29555.4,0.0477212,0.369,,C,29555.4,3080.76
2023-07-26,0.0803653,33000,29555.4,0.110242,0.4105,,C,29555.4,2251.19
2023-07-26,0.0803653,36000,29555.4,0.197253,0.4694,,C,29555.4,1226.91
2023-07-26,0.0803653,40000,29555.4,0.302613,0.5599,,C,29555.4,629.689
2023-07-26,0.176256,22000,29818.8,-0.304098,0.4829,,P,29818.8,1385.61
2023-07-26,0.176256,24000,29818.8,-0.217086,0.4376,,P,29818.8,2219.76
2023-07-26,0.176256,27000,29818.8,-0.0993032,0.4008,,P,29818.8,3978.72
2023-07-26,0.176256,29000,29818.8,-0.0278442,0.3869,,P,29818.8,4837.41
2023-07-26,0.176256,32000,29818.8,0.0705959,0.3989,,C,29818.8,4717.29
2023-07-26,0.176256,34000,29818.8,0.13122,0.4211,,C,29818.8,4033.1
2023-07-26,0.176256,37000,29818.8,0.215778,0.4533,,C,29818.8,2912.07
2023-07-26,0.176256,40000,29818.8,0.293739,0.4961,,C,29818.8,2128.08
2023-07-26,0.425571,23000,30069.4,-0.268012,0.4734,,P,30069.4,4640.88
2023-07-26,0.425571,25000,30069.4,-0.184631,0.4569,,P,30069.4,5824.86
2023-07-26,0.425571,28000,30069.4,-0.0713021,0.445,,P,30069.4,7250.4
2023-07-26,0.425571,31000,30069.4,0.0304806,0.4551,,C,30069.4,7817.45
2023-07-26,0.425571,34000,30069.4,0.122854,0.4643,,C,30069.4,7576.92
2023-07-26,0.425571,36000,30069.4,0.180012,0.4709,,C,30069.4,7127.25
2023-07-26,0.425571,38000,30069.4,0.23408,0.4827,,C,30069.4,6591.35
2023-07-26,0.425571,40000,30069.4,0.285373,0.4976,,C,30069.4,6052.66
2023-07-26,0.674886,23000,30419.2,-0.27958,0.4957,,P,30419.2,6708.23
2023-07-26,0.674886,27000,30419.2,-0.119237,0.4853,,P,30419.2,8804.99
2023-07-26,0.674886,28000,30419.2,-0.0828697,0.4827,,P,30419.2,9176.1
2023-07-26,0.674886,29000,30419.2,-0.0477784,0.4854,,P,30419.2,9474.33
2023-07-26,0.674886,30000,30419.2,-0.0138768,0.4849,,P,30419.2,9700.22
2023-07-26,0.674886,35000,30419.2,0.140274,0.4988,,C,30419.2,9875.78
2023-07-26,0.674886,36000,30419.2,0.168445,0.5025,,C,30419.2,9768.87
2023-07-26,0.924201,23000,30905.5,-0.295439,0.5277,,P,30905.5,8357.14
2023-07-26,0.924201,24000,30905.5,-0.25288,0.5094,,P,30905.5,8871.46
2023-07-26,0.924201,26000,30905.5,-0.172837,0.5046,,P,30905.5,9907.35
2023-07-26,0.924201,27000,30905.5,-0.135097,0.5032,,P,30905.5,10347.9
2023-07-26,0.924201,30000,30905.5,-0.029736,0.5116,,P,30905.5,11309.6
2023-07-26,0.924201,31000,30905.5,0.00305379,0.5107,,C,30905.5,11518.6
2023-07-26,0.924201,40000,30905.5,0.257946,0.5319,,C,30905.5,11491.8
2023-08-02,0.0228311,22000,29326.6,-0.287454,0.7825,,P,29326.6,79.5708
2023-08-02,0.0228311,27000,29326.6,-0.0826597,0.3878,,P,29326.6,626.878
2023-08-02,0.0228311,29000,29326.6,-0.0112008,0.324,,P,29326.6,1712.01
2023-08-02,0.0228311,30500,29326.6,0.0392301,0.3497,,C,29326.6,1368.07
2023-08-02,0.0228311,32000,29326.6,0.0872393,0.4208,,C,29326.6,720.06
2023-08-02,0.0228311,34000,29326.6,0.147864,0.4841,,C,29326.6,246.563
2023-08-02,0.0228311,38000,29326.6,0.25909,0.6313,,C,29326.6,50.2601
2023-08-02,0.0228311,41000,29326.6,0.335075,0.7432,,C,29326.6,24.3331
2023-08-02,0.0420091,22000,29258.5,-0.285126,0.64,,P,29258.5,195.001
2023-08-02,0.0420091,25000,29258.5,-0.157293,0.4572,,P,29258.5,539.996
2023-08-02,0.0420091,26500,29258.5,-0.0990241,0.3946,,P,29258.5,1075.12
2023-08-02,0.0420091,28500,29258.5,-0.0262648,0.3141,,P,29258.5,2171.51
2023-08-02,0.0420091,30000,29258.5,0.0250285,0.3239,,C,29258.5,2255.09
2023-08-02,0.0420091,32000,29258.5,0.089567,0.38,,C,29258.5,1290.57
2023-08-02,0.0420091,34000,29258.5,0.150192,0.4226,,C,29258.5,572.987
2023-08-02,0.0420091,41000,29258.5,0.337403,0.6226,,C,29258.5,85.7332
2023-08-02,0.0611872,22000,29217.7,-0.283732,0.5829,,P,29217.7,359.989
2023-08-02,0.0611872,24000,29217.7,-0.196721,0.4441,,P,29217.7,524.998
2023-08-02,0.0611872,27000,29217.7,-0.0789375,0.3484,,P,29217.7,1820.37
2023-08-02,0.0611872,29000,29217.7,-0.00747852,0.3209,,P,29217.7,2857.54
2023-08-02,0.0611872,31000,29217.7,0.0592129,0.3392,,C,29217.7,2313.21
2023-08-02,0.0611872,33000,29217.7,0.121733,0.3843,,C,29217.7,1348.13
2023-08-02,0.0611872,36000,29217.7,0.208745,0.4551,,C,29217.7,572.648
2023-08-02,0.0611872,40000,29217.7,0.314105,0.564,,C,29217.7,266.867
2023-08-02,0.157078,21000,29474.4,-0.339,0.505,,P,29474.4,932.548
2023-08-02,0.157078,23000,29474.4,-0.248028,0.4411,,P,29474.4,1499.02
2023-08-02,0.157078,27000,29474.4,-0.0876852,0.3634,,P,29474.4,3696.23
2023-08-02,0.157078,29000,29474.4,-0.0162262,0.3562,,P,29474.4,4580.77
2023-08-02,0.157078,32000,29474.4,0.0822139,0.3704,,C,29474.4,4139.89
2023-08-02,0.157078,34000,29474.4,0.142839,0.3981,,C,29474.4,3312.13
2023-08-02,0.157078,37000,29474.4,0.227396,0.4393,,C,29474.4,2216.84
2023-08-02,0.157078,40000,29474.4,0.305357,0.4771,,C,29474.4,1467.2
2023-08-02,0.23379,21000,29713.9,-0.347092,0.4738,,P,29713.9,1519.17
2023-08-02,0.23379,23000,29713.9,-0.25612,0.4404,,P,29713.9,2432.58
2023-08-02,0.23379,27000,29713.9,-0.0957772,0.3729,,P,29713.9,4725.49
2023-08-02,0.23379,29000,29713.9,-0.0243182,0.3744,,P,29713.9,5588.61
2023-08-02,0.23379,32000,29713.9,0.0741219,0.3789,,C,29713.9,5457.72
2023-08-02,0.23379,34000,29713.9,0.134746,0.3969,,C,29713.9,4769.68
2023-08-02,0.23379,38000,29713.9,0.245972,0.4439,,C,29713.9,3342
2023-08-02,0.23379,42000,29713.9,0.346056,0.482,,C,29713.9,2247.55
2023-08-02,0.406393,22000,29970.8,-0.30918,0.4671,,P,29970.8,3767.25
2023-08-02,0.406393,25000,29970.8,-0.181346,0.4415,,P,29970.8,5600.82
2023-08-02,0.406393,27000,29970.8,-0.104385,0.4248,,P,29970.8,6655.31
2023-08-02,0.406393,30000,29970.8,0.000975222,0.4224,,C,29970.8,7557.07
2023-08-02,0.406393,32000,29970.8,0.0655137,0.4317,,C,29970.8,7583.85
2023-08-02,0.406393,35000,29970.8,0.155126,0.4441,,C,29970.8,7018.1
2023-08-02,0.406393,37000,29970.8,0.210696,0.4554,,C,29970.8,6439.94
2023-08-02,0.406393,40000,29970.8,0.288657,0.4719,,C,29970.8,5494.41
2023-08-02,0.655708,23000,30383.1,-0.278393,0.4754,,P,30383.1,6454.1
2023-08-02,0.655708,25000,30383.1,-0.195012,0.4658,,P,30383.1,7652.14
2023-08-02,0.655708,27000,30383.1,-0.118051,0.4597,,P,30383.1,8647.73
2023-08-02,0.655708,29000,30383.1,-0.0465918,0.4638,,P,30383.1,9349.35
2023-08-02,0.655708,30000,30383.1,-0.0126903,0.4597,,P,30383.1,9580.04
2023-08-02,0.655708,32000,30383.1,0.0518482,0.47,,C,30383.1,9800.84
2023-08-02,0.655708,37000,30383.1,0.19703,0.485,,C,30383.1,9368.17
2023-08-02,0.655708,41000,30383.1,0.299684,0.5001,,C,30383.1,8494.73
2023-08-02,0.905023,22000,30877.5,-0.338984,0.5172,,P,30877.5,7569.35
2023-08-02,0.905023,24000,30877.5,-0.251972,0.4882,,P,30877.5,8680.43
2023-08-02,0.905023,26000,30877.5,-0.17193,0.4971,,P,30877.5,9788.24
2023-08-02,0.905023,28000,30877.5,-0.0978217,0.4911,,P,30877.5,10623.6
2023-08-02,0.905023,31000,30877.5,0.00396103,0.5004,,C,30877.5,11413.6
2023-08-02,0.905023,32000,30877.5,0.0357097,0.5028,,C,30877.5,11561.2
2023-08-02,0.905023,36000,30877.5,0.153493,0.5011,,C,30877.5,11677.8
2023-08-02,0.905023,40000,30877.5,0.258853,0.5276,,C,30877.5,11315.1
2023-08-09,0.0228311,21000,29595.9,-0.343113,0.8738,,P,29595.9,51.223
2023-08-09,0.0228311,25500,29595.9,-0.148957,0.4821,,P,29595.9,204.547
2023-08-09,0.0228311,27000,29595.9,-0.0917984,0.4106,,P,29595.9,569.981
2023-08-09,0.0228311,29000,29595.9,-0.0203394,0.324,,P,29595.9,1619.48
2023-08-09,0.0228311,31000,29595.9,0.046352,0.3802,,C,29595.9,1318.03
2023-08-09,0.0228311,33000,29595.9,0.108872,0.5027,,C,29595.9,673.936
2023-08-09,0.0228311,36000,29595.9,0.195884,0.6155,,C,29595.9,213.872
2023-08-09,0.0228311,41000,29595.9,0.325937,0.7244,,C,29595.9,24.8916
2023-08-09,0.0420091,22000,29686.4,-0.299646,0.7001,,P,29686.4,235.529
2023-08-09,0.0420091,24000,29686.4,-0.212635,0.576,,P,29686.4,430.312
2023-08-09,0.0420091,27000,29686.4,-0.0948521,0.3821,,P,29686.4,1110.91
2023-08-09,0.0420091,29000,29686.4,-0.0233931,0.3346,,P,29686.4,2262.24
2023-08-09,0.0420091,32000,29686.4,0.075047,0.406,,C,29686.4,1676.66
2023-08-09,0.0420091,34000,29686.4,0.135672,0.4849,,C,29686.4,1021.9
2023-08-09,0.0420091,38000,29686.4,0.246897,0.5921,,C,29686.4,346.078
2023-08-09,0.0420091,42000,29686.4,0.346981,0.6899,,C,29686.4,141.866
2023-08-09,0.1379,22000,29879.8,-0.306142,0.5182,,P,29879.8,1066.57
2023-08-09,0.1379,24000,29879.8,-0.21913,0.4336,,P,29879.8,1566.39
2023-08-09,0.1379,27000,29879.8,-0.101347,0.3586,,P,29879.8,3142.85
2023-08-09,0.1379,29000,29879.8,-0.0298885,0.3656,,P,29879.8,4246.73
2023-08-09,0.1379,32000,29879.8,0.0685516,0.3756,,C,29879.8,4049.92
2023-08-09,0.1379,34000,29879.8,0.129176,0.4073,,C,29879.8,3269.55
2023-08-09,0.1379,37000,29879.8,0.213734,0.4484,,C,29879.8,2153.8
2023-08-09,0.1379,40000,29879.8,0.291695,0.5018,,C,29879.8,1497.72
2023-08-09,0.214612,22000,30192.4,-0.316549,0.4561,,P,30192.4,1542.06
2023-08-09,0.214612,24000,30192.4,-0.229538,0.4086,,P,30192.4,2374.31
2023-08-09,0.214612,27000,30192.4,-0.111755,0.3717,,P,30192.4,4258.88
2023-08-09,0.214612,29000,30192.4,-0.0402955,0.3681,,P,30192.4,5298.85
2023-08-09,0.214612,32000,30192.4,0.0581445,0.3857,,C,30192.4,5426.67
2023-08-09,0.214612,34000,30192.4,0.118769,0.4077,,C,30192.4,4837.51
2023-08-09,0.214612,38000,30192.4,0.229995,0.4556,,C,30192.4,3438.02
2023-08-09,0.214612,42000,30192.4,0.330078,0.4893,,C,30192.4,2265.01
2023-08-09,0.387215,22000,30503.1,-0.326787,0.4528,,P,30503.1,3249.88
2023-08-09,0.387215,24000,30503.1,-0.239776,0.4307,,P,30503.1,4461.28
2023-08-09,0.387215,28000,30503.1,-0.085625,0.4097,,P,30503.1,6801.65
2023-08-09,0.387215,30000,30503.1,-0.0166321,0.4087,,P,30503.1,7433.25
2023-08-09,0.387215,33000,30503.1,0.0786781,0.4264,,C,30503.1,7471.37
2023-08-09,0.387215,35000,30503.1,0.137519,0.4407,,C,30503.1,7086.04
2023-08-09,0.387215,38000,30503.1,0.219757,0.4618,,C,30503.1,6244.17
2023-08-09,0.387215,40000,30503.1,0.27105,0.4764,,C,30503.1,5646.55
2023-08-09,0.63653,23000,31020.1,-0.299142,0.4632,,P,31020.1,6022.94
2023-08-09,0.63653,26000,31020.1,-0.176539,0.4597,,P,31020.1,7916.14
2023-08-09,0.63653,28000,31020.1,-0.102431,0.4529,,P,31020.1,8865.07
2023-08-09,0.63653,31000,31020.1,-0.000648562,0.4516,,P,31020.1,9711.22
2023-08-09,0.63653,33000,31020.1,0.0618718,0.4598,,C,31020.1,9872.23
2023-08-09,0.63653,36000,31020.1,0.148883,0.4637,,C,31020.1,9642.6
2023-08-09,0.63653,38000,31020.1,0.20295,0.481,,C,31020.1,9328.36
2023-08-09,0.63653,41000,31020.1,0.278936,0.4937,,C,31020.1,8663.88
2023-08-09,0.885845,23000,31416.6,-0.311841,0.4794,,P,31416.6,7749.24
2023-08-09,0.885845,25000,31416.6,-0.228459,0.4763,,P,31416.6,9012.22
2023-08-09,0.885845,29000,31416.6,-0.0800392,0.4771,,P,31416.6,10877.3
2023-08-09,0.885845,30000,31416.6,-0.0461376,0.4762,,P,31416.6,11182.1
2023-08-09,0.885845,39000,31416.6,0.216227,0.5059,,C,31416.6,11524.2
2023-08-09,0.885845,40000,31416.6,0.241544,0.5148,,C,31416.6,11415.3
2023-08-09,0.885845,41000,31416.6,0.266237,0.5141,,C,31416.6,11248.9
2023-08-09,0.885845,42000,31416.6,0.290335,0.5123,,C,31416.6,11052
2023-08-16,0.0228311,21000,28962.8,-0.321489,0.8382,,P,28962.8,59.1809
2023-08-16,0.0228311,24000,28962.8,-0.187957,0.5992,,P,28962.8,184.039
2023-08-16,0.0228311,27000,28962.8,-0.0701742,0.3694,,P,28962.8,764.491
2023-08-16,0.0228311,28500,28962.8,-0.016107,0.2965,,P,28962.8,1623.08
2023-08-16,0.0228311,30500,28962.8,0.0517156,0.3532,,C,28962.8,1119.91
2023-08-16,0.0228311,32000,28962.8,0.0997248,0.4538,,C,28962.8,636.946
2023-08-16,0.0228311,34000,28962.8,0.160349,0.5154,,C,28962.8,226.932
2023-08-16,0.0228311,38000,28962.8,0.271575,0.6859,,C,28962.8,64.4719
2023-08-16,0.0420091,22000,28883.8,-0.272239,0.6115,,P,28883.8,194.425
2023-08-16,0.0420091,25500,28883.8,-0.124603,0.4244,,P,28883.8,794.687
2023-08-16,0.0420091,27000,28883.8,-0.0674448,0.3442,,P,28883.8,1444.96
2023-08-16,0.0420091,28500,28883.8,-0.0133776,0.3095,,P,28883.8,2293.28
2023-08-16,0.0420091,30500,28883.8,0.054445,0.3372,,C,28883.8,1778.45
2023-08-16,0.0420091,32000,28883.8,0.102454,0.3905,,C,28883.8,1094.76
2023-08-16,0.0420091,34000,28883.8,0.163079,0.4413,,C,28883.8,503.864
2023-08-16,0.0420091,40000,28883.8,0.325598,0.5975,,C,28883.8,80.94
2023-08-16,0.118721,21000,29177.3,-0.328867,0.548,,P,29177.3,743.265
2023-08-16,0.118721,24000,29177.3,-0.195336,0.4354,,P,29177.3,1553.96
2023-08-16,0.118721,26000,29177.3,-0.115293,0.3801,,P,29177.3,2564.31
2023-08-16,0.118721,29000,29177.3,-0.00609402,0.3344,,P,29177.3,3986.28
2023-08-16,0.118721,31000,29177.3,0.0605974,0.3469,,C,29177.3,3629.03
2023-08-16,0.118721,34000,29177.3,0.152971,0.4029,,C,29177.3,2353.58
2023-08-16,0.118721,36000,29177.3,0.210129,0.4333,,C,29177.3,1650.02
2023-08-16,0.118721,40000,29177.3,0.31549,0.5151,,C,29177.3,963.558
2023-08-16,0.195434,21000,29333.6,-0.334211,0.48,,P,29333.6,1259.21
2023-08-16,0.195434,23000,29333.6,-0.24324,0.4222,,P,29333.6,1951.05
2023-08-16,0.195434,26000,29333.6,-0.120637,0.3748,,P,29333.6,3723.73
2023-08-16,0.195434,28000,29333.6,-0.0465292,0.3589,,P,29333.6,4826.48
2023-08-16,0.195434,31000,29333.6,0.0552535,0.3637,,C,29333.6,4997.19
2023-08-16,0.195434,33000,29333.6,0.117774,0.3811,,C,29333.6,4282.47
2023-08-16,0.195434,36000,29333.6,0.204785,0.4197,,C,29333.6,3103.46
2023-08-16,0.195434,40000,29333.6,0.310146,0.4661,,C,29333.6,1935.8
2023-08-16,0.368037,21000,29595.5,-0.343099,0.4507,,P,29595.5,2720.18
2023-08-16,0.368037,24000,29595.5,-0.209568,0.4117,,P,29595.5,4500.98
2023-08-16,0.368037,26000,29595.5,-0.129525,0.392,,P,29595.5,5747.35
2023-08-16,0.368037,29000,29595.5,-0.0203258,0.3828,,P,29595.5,7015.78
2023-08-16,0.368037,32000,29595.5,0.0781142,0.3844,,C,29595.5,6994.01
2023-08-16,0.368037,35000,29595.5,0.167726,0.4054,,C,29595.5,6126.66
2023-08-16,0.368037,37000,29595.5,0.223296,0.4193,,C,29595.5,5404.13
2023-08-16,0.368037,40000,29595.5,0.301258,0.4394,,C,29595.5,4358.09
2023-08-16,0.617352,22000,30159.3,-0.315449,0.4433,,P,30159.3,5277.19
2023-08-16,0.617352,24000,30159.3,-0.228438,0.431,,P,30159.3,6621.49
2023-08-16,0.617352,26000,30159.3,-0.148395,0.4164,,P,30159.3,7814.3
2023-08-16,0.617352,28000,30159.3,-0.0742874,0.4117,,P,30159.3,8756.55
2023-08-16,0.617352,34000,30159.3,0.119869,0.4229,,C,30159.3,9276.27
2023-08-16,0.617352,36000,30159.3,0.177027,0.4302,,C,30159.3,8877.17
2023-08-16,0.617352,38000,30159.3,0.231094,0.4514,,C,30159.3,8448.14
2023-08-16,0.617352,41000,30159.3,0.30708,0.4602,,C,30159.3,7560.78
2023-08-16,0.866667,22000,30474.4,-0.325844,0.4586,,P,30474.4,7024.74
2023-08-16,0.866667,24000,30474.4,-0.238833,0.4471,,P,30474.4,8336.97
2023-08-16,0.866667,26000,30474.4,-0.15879,0.4428,,P,30474.4,9502.65
2023-08-16,0.866667,28000,30474.4,-0.0846824,0.441,,P,30474.4,10399.1
2023-08-16,0.866667,30000,30474.4,-0.0156895,0.443,,P,30474.4,10985.4
2023-08-16,0.866667,32000,30474.4,0.048849,0.4499,,C,30474.4,11269.4
2023-08-16,0.866667,36000,30474.4,0.166632,0.4653,,C,30474.4,11159.3
2023-08-16,0.866667,41000,30474.4,0.296685,0.4848,,C,30474.4,10311
2023-08-23,0.0228311,20000,26441.8,-0.279214,0.7726,,P,26441.8,79.2293
2023-08-23,0.0228311,23000,26441.8,-0.139452,0.5732,,P,26441.8,406.282
2023-08-23,0.0228311,25000,26441.8,-0.0560707,0.4535,,P,26441.8,1108.26
2023-08-23,0.0228311,27000,26441.8,0.0208903,0.4025,,C,26441.8,1517.68
2023-08-23,0.0228311,28500,26441.8,0.0749575,0.4796,,C,26441.8,968.564
2023-08-23,0.0228311,30500,26441.8,0.14278,0.5307,,C,26441.8,350.494
2023-08-23,0.0228311,33000,26441.8,0.221561,0.6675,,C,26441.8,159.273
2023-08-23,0.0228311,37000,26441.8,0.335971,0.7869,,C,26441.8,34.7434
2023-08-23,0.0420091,19000,26461.9,-0.331267,0.7524,,P,26461.9,181.959
2023-08-23,0.0420091,22500,26461.9,-0.162191,0.5451,,P,26461.9,694.511
2023-08-23,0.0420091,24500,26461.9,-0.0770331,0.4372,,P,26461.9,1437.36
2023-08-23,0.0420091,26500,26461.9,0.00143848,0.388,,C,26461.9,2163.22
2023-08-23,0.0420091,28000,26461.9,0.0564983,0.411,,C,26461.9,1775.86
2023-08-23,0.0420091,30000,26461.9,0.125491,0.4684,,C,26461.9,979.328
2023-08-23,0.0420091,32000,26461.9,0.19003,0.5496,,C,26461.9,572.558
2023-08-23,0.0420091,36000,26461.9,0.307813,0.6549,,C,26461.9,181.615
2023-08-23,0.0995434,19000,26615,-0.337036,0.638,,P,26615,693.245
2023-08-23,0.0995434,22000,26615,-0.190432,0.4858,,P,26615,1403.5
2023-08-23,0.0995434,24000,26615,-0.103421,0.4161,,P,26615,2327.49
2023-08-23,0.0995434,27000,26615,0.0143619,0.3769,,C,26615,3343.69
2023-08-23,0.0995434,29000,26615,0.0858209,0.402,,C,26615,2775.78
2023-08-23,0.0995434,32000,26615,0.184261,0.4752,,C,26615,1721.27
2023-08-23,0.0995434,34000,26615,0.244886,0.5466,,C,26615,1376.42
2023-08-23,0.0995434,37000,26615,0.329443,0.5972,,C,26615,852.735
2023-08-23,0.176256,19000,26777.1,-0.343107,0.5149,,P,26777.1,1065.75
2023-08-23,0.176256,21000,26777.1,-0.243024,0.4864,,P,26777.1,1946.06
2023-08-23,0.176256,24000,26777.1,-0.109492,0.4104,,P,26777.1,3456.72
2023-08-23,0.176256,26000,26777.1,-0.0294496,0.391,,P,26777.1,4334.09
2023-08-23,0.176256,29000,26777.1,0.0797497,0.4106,,C,26777.1,4178.04
2023-08-23,0.176256,31000,26777.1,0.146441,0.4353,,C,26777.1,3485.78
2023-08-23,0.176256,34000,26777.1,0.238814,0.4966,,C,26777.1,2608.11
2023-08-23,0.176256,36000,26777.1,0.295973,0.5156,,C,26777.1,2030.04
2023-08-23,0.348858,20000,27018.7,-0.300799,0.4887,,P,27018.7,3149.52
2023-08-23,0.348858,23000,27018.7,-0.161037,0.4475,,P,27018.7,4836.51
2023-08-23,0.348858,25000,27018.7,-0.0776551,0.4212,,P,27018.7,5787.88
2023-08-23,0.348858,28000,27018.7,0.0356736,0.4262,,C,27018.7,6365.69
2023-08-23,0.348858,30000,27018.7,0.104666,0.431,,C,27018.7,6115.07
2023-08-23,0.348858,33000,27018.7,0.199977,0.4617,,C,27018.7,5327.38
2023-08-23,0.348858,35000,27018.7,0.258817,0.4766,,C,27018.7,4701.51
2023-08-23,0.348858,38000,27018.7,0.341055,0.5076,,C,27018.7,3909.09
2023-08-23,0.598174,20000,27363.3,-0.313472,0.4908,,P,27363.3,5040.97
2023-08-23,0.598174,22000,27363.3,-0.218162,0.4658,,P,27363.3,6200.72
2023-08-23,0.598174,25000,27363.3,-0.0903286,0.4467,,P,27363.3,7683.42
2023-08-23,0.598174,27000,27363.3,-0.0133676,0.4485,,P,27363.3,8255.35
2023-08-23,0.598174,30000,27363.3,0.091993,0.469,,C,27363.3,8420.92
2023-08-23,0.598174,32000,27363.3,0.156531,0.4555,,C,27363.3,8144.71
2023-08-23,0.598174,36000,27363.3,0.274315,0.4887,,C,27363.3,7310.16
2023-08-23,0.598174,38000,27363.3,0.328382,0.5334,,C,27363.3,7095.34
2023-08-23,0.847489,21000,27693.7,-0.276683,0.4759,,P,27693.7,7083.54
2023-08-23,0.847489,23000,27693.7,-0.185711,0.4767,,P,27693.7,8273.5
2023-08-23,0.847489,26000,27693.7,-0.0631089,0.4715,,P,27693.7,9524.36
2023-08-23,0.847489,28000,27693.7,0.0109991,0.4816,,C,27693.7,9975.67
2023-08-23,0.847489,30000,27693.7,0.079992,0.4929,,C,27693.7,10157.9
2023-08-23,0.847489,33000,27693.7,0.175302,0.5043,,C,27693.7,10063.8
2023-08-23,0.847489,35000,27693.7,0.234143,0.5254,,C,27693.7,9876.77
2023-08-23,0.847489,39000,27693.7,0.342356,0.5217,,C,27693.7,9095.73
2023-08-30,0.0228311,21000,27275.3,-0.26146,0.6766,,P,27275.3,54.7416
2023-08-30,0.0228311,23500,27275.3,-0.148982,0.5462,,P,27275.3,298.961
2023-08-30,0.0228311,25500,27275.3,-0.0673039,0.4108,,P,27275.3,882.714
2023-08-30,0.0228311,27500,27275.3,0.0082036,0.3596,,C,27275.3,1631.6
2023-08-30,0.0228311,29000,27275.3,0.0613134,0.4229,,C,27275.3,1069.33
2023-08-30,0.0228311,31000,27275.3,0.128005,0.5134,,C,27275.3,448.916
2023-08-30,0.0228311,34000,27275.3,0.220378,0.654,,C,27275.3,152.511
2023-08-30,0.0228311,38000,27275.3,0.331604,0.7406,,C,27275.3,24.0156
2023-08-30,0.0420091,23500,27275.4,-0.148983,0.4575,,P,27275.4,585.288
2023-08-30,0.0420091,25000,27275.4,-0.0871077,0.3828,,P,27275.4,1151.98
2023-08-30,0.0420091,26500,27275.4,-0.0288388,0.3483,,P,27275.4,2024.77
2023-08-30,0.0420091,28000,27275.4,0.026221,0.3655,,C,27275.4,2123.92
2023-08-30,0.0420091,29000,27275.4,0.0613123,0.3797,,C,27275.4,1684.84
2023-08-30,0.0420091,31000,27275.4,0.128004,0.4504,,C,27275.4,908.204
2023-08-30,0.0420091,34000,27275.4,0.220377,0.5549,,C,27275.4,380.375
2023-08-30,0.0420091,37000,27275.4,0.304934,0.626,,C,27275.4,153.87
2023-08-30,0.0803653,20000,27331.1,-0.312291,0.5553,,P,27331.1,368.44
2023-08-30,0.0803653,23000,27331.1,-0.17253,0.4276,,P,27331.1,1027.91
2023-08-30,0.0803653,25500,27331.1,-0.0693453,0.3687,,P,27331.1,2392.59
2023-08-30,0.0803653,27000,27331.1,-0.0121869,0.3461,,P,27331.1,3044.96
2023-08-30,0.0803653,28500,27331.1,0.0418803,0.3643,,C,27331.1,2903.4
2023-08-30,0.0803653,31000,27331.1,0.125963,0.4178,,C,27331.1,1866.75
2023-08-30,0.0803653,35000,27331.1,0.247324,0.515,,C,27331.1,830.772
2023-08-30,0.0803653,38000,27331.1,0.329562,0.5891,,C,27331.1,518.221
2023-08-30,0.157078,20000,27494.4,-0.318249,0.4893,,P,27494.4,959.935
2023-08-30,0.157078,23000,27494.4,-0.178487,0.4226,,P,27494.4,2245.59
2023-08-30,0.157078,26000,27494.4,-0.0558844,0.3757,,P,27494.4,3929.03
2023-08-30,0.157078,28000,27494.4,0.0182236,0.3785,,C,27494.4,4342.52
2023-08-30,0.157078,30000,27494.4,0.0872165,0.4052,,C,27494.4,3905.73
2023-08-30,0.157078,32000,27494.4,0.151755,0.432,,C,27494.4,3154.86
2023-08-30,0.157078,35000,27494.4,0.241367,0.4756,,C,27494.4,2151.01
2023-08-30,0.157078,38000,27494.4,0.323605,0.5222,,C,27494.4,1497.18
2023-08-30,0.23379,20000,27587,-0.321613,0.4815,,P,27587,1733.26
2023-08-30,0.23379,22000,27587,-0.226302,0.4435,,P,27587,2707.42
2023-08-30,0.23379,25000,27587,-0.0984691,0.4001,,P,27587,4429.5
2023-08-30,0.23379,27000,27587,-0.0215081,0.4034,,P,27587,5207.77
2023-08-30,0.23379,29000,27587,0.0499509,0.4045,,C,27587,5255.74
2023-08-30,0.23379,31000,27587,0.116642,0.4191,,C,27587,4755.34
2023-08-30,0.23379,34000,27587,0.209016,0.4535,,C,27587,3728.23
2023-08-30,0.23379,38000,27587,0.320241,0.5039,,C,27587,2613.39
2023-08-30,0.32968,20000,27715.7,-0.326267,0.4839,,P,27715.7,2680.48
2023-08-30,0.32968,23000,27715.7,-0.186505,0.4323,,P,27715.7,4327.57
2023-08-30,0.32968,25000,27715.7,-0.103124,0.4247,,P,27715.7,5473.03
2023-08-30,0.32968,28000,27715.7,0.0102051,0.4191,,C,27715.7,6329.43
2023-08-30,0.32968,31000,27715.7,0.111988,0.4356,,C,27715.7,6026.58
2023-08-30,0.32968,34000,27715.7,0.204361,0.4625,,C,27715.7,5183.61
2023-08-30,0.32968,36000,27715.7,0.26152,0.4772,,C,27715.7,4545.44
2023-08-30,0.32968,39000,27715.7,0.341562,0.5057,,C,27715.7,3730.74
2023-08-30,0.578995,20000,28123.6,-0.340877,0.4832,,P,28123.6,4605.87
2023-08-30,0.578995,22000,28123.6,-0.245567,0.4695,,P,28123.6,5867.67
2023-08-30,0.578995,26000,28123.6,-0.0785132,0.4536,,P,28123.6,7880.73
2023-08-30,0.578995,28000,28123.6,-0.00440525,0.4504,,P,28123.6,8393.64
2023-08-30,0.578995,30000,28123.6,0.0645876,0.46,,C,28123.6,8536.88
2023-08-30,0.578995,32000,28123.6,0.129126,0.4694,,C,28123.6,8395.61
2023-08-30,0.578995,37000,28123.6,0.274308,0.4943,,C,28123.6,7374.05
2023-08-30,0.578995,39000,28123.6,0.326952,0.5073,,C,28123.6,6893.58
2023-08-30,0.828311,21000,28221.1,-0.295546,0.4918,,P,28221.1,6931.9
2023-08-30,0.828311,26000,28221.1,-0.081972,0.4766,,P,28221.1,9436.5
2023-08-30,0.828311,28000,28221.1,-0.00786398,0.4786,,P,28221.1,9965.56
2023-08-30,0.828311,29000,28221.1,0.0272273,0.4765,,C,28221.1,10125.7
2023-08-30,0.828311,30000,28221.1,0.0611289,0.4788,,C,28221.1,10215.8
2023-08-30,0.828311,31000,28221.1,0.0939187,0.481,,C,28221.1,10246.5
2023-08-30,0.828311,35000,28221.1,0.21528,0.5003,,C,28221.1,9943.32
2023-08-30,0.828311,40000,28221.1,0.348811,0.5257,,C,28221.1,9088.26
2023-09-06,0.0228311,19000,25693.5,-0.301799,0.8361,,P,25693.5,76.6257
2023-09-06,0.0228311,21500,25693.5,-0.178185,0.653,,P,25693.5,277.071
2023-09-06,0.0228311,23000,25693.5,-0.110744,0.5185,,P,25693.5,539.178
2023-09-06,0.0228311,24500,25693.5,-0.0475653,0.3936,,P,25693.5,1097.94
2023-09-06,0.0228311,26500,25693.5,0.0309063,0.3128,,C,25693.5,1269.8
2023-09-06,0.0228311,28000,25693.5,0.0859661,0.3633,,C,25693.5,474.198
2023-09-06,0.0228311,29500,25693.5,0.138152,0.4335,,C,25693.5,179.388
2023-09-06,0.0228311,32000,25693.5,0.219498,0.5222,,C,25693.5,36.051
2023-09-06,0.0420091,19000,25770.6,-0.304797,0.664,,P,25770.6,147.01
2023-09-06,0.0420091,21500,25770.6,-0.181183,0.557,,P,25770.6,545.409
2023-09-06,0.0420091,23500,25770.6,-0.0922354,0.4477,,P,25770.6,1212.9
2023-09-06,0.0420091,25000,25770.6,-0.03036,0.3568,,P,25770.6,1902.83
2023-09-06,0.0420091,26500,25770.6,0.0279089,0.3382,,C,25770.6,1969.27
2023-09-06,0.0420091,28000,25770.6,0.0829686,0.3451,,C,25770.6,1103.25
2023-09-06,0.0420091,30000,25770.6,0.151962,0.3986,,C,25770.6,402.773
2023-09-06,0.0420091,34000,25770.6,0.277125,0.4815,,C,25770.6,46.8922
2023-09-06,0.0611872,19000,25799.3,-0.30591,0.6653,,P,25799.3,386.931
2023-09-06,0.0611872,22000,25799.3,-0.159306,0.4815,,P,25799.3,959.418
2023-09-06,0.0611872,24500,25799.3,-0.0516755,0.3745,,P,25799.3,2121.25
2023-09-06,0.0611872,26000,25799.3,0.0077479,0.332,,C,25799.3,2542.33
2023-09-06,0.0611872,27500,25799.3,0.0638374,0.3277,,C,25799.3,1926.1
2023-09-06,0.0611872,29000,25799.3,0.116947,0.3754,,C,25799.3,1220
2023-09-06,0.0611872,32000,25799.3,0.215387,0.4617,,C,25799.3,478.148
2023-09-06,0.0611872,36000,25799.3,0.33317,0.5396,,C,25799.3,133.13
2023-09-06,0.1379,19000,25889.8,-0.30941,0.5613,,P,25889.8,1085.89
2023-09-06,0.1379,21000,25889.8,-0.209326,0.4865,,P,25889.8,1758.21
2023-09-06,0.1379,23000,25889.8,-0.118355,0.4277,,P,25889.8,2730.03
2023-09-06,0.1379,25000,25889.8,-0.0349731,0.3814,,P,25889.8,3646.67
2023-09-06,0.1379,28000,25889.8,0.0783556,0.3662,,C,25889.8,3370.84
2023-09-06,0.1379,30000,25889.8,0.147348,0.3921,,C,25889.8,2467.68
2023-09-06,0.1379,32000,25889.8,0.211887,0.4234,,C,25889.8,1714.45
2023-09-06,0.1379,35000,25889.8,0.301499,0.4726,,C,25889.8,1015.64
2023-09-06,0.214612,19000,25986.2,-0.313125,0.5135,,P,25986.2,1714.67
2023-09-06,0.214612,21000,25986.2,-0.213041,0.4721,,P,25986.2,2670.4
2023-09-06,0.214612,24000,25986.2,-0.0795099,0.4078,,P,25986.2,4205.45
2023-09-06,0.214612,26000,25986.2,0.000532816,0.3829,,C,25986.2,4785.03
2023-09-06,0.214612,28000,25986.2,0.0746408,0.3842,,C,25986.2,4547.56
2023-09-06,0.214612,30000,25986.2,0.143634,0.3999,,C,25986.2,3804.31
2023-09-06,0.214612,33000,25986.2,0.238944,0.4277,,C,25986.2,2602.75
2023-09-06,0.214612,36000,25986.2,0.325955,0.4641,,C,25986.2,1780.91
2023-09-06,0.310502,19000,26101.8,-0.317565,0.5023,,P,26101.8,2575.56
2023-09-06,0.310502,21000,26101.8,-0.217482,0.4683,,P,26101.8,3646.37
2023-09-06,0.310502,24000,26101.8,-0.0839503,0.4314,,P,26101.8,5197.12
2023-09-06,0.310502,26000,26101.8,-0.00390755,0.4097,,P,26101.8,5752.69
2023-09-06,0.310502,29000,26101.8,0.105292,0.4133,,C,26101.8,5472.79
2023-09-06,0.310502,31000,26101.8,0.171983,0.4238,,C,26101.8,4816.83
2023-09-06,0.310502,34000,26101.8,0.264356,0.4621,,C,26101.8,3877.42
2023-09-06,0.310502,36000,26101.8,0.321515,0.4744,,C,26101.8,3224.15
2023-09-06,0.559817,19000,26378.9,-0.328124,0.506,,P,26378.9,4508.65
2023-09-06,0.559817,21000,26378.9,-0.22804,0.4823,,P,26378.9,5660.91
2023-09-06,0.559817,25000,26378.9,-0.053687,0.4558,,P,26378.9,7461.67
2023-09-06,0.559817,27000,26378.9,0.0232741,0.458,,C,26378.9,7831.89
2023-09-06,0.559817,29000,26378.9,0.094733,0.4634,,C,26378.9,7834.72
2023-09-06,0.559817,31000,26378.9,0.161424,0.4687,,C,26378.9,7560.59
2023-09-06,0.559817,34000,26378.9,0.253798,0.4853,,C,26378.9,6887.41
2023-09-06,0.559817,36000,26378.9,0.310956,0.4988,,C,26378.9,6388.55
2023-09-06,0.809132,20000,26744.8,-0.290607,0.5067,,P,26744.8,6599.34
2023-09-06,0.809132,21000,26744.8,-0.241817,0.501,,P,26744.8,7179.62
2023-09-06,0.809132,25000,26744.8,-0.0674637,0.4833,,P,26744.8,8954.06
2023-09-06,0.809132,26000,26744.8,-0.028243,0.4824,,P,26744.8,9223.26
2023-09-06,0.809132,28000,26744.8,0.045865,0.487,,C,26744.8,9534.99
2023-09-06,0.809132,30000,26744.8,0.114858,0.4916,,C,26744.8,9590.36
2023-09-06,0.809132,35000,26744.8,0.269009,0.508,,C,26744.8,8994.61
2023-09-06,0.809132,37000,26744.8,0.324578,0.5142,,C,26744.8,8591.99
2023-09-13,0.0228311,19000,26255.5,-0.323438,0.8444,,P,26255.5,54.0535
2023-09-13,0.0228311,22000,26255.5,-0.176835,0.6179,,P,26255.5,240.735
2023-09-13,0.0228311,24000,26255.5,-0.0898235,0.4621,,P,26255.5,661.087
2023-09-13,0.0228311,25500,26255.5,-0.0291989,0.3703,,P,26255.5,1360.65
2023-09-13,0.0228311,27000,26255.5,0.0279595,0.3543,,C,26255.5,1399.84
2023-09-13,0.0228311,28500,26255.5,0.0820267,0.3972,,C,26255.5,647.723
2023-09-13,0.0228311,31000,26255.5,0.16611,0.488,,C,26255.5,135.886
2023-09-13,0.0228311,36000,26255.5,0.315642,0.7471,,C,26255.5,37.115
2023-09-13,0.0420091,19000,26245.8,-0.323067,0.6721,,P,26245.8,116.444
2023-09-13,0.0420091,23000,26245.8,-0.132012,0.4869,,P,26245.8,836.484
2023-09-13,0.0420091,24500,26245.8,-0.0688331,0.3979,,P,26245.8,1450.93
2023-09-13,0.0420091,26000,26245.8,-0.00940972,0.3531,,P,26245.8,2116.62
2023-09-13,0.0420091,28000,26245.8,0.0646983,0.3801,,C,26245.8,1568.92
2023-09-13,0.0420091,30000,26245.8,0.133691,0.4414,,C,26245.8,769.201
2023-09-13,0.0420091,33000,26245.8,0.229001,0.5555,,C,26245.8,317.843
2023-09-13,0.0420091,36000,26245.8,0.316013,0.6542,,C,26245.8,156.007
2023-09-13,0.118721,19000,26346.3,-0.326888,0.5893,,P,26346.3,837.295
2023-09-13,0.118721,21000,26346.3,-0.226804,0.5046,,P,26346.3,1375.58
2023-09-13,0.118721,24000,26346.3,-0.093273,0.4336,,P,26346.3,2836.56
2023-09-13,0.118721,26000,26346.3,-0.0132303,0.4007,,P,26346.3,3572.66
2023-09-13,0.118721,29000,26346.3,0.095969,0.4272,,C,26346.3,3063.74
2023-09-13,0.118721,31000,26346.3,0.16266,0.4709,,C,26346.3,2368.9
2023-09-13,0.118721,34000,26346.3,0.255034,0.5341,,C,26346.3,1568.19
2023-09-13,0.118721,36000,26346.3,0.312192,0.5787,,C,26346.3,1236.57
2023-09-13,0.195434,19000,26403,-0.32904,0.5439,,P,26403,1537.55
2023-09-13,0.195434,21000,26403,-0.228957,0.4944,,P,26403,2384.86
2023-09-13,0.195434,24000,26403,-0.0954256,0.4295,,P,26403,3895.27
2023-09-13,0.195434,26000,26403,-0.0153829,0.4142,,P,26403,4585.33
2023-09-13,0.195434,28000,26403,0.058725,0.4165,,C,26403,4538.23
2023-09-13,0.195434,30000,26403,0.127718,0.4387,,C,26403,3977.25
2023-09-13,0.195434,33000,26403,0.223028,0.4753,,C,26403,2947.48
2023-09-13,0.195434,36000,26403,0.310039,0.5171,,C,26403,2153.39
2023-09-13,0.291324,19000,26550.3,-0.334601,0.5273,,P,26550.3,2398.7
2023-09-13,0.291324,22000,26550.3,-0.187998,0.4703,,P,26550.3,3924.1
2023-09-13,0.291324,24000,26550.3,-0.100987,0.4448,,P,26550.3,4939.56
2023-09-13,0.291324,27000,26550.3,0.0167965,0.4321,,C,26550.3,5711.31
2023-09-13,0.291324,29000,26550.3,0.0882554,0.439,,C,26550.3,5535.52
2023-09-13,0.291324,32000,26550.3,0.186696,0.4692,,C,26550.3,4744.75
2023-09-13,0.291324,34000,26550.3,0.24732,0.491,,C,26550.3,4148.98
2023-09-13,0.291324,37000,26550.3,0.331878,0.5248,,C,26550.3,3363.48
2023-09-13,0.540639,19000,26835.8,-0.345299,0.5182,,P,26835.8,4313.99
2023-09-13,0.540639,22000,26835.8,-0.198695,0.4908,,P,26835.8,6026.07
2023-09-13,0.540639,25000,26835.8,-0.0708621,0.474,,P,26835.8,7330.28
2023-09-13,0.540639,28000,26835.8,0.0424666,0.4756,,C,26835.8,7860.67
2023-09-13,0.540639,30000,26835.8,0.111459,0.4871,,C,26835.8,7803.48
2023-09-13,0.540639,32000,26835.8,0.175998,0.4924,,C,26835.8,7513.94
2023-09-13,0.540639,34000,26835.8,0.236623,0.5055,,C,26835.8,7111.38
2023-09-13,0.540639,36000,26835.8,0.293781,0.5253,,C,26835.8,6701.13
2023-09-13,0.789954,20000,27169.5,-0.306364,0.5159,,P,27169.5,6440.43
2023-09-13,0.789954,21000,27169.5,-0.257574,0.515,,P,27169.5,7042.5
2023-09-13,0.789954,26000,27169.5,-0.0439999,0.4952,,P,27169.5,9152.77
2023-09-13,0.789954,27000,27169.5,-0.00625954,0.4971,,P,27169.5,9371.16
2023-09-13,0.789954,30000,27169.5,0.099101,0.5082,,C,27169.5,9633.5
2023-09-13,0.789954,32000,27169.5,0.163639,0.5111,,C,27169.5,9548.75
2023-09-13,0.789954,35000,27169.5,0.253252,0.5205,,C,27169.5,9164.16
2023-09-13,0.789954,37000,27169.5,0.308822,0.5237,,C,27169.5,8780.19
2023-09-20,0.0228311,20000,27153.3,-0.305766,0.8917,,P,27153.3,106.73
2023-09-20,0.0228311,23000,27153.3,-0.166004,0.5862,,P,27153.3,259.887
2023-09-20,0.0228311,24500,27153.3,-0.102825,0.4643,,P,27153.3,530.79
2023-09-20,0.0228311,26000,27153.3,-0.0434019,0.3492,,P,27153.3,1141.55
2023-09-20,0.0228311,27500,27153.3,0.0126876,0.3181,,C,27153.3,1590.36
2023-09-20,0.0228311,29000,27153.3,0.0657974,0.4056,,C,27153.3,950.135
2023-09-20,0.0228311,32000,27153.3,0.164237,0.5982,,C,27153.3,340.628
2023-09-20,0.0228311,35000,27153.3,0.25385,0.7417,,C,27153.3,142.671
2023-09-20,0.0420091,20000,27187,-0.307007,0.6766,,P,27187,164.053
2023-09-20,0.0420091,23500,27187,-0.145739,0.4695,,P,27187,655.726
2023-09-20,0.0420091,25000,27187,-0.0838637,0.3808,,P,27187,1195.9
2023-09-20,0.0420091,27000,27187,-0.00690264,0.3229,,P,27187,2202.14
2023-09-20,0.0420091,28500,27187,0.0471646,0.3525,,C,27187,1838.07
2023-09-20,0.0420091,31000,27187,0.131248,0.4456,,C,27187,844.406
2023-09-20,0.0420091,34000,27187,0.223621,0.5486,,C,27187,343.52
2023-09-20,0.0420091,38000,27187,0.334847,0.6116,,C,27187,74.0265
2023-09-20,0.0995434,20000,27217.3,-0.308121,0.5459,,P,27217.3,590.59
2023-09-20,0.0995434,22000,27217.3,-0.212811,0.4875,,P,27217.3,1179.14
2023-09-20,0.0995434,25000,27217.3,-0.0849774,0.4083,,P,27217.3,2635.83
2023-09-20,0.0995434,27000,27217.3,-0.00801631,0.3869,,P,27217.3,3398.41
2023-09-20,0.0995434,30000,27217.3,0.0973442,0.439,,C,27217.3,2802.85
2023-09-20,0.0995434,32000,27217.3,0.161883,0.4928,,C,27217.3,2153.79
2023-09-20,0.0995434,35000,27217.3,0.251495,0.5506,,C,27217.3,1357.1
2023-09-20,0.0995434,38000,27217.3,0.333733,0.6069,,C,27217.3,882.271
2023-09-20,0.176256,20000,27363.6,-0.313481,0.5337,,P,27363.6,1463.22
2023-09-20,0.176256,22000,27363.6,-0.218171,0.4841,,P,27363.6,2297.79
2023-09-20,0.176256,25000,27363.6,-0.0903374,0.4264,,P,27363.6,3841.49
2023-09-20,0.176256,27000,27363.6,-0.0133764,0.4185,,P,27363.6,4521.84
2023-09-20,0.176256,29000,27363.6,0.0580826,0.4326,,C,27363.6,4464.45
2023-09-20,0.176256,31000,27363.6,0.124774,0.4566,,C,27363.6,3928.75
2023-09-20,0.176256,34000,27363.6,0.217147,0.5159,,C,27363.6,3072.51
2023-09-20,0.176256,38000,27363.6,0.328373,0.581,,C,27363.6,2166.14
2023-09-20,0.272146,20000,27426,-0.315759,0.5302,,P,27426,2516.26
2023-09-20,0.272146,23000,27426,-0.175997,0.4694,,P,27426,4007.11
2023-09-20,0.272146,25000,27426,-0.0926151,0.4512,,P,27426,5008.83
2023-09-20,0.272146,28000,27426,0.0207136,0.4482,,C,27426,5705.57
2023-09-20,0.272146,30000,27426,0.0897065,0.4648,,C,27426,5534.01
2023-09-20,0.272146,33000,27426,0.185017,0.5015,,C,27426,4834.29
2023-09-20,0.272146,35000,27426,0.243857,0.519,,C,27426,4258.87
2023-09-20,0.272146,38000,27426,0.326095,0.5497,,C,27426,3483.57
2023-09-20,0.521461,20000,27689.6,-0.325326,0.5376,,P,27689.6,4682.95
2023-09-20,0.521461,23000,27689.6,-0.185564,0.513,,P,27689.6,6303.88
2023-09-20,0.521461,25000,27689.6,-0.102182,0.5032,,P,27689.6,7166.55
2023-09-20,0.521461,28000,27689.6,0.0111463,0.504,,C,27689.6,7886.14
2023-09-20,0.521461,31000,27689.6,0.112929,0.5168,,C,27689.6,7923.48
2023-09-20,0.521461,34000,27689.6,0.205302,0.538,,C,27689.6,7543.73
2023-09-20,0.521461,36000,27689.6,0.262461,0.5549,,C,27689.6,7193.73
2023-09-20,0.521461,39000,27689.6,0.342503,0.5751,,C,27689.6,6594.03
2023-09-20,0.770776,20000,27996.8,-0.336358,0.5406,,P,27996.8,6268.33
2023-09-20,0.770776,23000,27996.8,-0.196596,0.5305,,P,27996.8,7912.72
2023-09-20,0.770776,25000,27996.8,-0.113214,0.5189,,P,27996.8,8754.29
2023-09-20,0.770776,28000,27996.8,0.000114595,0.5253,,C,27996.8,9549.07
2023-09-20,0.770776,31000,27996.8,0.101897,0.532,,C,27996.8,9804.63
2023-09-20,0.770776,34000,27996.8,0.194271,0.5425,,C,27996.8,9665.52
2023-09-20,0.770776,36000,27996.8,0.251429,0.5468,,C,27996.8,9418.96
2023-09-20,0.770776,39000,27996.8,0.331472,0.5598,,C,27996.8,8944.82
2023-09-27,0.0228311,19000,26306,-0.325357,0.9005,,P,26306,77.086
2023-09-27,0.0228311,22000,26306,-0.178753,0.6273,,P,26306,244.695
2023-09-27,0.0228311,23500,26306,-0.112795,0.4882,,P,26306,465.297
2023-09-27,0.0228311,25000,26306,-0.0509198,0.353,,P,26306,979.744
2023-09-27,0.0228311,26500,26306,0.00734911,0.2688,,C,26306,1565.4
2023-09-27,0.0228311,28000,26306,0.0624089,0.3235,,C,26306,723.893
2023-09-27,0.0228311,29500,26306,0.114595,0.3972,,C,26306,271.179
2023-09-27,0.0228311,34000,26306,0.256565,0.6035,,C,26306,34.3968
2023-09-27,0.0420091,19000,26326,-0.326117,0.7397,,P,26326,180.376
2023-09-27,0.0420091,22500,26326,-0.157041,0.5063,,P,26326,632.38
2023-09-27,0.0420091,24500,26326,-0.0718832,0.3537,,P,26326,1269.33
2023-09-27,0.0420091,26000,26326,-0.0124597,0.2898,,P,26326,2091.77
2023-09-27,0.0420091,27500,26326,0.0436297,0.2866,,C,26326,1669.02
2023-09-27,0.0420091,29000,26326,0.0967395,0.3492,,C,26326,905.707
2023-09-27,0.0420091,32000,26326,0.19518,0.4868,,C,26326,349.826
2023-09-27,0.0420091,37000,26326,0.340362,0.6578,,C,26326,105.194
2023-09-27,0.0803653,19000,26402.3,-0.329014,0.6344,,P,26402.3,473.295
2023-09-27,0.0803653,22000,26402.3,-0.18241,0.4758,,P,26402.3,1089.82
2023-09-27,0.0803653,24500,26402.3,-0.0747798,0.351,,P,26402.3,2166.05
2023-09-27,0.0803653,26000,26402.3,-0.0153564,0.3045,,P,26402.3,2913.91
2023-09-27,0.0803653,28000,26402.3,0.0587516,0.3182,,C,26402.3,2484.79
2023-09-27,0.0803653,30000,26402.3,0.127744,0.375,,C,26402.3,1544.05
2023-09-27,0.0803653,33000,26402.3,0.223055,0.4751,,C,26402.3,845.201
2023-09-27,0.0803653,36000,26402.3,0.310066,0.5385,,C,26402.3,441.904
2023-09-27,0.157078,19000,26497,-0.332591,0.558,,P,26497,1138.05
2023-09-27,0.157078,21000,26497,-0.232508,0.4976,,P,26497,1852.42
2023-09-27,0.157078,24000,26497,-0.0989764,0.3889,,P,26497,3234.74
2023-09-27,0.157078,26000,26497,-0.0189337,0.37,,P,26497,4104.54
2023-09-27,0.157078,28000,26497,0.0551743,0.3523,,C,26497,3973.55
2023-09-27,0.157078,30000,26497,0.124167,0.3811,,C,26497,3170.58
2023-09-27,0.157078,33000,26497,0.219477,0.4587,,C,26497,2246.66
2023-09-27,0.157078,36000,26497,0.306489,0.4983,,C,26497,1457.53
2023-09-27,0.252968,19000,26574.9,-0.335527,0.5481,,P,26574.9,2129.36
2023-09-27,0.252968,22000,26574.9,-0.188923,0.4773,,P,26574.9,3534.07
2023-09-27,0.252968,24000,26574.9,-0.101912,0.426,,P,26574.9,4499.51
2023-09-27,0.252968,27000,26574.9,0.0158711,0.4019,,C,26574.9,5330.94
2023-09-27,0.252968,29000,26574.9,0.08733,0.4256,,C,26574.9,5096.22
2023-09-27,0.252968,32000,26574.9,0.18577,0.447,,C,26574.9,4132.84
2023-09-27,0.252968,34000,26574.9,0.246395,0.49,,C,26574.9,3631.37
2023-09-27,0.252968,37000,26574.9,0.330952,0.5269,,C,26574.9,2859.62
2023-09-27,0.502283,19000,26877.8,-0.346861,0.5539,,P,26877.8,4241.89
2023-09-27,0.502283,22000,26877.8,-0.200258,0.5068,,P,26877.8,5791.46
2023-09-27,0.502283,24000,26877.8,-0.113246,0.4943,,P,26877.8,6711.7
2023-09-27,0.502283,27000,26877.8,0.00453689,0.4794,,C,26877.8,7506.85
2023-09-27,0.502283,30000,26877.8,0.109897,0.4895,,C,26877.8,7521.72
2023-09-27,0.502283,33000,26877.8,0.205208,0.5166,,C,26877.8,7076.94
2023-09-27,0.502283,35000,26877.8,0.264048,0.5337,,C,26877.8,6676.15
2023-09-27,0.502283,38000,26877.8,0.346286,0.5456,,C,26877.8,5938.88
2023-09-27,0.751598,20000,27300.4,-0.31117,0.5463,,P,27300.4,6332.72
2023-09-27,0.751598,26000,27300.4,-0.0488058,0.5125,,P,27300.4,8935.88
2023-09-27,0.751598,27000,27300.4,-0.0110655,0.5114,,P,27300.4,9159.32
2023-09-27,0.751598,29000,27300.4,0.0603935,0.5128,,C,27300.4,9406.97
2023-09-27,0.751598,30000,27300.4,0.094295,0.5148,,C,27300.4,9441.52
2023-09-27,0.751598,32000,27300.4,0.158834,0.5241,,C,27300.4,9371.73
2023-09-27,0.751598,33000,27300.4,0.189605,0.5258,,C,27300.4,9276.74
2023-09-27,0.751598,35000,27300.4,0.248446,0.5383,,C,27300.4,9029.32
2023-10-04,0.0228311,20000,27589.3,-0.321695,0.8217,,P,27589.3,49.2542
2023-10-04,0.0228311,22500,27589.3,-0.203912,0.6345,,P,27589.3,156.249
2023-10-04,0.0228311,24000,27589.3,-0.139374,0.5224,,P,27589.3,326.075
2023-10-04,0.0228311,25500,27589.3,-0.0787492,0.4271,,P,27589.3,759.007
2023-10-04,0.0228311,27500,27589.3,-0.00324165,0.3063,,P,27589.3,1655.88
2023-10-04,0.0228311,29000,27589.3,0.0498682,0.3143,,C,27589.3,982.167
2023-10-04,0.0228311,31000,27589.3,0.11656,0.393,,C,27589.3,256.68
2023-10-04,0.0228311,34000,27589.3,0.208933,0.5106,,C,27589.3,47.1473
2023-10-04,0.0420091,20000,27698,-0.325628,0.7013,,P,27698,147.498
2023-10-04,0.0420091,23000,27698,-0.185866,0.5027,,P,27698,405.008
2023-10-04,0.0420091,24500,27698,-0.122687,0.4417,,P,27698,849.467
2023-10-04,0.0420091,26000,27698,-0.0632635,0.3669,,P,27698,1539.23
2023-10-04,0.0420091,28000,27698,0.0108445,0.3135,,C,27698,2243.76
2023-10-04,0.0420091,29500,27698,0.0630302,0.3282,,C,27698,1506
2023-10-04,0.0420091,31000,27698,0.112627,0.365,,C,27698,770.935
2023-10-04,0.0420091,35000,27698,0.233988,0.4962,,C,27698,180.237
2023-10-04,0.0611872,21000,27798.2,-0.280448,0.5707,,P,27798.2,330.579
2023-10-04,0.0611872,24000,27798.2,-0.146916,0.4457,,P,27798.2,1047.33
2023-10-04,0.0611872,25500,27798.2,-0.0862917,0.376,,P,27798.2,1706.59
2023-10-04,0.0611872,27000,27798.2,-0.0291332,0.3322,,P,27798.2,2536.7
2023-10-04,0.0611872,28500,27798.2,0.024934,0.3153,,C,27798.2,2637.22
2023-10-04,0.0611872,31000,27798.2,0.109017,0.3573,,C,27798.2,1352.46
2023-10-04,0.0611872,34000,27798.2,0.20139,0.4289,,C,27798.2,499.945
2023-10-04,0.0611872,38000,27798.2,0.312616,0.54,,C,27798.2,206.904
2023-10-04,0.1379,20000,27876.8,-0.332062,0.5541,,P,27876.8,946.245
2023-10-04,0.1379,22000,27876.8,-0.236751,0.49,,P,27876.8,1567.18
2023-10-04,0.1379,25000,27876.8,-0.108918,0.3978,,P,27876.8,2972
2023-10-04,0.1379,27000,27876.8,-0.031957,0.3623,,P,27876.8,3942.4
2023-10-04,0.1379,29000,27876.8,0.039502,0.3608,,C,27876.8,4024.04
2023-10-04,0.1379,31000,27876.8,0.106193,0.3818,,C,27876.8,3281.58
2023-10-04,0.1379,34000,27876.8,0.198567,0.4248,,C,27876.8,2058.92
2023-10-04,0.1379,38000,27876.8,0.309792,0.4816,,C,27876.8,1071.27
2023-10-04,0.23379,20000,28036.8,-0.337784,0.5216,,P,28036.8,1848.1
2023-10-04,0.23379,23000,28036.8,-0.198022,0.4582,,P,28036.8,3265.18
2023-10-04,0.23379,25000,28036.8,-0.114641,0.4193,,P,28036.8,4330.06
2023-10-04,0.23379,28000,28036.8,-0.00131216,0.3999,,P,28036.8,5379.31
2023-10-04,0.23379,31000,28036.8,0.100471,0.4159,,C,28036.8,4994.23
2023-10-04,0.23379,34000,28036.8,0.192844,0.4447,,C,28036.8,3960.51
2023-10-04,0.23379,36000,28036.8,0.250002,0.4616,,C,28036.8,3252.26
2023-10-04,0.23379,39000,28036.8,0.330045,0.4983,,C,28036.8,2477.99
2023-10-04,0.483105,20000,28347.7,-0.348815,0.5403,,P,28347.7,4214.13
2023-10-04,0.483105,23000,28347.7,-0.209053,0.5035,,P,28347.7,5833.36
2023-10-04,0.483105,26000,28347.7,-0.086451,0.477,,P,28347.7,7177.04
2023-10-04,0.483105,29000,28347.7,0.0227483,0.4816,,C,28347.7,7821.74
2023-10-04,0.483105,31000,28347.7,0.0894397,0.4802,,C,28347.7,7820.43
2023-10-04,0.483105,34000,28347.7,0.181813,0.4998,,C,28347.7,7394.32
2023-10-04,0.483105,37000,28347.7,0.26637,0.5262,,C,28347.7,6774.04
2023-10-04,0.483105,40000,28347.7,0.344332,0.5428,,C,28347.7,6048.03
2023-10-04,0.73242,24000,28755.1,-0.180762,0.5152,,P,28755.1,8048.27
2023-10-04,0.73242,26000,28755.1,-0.100719,0.5104,,P,28755.1,8876.29
2023-10-04,0.73242,28000,28755.1,-0.0266115,0.5056,,P,28755.1,9445.86
2023-10-04,0.73242,31000,28755.1,0.0751712,0.5176,,C,28755.1,9804.45
2023-10-04,0.73242,32000,28755.1,0.10692,0.5165,,C,28755.1,9815.46
2023-10-04,0.73242,34000,28755.1,0.167545,0.5283,,C,28755.1,9715.63
2023-10-04,0.73242,38000,28755.1,0.27877,0.5476,,C,28755.1,9199.87
2023-10-04,0.73242,40000,28755.1,0.330063,0.562,,C,28755.1,8889.09
2023-10-04,0.981735,21000,29195.5,-0.329492,0.5299,,P,29195.5,7765.89
2023-10-04,0.981735,22000,29195.5,-0.282972,0.5276,,P,29195.5,8362.09
2023-10-04,0.981735,25000,29195.5,-0.155138,0.5195,,P,29195.5,9872.48
2023-10-04,0.981735,28000,29195.5,-0.0418098,0.5224,,P,29195.5,10893.9
2023-10-04,0.981735,29000,29195.5,-0.00671847,0.5265,,P,29195.5,11116.2
2023-10-04,0.981735,30000,29195.5,0.0271831,0.5254,,C,29195.5,11293.3
2023-10-04,0.981735,32000,29195.5,0.0917216,0.5192,,C,29195.5,11504.6
2023-10-04,0.981735,34000,29195.5,0.152346,0.5409,,C,29195.5,11538.9
2023-10-11,0.0228311,19000,26731.4,-0.341401,0.8429,,P,26731.4,37.3152
2023-10-11,0.0228311,22000,26731.4,-0.194798,0.6326,,P,26731.4,183.038
2023-10-11,0.0228311,24000,26731.4,-0.107786,0.4882,,P,26731.4,524.657
2023-10-11,0.0228311,25500,26731.4,-0.0471619,0.3842,,P,26731.4,1130.98
2023-10-11,0.0228311,27500,26731.4,0.0283457,0.3092,,C,26731.4,1359.25
2023-10-11,0.0228311,29000,26731.4,0.0814555,0.3735,,C,26731.4,592.033
2023-10-11,0.0228311,31000,26731.4,0.148147,0.4734,,C,26731.4,203.069
2023-10-11,0.0228311,34000,26731.4,0.24052,0.5765,,C,26731.4,40.1326
2023-10-11,0.0420091,19000,26797.6,-0.343873,0.7429,,P,26797.6,143.629
2023-10-11,0.0420091,22000,26797.6,-0.19727,0.5779,,P,26797.6,495.179
2023-10-11,0.0420091,25000,26797.6,-0.0694362,0.3754,,P,26797.6,1407.45
2023-10-11,0.0420091,26500,26797.6,-0.0111673,0.3123,,P,26797.6,2144.97
2023-10-11,0.0420091,28000,26797.6,0.0438925,0.3075,,C,26797.6,1756.61
2023-10-11,0.0420091,30000,26797.6,0.112885,0.3842,,C,26797.6,829.108
2023-10-11,0.0420091,34000,26797.6,0.238049,0.5109,,C,26797.6,186.027
2023-10-11,0.0420091,38000,26797.6,0.349274,0.6714,,C,26797.6,103.899
2023-10-11,0.118721,19000,26810,-0.344335,0.5993,,P,26810,768.382
2023-10-11,0.118721,21000,26810,-0.244251,0.5197,,P,26810,1281.39
2023-10-11,0.118721,24000,26810,-0.11072,0.395,,P,26810,2498.7
2023-10-11,0.118721,26000,26810,-0.0306773,0.3363,,P,26810,3498.33
2023-10-11,0.118721,29000,26810,0.078522,0.3342,,C,26810,3032.71
2023-10-11,0.118721,31000,26810,0.145213,0.3793,,C,26810,2133
2023-10-11,0.118721,34000,26810,0.237587,0.4461,,C,26810,1253.07
2023-10-11,0.118721,38000,26810,0.348812,0.5219,,C,26810,665.942
2023-10-11,0.214612,20000,26980.7,-0.299391,0.493,,P,26980.7,1806.33
2023-10-11,0.214612,23000,26980.7,-0.159629,0.4157,,P,26980.7,3250.24
2023-10-11,0.214612,25000,26980.7,-0.0762474,0.374,,P,26980.7,4340.6
2023-10-11,0.214612,28000,26980.7,0.0370813,0.3588,,C,26980.7,4937.83
2023-10-11,0.214612,30000,26980.7,0.106074,0.3775,,C,26980.7,4357.88
2023-10-11,0.214612,33000,26980.7,0.201384,0.4259,,C,26980.7,3259.75
2023-10-11,0.214612,35000,26980.7,0.260225,0.47,,C,26980.7,2764.09
2023-10-11,0.214612,38000,26980.7,0.342463,0.5082,,C,26980.7,2040.21
2023-10-11,0.463927,20000,27212.4,-0.307941,0.507,,P,27212.4,4196.49
2023-10-11,0.463927,23000,27212.4,-0.168179,0.4668,,P,27212.4,5836.31
2023-10-11,0.463927,25000,27212.4,-0.0847977,0.4536,,P,27212.4,6744.48
2023-10-11,0.463927,28000,27212.4,0.028531,0.4445,,C,27212.4,7382.32
2023-10-11,0.463927,30000,27212.4,0.0975239,0.4507,,C,27212.4,7295.38
2023-10-11,0.463927,33000,27212.4,0.192834,0.4719,,C,27212.4,6714.43
2023-10-11,0.463927,35000,27212.4,0.251675,0.4832,,C,27212.4,6175.81
2023-10-11,0.463927,38000,27212.4,0.333913,0.5067,,C,27212.4,5391.09
2023-10-11,0.713242,20000,27667.8,-0.324538,0.5201,,P,27667.8,5888.63
2023-10-11,0.713242,23000,27667.8,-0.184776,0.5005,,P,27667.8,7554.14
2023-10-11,0.713242,25000,27667.8,-0.101394,0.4942,,P,27667.8,8418.09
2023-10-11,0.713242,28000,27667.8,0.0119344,0.4903,,C,27667.8,9175.01
2023-10-11,0.713242,31000,27667.8,0.113717,0.493,,C,27667.8,9302.24
2023-10-11,0.713242,34000,27667.8,0.20609,0.5121,,C,27667.8,9011.41
2023-10-11,0.713242,36000,27667.8,0.263249,0.533,,C,27667.8,8737.77
2023-10-11,0.713242,39000,27667.8,0.343292,0.5427,,C,27667.8,8143.72
2023-10-11,0.962557,20000,27862.5,-0.331551,0.5272,,P,27862.5,7276.16
2023-10-11,0.962557,23000,27862.5,-0.191789,0.5143,,P,27862.5,8929.03
2023-10-11,0.962557,25000,27862.5,-0.108407,0.5091,,P,27862.5,9779.83
2023-10-11,0.962557,27000,27862.5,-0.031446,0.5087,,P,27862.5,10385.6
2023-10-11,0.962557,30000,27862.5,0.0739145,0.5201,,C,27862.5,10839.3
2023-10-11,0.962557,33000,27862.5,0.169225,0.5223,,C,27862.5,10875.6
2023-10-11,0.962557,35000,27862.5,0.228065,0.5349,,C,27862.5,10745
2023-10-11,0.962557,37000,27862.5,0.283635,0.5386,,C,27862.5,10507.8
2023-10-18,0.0228311,20000,28352.2,-0.348974,0.9263,,P,28352.2,63.9719
2023-10-18,0.0228311,23000,28352.2,-0.209212,0.6574,,P,28352.2,167.317
2023-10-18,0.0228311,25000,28352.2,-0.12583,0.4806,,P,28352.2,357.417
2023-10-18,0.0228311,26500,28352.2,-0.0675614,0.3844,,P,28352.2,839.657
2023-10-18,0.0228311,28500,28352.2,0.00519799,0.3323,,C,28352.2,1703.83
2023-10-18,0.0228311,31000,28352.2,0.0892811,0.4506,,C,28352.2,755.969
2023-10-18,0.0228311,34000,28352.2,0.181654,0.583,,C,28352.2,223.048
2023-10-18,0.0228311,38000,28352.2,0.29288,0.7396,,C,28352.2,63.7106
2023-10-18,0.0420091,21000,28377.1,-0.301061,0.656,,P,28377.1,162.362
2023-10-18,0.0420091,23500,28377.1,-0.188583,0.5285,,P,28377.1,463.245
2023-10-18,0.0420091,25500,28377.1,-0.106905,0.403,,P,28377.1,951.087
2023-10-18,0.0420091,27000,28377.1,-0.0497468,0.349,,P,28377.1,1776.01
2023-10-18,0.0420091,29000,28377.1,0.0217122,0.3408,,C,28377.1,2233.67
2023-10-18,0.0420091,30500,28377.1,0.0721431,0.3924,,C,28377.1,1607.48
2023-10-18,0.0420091,33000,28377.1,0.150924,0.4753,,C,28377.1,752.703
2023-10-18,0.0420091,37000,28377.1,0.265334,0.5525,,C,28377.1,169.948
2023-10-18,0.0995434,21000,28451.5,-0.303677,0.5418,,P,28451.5,632.676
2023-10-18,0.0995434,23000,28451.5,-0.212705,0.4726,,P,28451.5,1160.75
2023-10-18,0.0995434,26000,28451.5,-0.0901028,0.3778,,P,28451.5,2568.06
2023-10-18,0.0995434,28000,28451.5,-0.0159948,0.352,,P,28451.5,3510.54
2023-10-18,0.0995434,30000,28451.5,0.0529981,0.3709,,C,28451.5,3313.19
2023-10-18,0.0995434,32000,28451.5,0.117537,0.4079,,C,28451.5,2497.57
2023-10-18,0.0995434,36000,28451.5,0.23532,0.4928,,C,28451.5,1277.6
2023-10-18,0.0995434,40000,28451.5,0.34068,0.574,,C,28451.5,720.734
2023-10-18,0.195434,21000,28642.6,-0.310373,0.4974,,P,28642.6,1587.73
2023-10-18,0.195434,24000,28642.6,-0.176841,0.4299,,P,28642.6,2985.71
2023-10-18,0.195434,26000,28642.6,-0.0967987,0.3969,,P,28642.6,4117.58
2023-10-18,0.195434,29000,28642.6,0.0124005,0.3927,,C,28642.6,5050.93
2023-10-18,0.195434,32000,28642.6,0.110841,0.4234,,C,28642.6,4461.11
2023-10-18,0.195434,35000,28642.6,0.200453,0.4574,,C,28642.6,3398.87
2023-10-18,0.195434,37000,28642.6,0.256023,0.4827,,C,28642.6,2779.51
2023-10-18,0.195434,40000,28642.6,0.333984,0.5273,,C,28642.6,2124.45
2023-10-18,0.444749,21000,28888.3,-0.318913,0.4941,,P,28888.3,4047.08
2023-10-18,0.444749,24000,28888.3,-0.185382,0.468,,P,28888.3,5801.45
2023-10-18,0.444749,26000,28888.3,-0.105339,0.4538,,P,28888.3,6784.76
2023-10-18,0.444749,29000,28888.3,0.00386021,0.4505,,C,28888.3,7613.62
2023-10-18,0.444749,32000,28888.3,0.1023,0.4703,,C,28888.3,7576.37
2023-10-18,0.444749,35000,28888.3,0.191912,0.492,,C,28888.3,7034.45
2023-10-18,0.444749,37000,28888.3,0.247482,0.5073,,C,28888.3,6561.72
2023-10-18,0.444749,40000,28888.3,0.325444,0.5308,,C,28888.3,5834.67
2023-10-18,0.694064,21000,29326.1,-0.333957,0.5118,,P,29326.1,5932.91
2023-10-18,0.694064,24000,29326.1,-0.200426,0.4952,,P,29326.1,7671.01
2023-10-18,0.694064,26000,29326.1,-0.120383,0.4896,,P,29326.1,8605.52
2023-10-18,0.694064,29000,29326.1,-0.0111836,0.4866,,P,29326.1,9491.82
2023-10-18,0.694064,32000,29326.1,0.0872565,0.4981,,C,29326.1,9746.82
2023-10-18,0.694064,35000,29326.1,0.176869,0.515,,C,29326.1,9558.21
2023-10-18,0.694064,37000,29326.1,0.232439,0.5274,,C,29326.1,9291.54
2023-10-18,0.694064,40000,29326.1,0.3104,0.538,,C,29326.1,8734.09
2023-10-18,0.943379,22000,29655,-0.298587,0.5123,,P,29655,8014.57
2023-10-18,0.943379,26000,29655,-0.131533,0.5002,,P,29655,10070.7
2023-10-18,0.943379,28000,29655,-0.0574251,0.503,,P,29655,10762.8
2023-10-18,0.943379,32000,29655,0.0761062,0.5035,,C,29655,11445.5
2023-10-18,0.943379,33000,29655,0.106878,0.507,,C,29655,11485.9
2023-10-18,0.943379,35000,29655,0.165718,0.5282,,C,29655,11465.4
2023-10-18,0.943379,36000,29655,0.193889,0.5176,,C,29655,11387.6
2023-10-18,0.943379,40000,29655,0.29925,0.542,,C,29655,10967.8
2023-10-25,0.0228311,24500,34682.3,-0.347556,1.0175,,P,34682.3,136.088
2023-10-25,0.0228311,27000,34682.3,-0.250392,0.851,,P,34682.3,276.448
2023-10-25,0.0228311,30000,34682.3,-0.145031,0.6675,,P,34682.3,690.608
2023-10-25,0.0228311,32500,34682.3,-0.0649886,0.556,,P,34682.3,1499.14
2023-10-25,0.0228311,35000,34682.3,0.00911933,0.562,,C,34682.3,2086.24
2023-10-25,0.0228311,38000,34682.3,0.0913574,0.6525,,C,34682.3,1422.8
2023-10-25,0.0228311,44000,34682.3,0.237961,0.8491,,C,34682.3,420.782
2023-10-25,0.0228311,49000,34682.3,0.345592,0.9194,,C,34682.3,112.316
2023-10-25,0.0420091,25000,34798,-0.330685,0.8752,,P,34798,439.172
2023-10-25,0.0420091,28000,34798,-0.217357,0.6874,,P,34798,774.538
2023-10-25,0.0420091,30500,34798,-0.131834,0.5777,,P,34798,1430.72
2023-10-25,0.0420091,33000,34798,-0.0530536,0.5669,,P,34798,2492.36
2023-10-25,0.0420091,36000,34798,0.0339578,0.5782,,C,34798,2772.8
2023-10-25,0.0420091,39000,34798,0.114,0.6324,,C,34798,2041.77
2023-10-25,0.0420091,44000,34798,0.234628,0.7337,,C,34798,944.601
2023-10-25,0.0420091,49000,34798,0.342259,0.821,,C,34798,425.2
2023-10-25,0.0803653,25000,34898.2,-0.33356,0.7057,,P,34898.2,827.91
2023-10-25,0.0803653,28000,34898.2,-0.220231,0.6087,,P,34898.2,1559.94
2023-10-25,0.0803653,30000,34898.2,-0.151238,0.5666,,P,34898.2,2341.51
2023-10-25,0.0803653,33000,34898.2,-0.0559278,0.5558,,P,34898.2,3592.49
2023-10-25,0.0803653,36000,34898.2,0.0310835,0.5566,,C,34898.2,3919.39
2023-10-25,0.0803653,40000,34898.2,0.136444,0.5958,,C,34898.2,3038.22
2023-10-25,0.0803653,44000,34898.2,0.231754,0.6579,,C,34898.2,2038.89
2023-10-25,0.0803653,48000,34898.2,0.318766,0.6938,,C,34898.2,1238.77
2023-10-25,0.176256,25000,35222.7,-0.342814,0.6289,,P,35222.7,2120.84
2023-10-25,0.176256,28000,35222.7,-0.229485,0.5869,,P,35222.7,3383.1
2023-10-25,0.176256,31000,35222.7,-0.127702,0.5607,,P,35222.7,4744.15
2023-10-25,0.176256,34000,35222.7,-0.035329,0.5613,,P,35222.7,5691.63
2023-10-25,0.176256,36000,35222.7,0.0218294,0.5606,,C,35222.7,5897.51
2023-10-25,0.176256,39000,35222.7,0.101872,0.5769,,C,35222.7,5640.58
2023-10-25,0.176256,42000,35222.7,0.17598,0.5935,,C,35222.7,4981.15
2023-10-25,0.176256,45000,35222.7,0.244973,0.6125,,C,35222.7,4200.81
2023-10-25,0.425571,26000,35712.6,-0.317407,0.5852,,P,35712.6,5511.54
2023-10-25,0.425571,29000,35712.6,-0.208208,0.5507,,P,35712.6,6967.27
2023-10-25,0.425571,31000,35712.6,-0.141516,0.5628,,P,35712.6,7905.11
2023-10-25,0.425571,34000,35712.6,-0.0491429,0.5789,,P,35712.6,8833.38
2023-10-25,0.425571,36000,35712.6,0.00801554,0.5771,,C,35712.6,9165.69
2023-10-25,0.425571,39000,35712.6,0.0880582,0.5854,,C,35712.6,9287.02
2023-10-25,0.425571,41000,35712.6,0.138069,0.5856,,C,35712.6,9160.34
2023-10-25,0.425571,50000,35712.6,0.33652,0.6261,,C,35712.6,7670.6
2023-10-25,0.674886,26000,36151,-0.329609,0.5692,,P,36151,7626.22
2023-10-25,0.674886,29000,36151,-0.22041,0.5659,,P,36151,9230.86
2023-10-25,0.674886,31000,36151,-0.153718,0.5477,,P,36151,10090.9
2023-10-25,0.674886,34000,36151,-0.0613449,0.5493,,P,36151,11098.3
2023-10-25,0.674886,36000,36151,-0.00418647,0.5725,,P,36151,11500.4
2023-10-25,0.674886,40000,36151,0.101174,0.5779,,C,36151,11844.5
2023-10-25,0.674886,42000,36151,0.149964,0.5929,,C,36151,11823.5
2023-10-25,0.674886,50000,36151,0.324318,0.5967,,C,36151,10863.6
2023-10-25,0.924201,26000,36761.4,-0.346351,0.5681,,P,36761.4,9342.26
2023-10-25,0.924201,28000,36761.4,-0.272243,0.5705,,P,36761.4,10476.9
2023-10-25,0.924201,32000,36761.4,-0.138712,0.5466,,P,36761.4,12272.8
2023-10-25,0.924201,35000,36761.4,-0.0490994,0.5523,,P,36761.4,13224
2023-10-25,0.924201,39000,36761.4,0.0591141,0.5637,,C,36761.4,13915.4
2023-10-25,0.924201,41000,36761.4,0.109125,0.5614,,C,36761.4,14066.7
2023-10-25,0.924201,45000,36761.4,0.202215,0.5972,,C,36761.4,14069
2023-10-25,0.924201,50000,36761.4,0.307576,0.5961,,C,36761.4,13664.5
2023-11-01,0.0228311,25000,35399.8,-0.347831,0.8934,,P,35399.8,64.7087
2023-11-01,0.0228311,27500,35399.8,-0.252521,0.7379,,P,35399.8,144.482
2023-11-01,0.0228311,30000,35399.8,-0.165509,0.6672,,P,35399.8,509.808
2023-11-01,0.0228311,32500,35399.8,-0.0854664,0.5339,,P,35399.8,1165.57
2023-11-01,0.0228311,35000,35399.8,-0.0113585,0.5187,,P,35399.8,2098.04
2023-11-01,0.0228311,37500,35399.8,0.0576344,0.6027,,C,35399.8,1795.83
2023-11-01,0.0228311,42000,35399.8,0.170963,0.7026,,C,35399.8,634.667
2023-11-01,0.0228311,47000,35399.8,0.283441,0.7935,,C,35399.8,150.101
2023-11-01,0.0420091,26000,35543.8,-0.31267,0.7606,,P,35543.8,331.6
2023-11-01,0.0420091,29500,35543.8,-0.186377,0.6209,,P,35543.8,904.168
2023-11-01,0.0420091,32000,35543.8,-0.105031,0.5345,,P,35543.8,1738.97
2023-11-01,0.0420091,34500,35543.8,-0.0298075,0.5292,,P,35543.8,2753.19
2023-11-01,0.0420091,36500,35543.8,0.0265454,0.5578,,C,35543.8,2862.16
2023-11-01,0.0420091,40000,35543.8,0.118113,0.6411,,C,35543.8,2054.03
2023-11-01,0.0420091,45000,35543.8,0.235896,0.6929,,C,35543.8,821.035
2023-11-01,0.0420091,50000,35543.8,0.341256,0.789,,C,35543.8,370.723
2023-11-01,0.0611872,26000,35654.9,-0.31579,0.7125,,P,35654.9,601.12
2023-11-01,0.0611872,29000,35654.9,-0.20659,0.6069,,P,35654.9,1227.58
2023-11-01,0.0611872,31000,35654.9,-0.139899,0.5549,,P,35654.9,1947.07
2023-11-01,0.0611872,34000,35654.9,-0.0475256,0.5306,,P,35654.9,3210.94
2023-11-01,0.0611872,37000,35654.9,0.0370318,0.5676,,C,35654.9,3453.22
2023-11-01,0.0611872,42000,35654.9,0.163783,0.6486,,C,35654.9,2260.63
2023-11-01,0.0611872,45000,35654.9,0.232776,0.6924,,C,35654.9,1563.9
2023-11-01,0.0611872,50000,35654.9,0.338137,0.7556,,C,35654.9,807.56
2023-11-01,0.157078,26000,35925.9,-0.323361,0.5938,,P,35925.9,1867.23
2023-11-01,0.157078,29000,35925.9,-0.214162,0.584,,P,35925.9,3304.1
2023-11-01,0.157078,32000,35925.9,-0.115722,0.5659,,P,35925.9,4663.44
2023-11-01,0.157078,35000,35925.9,-0.0261095,0.5682,,P,35925.9,5533.92
2023-11-01,0.157078,37000,35925.9,0.0294604,0.5834,,C,35925.9,5679.95
2023-11-01,0.157078,40000,35925.9,0.107422,0.6157,,C,35925.9,5399.92
2023-11-01,0.157078,43000,35925.9,0.179743,0.6406,,C,35925.9,4798.12
2023-11-01,0.157078,50000,35925.9,0.330565,0.6998,,C,35925.9,3262.23
2023-11-01,0.23379,27000,35516.8,-0.27417,0.5783,,P,35516.8,3657.72
2023-11-01,0.23379,31000,35516.8,-0.13602,0.5872,,P,35516.8,5649.46
2023-11-01,0.23379,33000,35516.8,-0.0734996,0.5623,,P,35516.8,6308.34
2023-11-01,0.23379,36000,35516.8,0.0135118,0.5983,,C,35516.8,6818.28
2023-11-01,0.23379,38000,35516.8,0.067579,0.6091,,C,35516.8,6827.94
2023-11-01,0.23379,41000,35516.8,0.143565,0.6146,,C,35516.8,6478.25
2023-11-01,0.23379,44000,35516.8,0.214182,0.6381,,C,35516.8,5921.8
2023-11-01,0.23379,50000,35516.8,0.342016,0.6956,,C,35516.8,4779.03
2023-11-01,0.406393,26000,36527.3,-0.339964,0.612,,P,36527.3,5260.58
2023-11-01,0.406393,29000,36527.3,-0.230765,0.596,,P,36527.3,6760.05
2023-11-01,0.406393,31000,36527.3,-0.164074,0.6012,,P,36527.3,7666.59
2023-11-01,0.406393,34000,36527.3,-0.0717005,0.5845,,P,36527.3,8646.77
2023-11-01,0.406393,36000,36527.3,-0.0145421,0.5879,,P,36527.3,9055.06
2023-11-01,0.406393,39000,36527.3,0.0655007,0.6156,,C,36527.3,9285.7
2023-11-01,0.406393,41000,36527.3,0.115511,0.619,,C,36527.3,9247.49
2023-11-01,0.406393,50000,36527.3,0.313962,0.668,,C,36527.3,8096.51
2023-11-01,0.655708,27000,36587.8,-0.303879,0.5792,,P,36587.8,8007.87
2023-11-01,0.655708,31000,36587.8,-0.165729,0.5744,,P,36587.8,9938.06
2023-11-01,0.655708,35000,36587.8,-0.0443678,0.5912,,P,36587.8,11185.6
2023-11-01,0.655708,36000,36587.8,-0.0161969,0.5793,,P,36587.8,11399.4
2023-11-01,0.655708,37000,36587.8,0.0112021,0.5895,,C,36587.8,11549
2023-11-01,0.655708,39000,36587.8,0.0638458,0.5948,,C,36587.8,11750.5
2023-11-01,0.655708,45000,36587.8,0.206947,0.6159,,C,36587.8,11658.7
2023-11-01,0.655708,50000,36587.8,0.312307,0.6353,,C,36587.8,11117.9
2023-11-01,0.905023,35000,37425.2,-0.066995,0.5664,,P,37425.2,13144.3
2023-11-01,0.905023,36000,37425.2,-0.0388241,0.5645,,P,37425.2,13402.4
2023-11-01,0.905023,37000,37425.2,-0.0114251,0.5722,,P,37425.2,13606.3
2023-11-01,0.905023,38000,37425.2,0.0152431,0.5725,,C,37425.2,13786.1
2023-11-01,0.905023,40000,37425.2,0.0665364,0.5831,,C,37425.2,14028.9
2023-11-01,0.905023,45000,37425.2,0.184319,0.6059,,C,37425.2,14196.7
2023-11-01,0.905023,50000,37425.2,0.28968,0.6077,,C,37425.2,13888.1
2023-11-08,0.0228311,26000,35904.2,-0.322759,0.9288,,P,35904.2,130.509
2023-11-08,0.0228311,30000,35904.2,-0.179658,0.6423,,P,35904.2,356.181
2023-11-08,0.0228311,32500,35904.2,-0.0996152,0.5318,,P,35904.2,954.149
2023-11-08,0.0228311,35000,35904.2,-0.0255073,0.4858,,P,35904.2,2010.33
2023-11-08,0.0228311,37000,35904.2,0.0300626,0.5622,,C,35904.2,2061.86
2023-11-08,0.0228311,40000,35904.2,0.108024,0.6626,,C,35904.2,1274.79
2023-11-08,0.0228311,45000,35904.2,0.225807,0.8103,,C,35904.2,441.503
2023-11-08,0.0228311,50000,35904.2,0.331168,0.8848,,C,35904.2,118.539
2023-11-08,0.0420091,26000,36072.9,-0.327444,0.813,,P,36072.9,361.951
2023-11-08,0.0420091,29000,36072.9,-0.218245,0.6585,,P,36072.9,713.828
2023-11-08,0.0420091,32000,36072.9,-0.119805,0.5333,,P,36072.9,1521.37
2023-11-08,0.0420091,35000,36072.9,-0.0301926,0.5096,,P,36072.9,2782.72
2023-11-08,0.0420091,37000,36072.9,0.0253773,0.5515,,C,36072.9,2908.27
2023-11-08,0.0420091,40000,36072.9,0.103339,0.6116,,C,36072.9,2206.87
2023-11-08,0.0420091,45000,36072.9,0.221122,0.7075,,C,36072.9,1027.35
2023-11-08,0.0420091,50000,36072.9,0.326482,0.7881,,C,36072.9,448.902
2023-11-08,0.1379,26000,36430.6,-0.337314,0.6145,,P,36430.6,1519.17
2023-11-08,0.1379,29000,36430.6,-0.228114,0.5749,,P,36430.6,2705.39
2023-11-08,0.1379,32000,36430.6,-0.129674,0.5395,,P,36430.6,4081.76
2023-11-08,0.1379,35000,36430.6,-0.0400621,0.5407,,P,36430.6,5159.71
2023-11-08,0.1379,37000,36430.6,0.0155078,0.5533,,C,36430.6,5395.07
2023-11-08,0.1379,40000,36430.6,0.0934693,0.5763,,C,36430.6,5111.48
2023-11-08,0.1379,43000,36430.6,0.16579,0.6006,,C,36430.6,4420.49
2023-11-08,0.1379,50000,36430.6,0.316613,0.666,,C,36430.6,2765.11
2023-11-08,0.214612,26000,36449.6,-0.337833,0.6015,,P,36449.6,2701.94
2023-11-08,0.214612,29000,36449.6,-0.228634,0.5662,,P,36449.6,4074.39
2023-11-08,0.214612,32000,36449.6,-0.130194,0.5678,,P,36449.6,5536.11
2023-11-08,0.214612,35000,36449.6,-0.0405817,0.5721,,P,36449.6,6467.15
2023-11-08,0.214612,37000,36449.6,0.0149882,0.5868,,C,36449.6,6714.48
2023-11-08,0.214612,40000,36449.6,0.0929497,0.6064,,C,36449.6,6615.4
2023-11-08,0.214612,44000,36449.6,0.18826,0.6286,,C,36449.6,5942.26
2023-11-08,0.214612,50000,36449.6,0.316093,0.6717,,C,36449.6,4653.11
2023-11-08,0.387215,26000,36767,-0.346504,0.6124,,P,36767,4985.21
2023-11-08,0.387215,28000,36767,-0.272396,0.5937,,P,36767,5966.69
2023-11-08,0.387215,30000,36767,-0.203403,0.5974,,P,36767,6976.9
2023-11-08,0.387215,36000,36767,-0.0210813,0.6027,,P,36767,8860.22
2023-11-08,0.387215,38000,36767,0.0329859,0.6085,,C,36767,9079.78
2023-11-08,0.387215,41000,36767,0.108972,0.6241,,C,36767,9093.31
2023-11-08,0.387215,43000,36767,0.1566,0.6293,,C,36767,8939.17
2023-11-08,0.387215,50000,36767,0.307423,0.6663,,C,36767,7913.83
2023-11-08,0.63653,27000,37290.7,-0.322906,0.6061,,P,37290.7,7848.37
2023-11-08,0.63653,29000,37290.7,-0.251447,0.6034,,P,37290.7,8871.49
2023-11-08,0.63653,34000,37290.7,-0.0923826,0.6027,,P,37290.7,10809.2
2023-11-08,0.63653,36000,37290.7,-0.0352242,0.6098,,P,37290.7,11292.3
2023-11-08,0.63653,39000,37290.7,0.0448185,0.6154,,C,37290.7,11728.9
2023-11-08,0.63653,41000,37290.7,0.094829,0.6274,,C,37290.7,11847.2
2023-11-08,0.63653,44000,37290.7,0.165447,0.6345,,C,37290.7,11836.9
2023-11-08,0.63653,50000,37290.7,0.29328,0.6623,,C,37290.7,11377.7
2023-11-08,0.885845,29000,37870.7,-0.266881,0.5921,,P,37870.7,10672.8
2023-11-08,0.885845,32000,37870.7,-0.168441,0.5983,,P,37870.7,12013.6
2023-11-08,0.885845,37000,37870.7,-0.0232586,0.6013,,P,37870.7,13492.3
2023-11-08,0.885845,38000,37870.7,0.00340964,0.607,,C,37870.7,13674.3
2023-11-08,0.885845,40000,37870.7,0.0547029,0.6151,,C,37870.7,13952
2023-11-08,0.885845,45000,37870.7,0.172486,0.6226,,C,37870.7,14219.7
2023-11-08,0.885845,47000,37870.7,0.215971,0.6305,,C,37870.7,14187.6
2023-11-08,0.885845,50000,37870.7,0.277846,0.6424,,C,37870.7,14045.1
2023-11-15,0.0228311,27000,37879.9,-0.338585,1.0209,,P,37879.9,172.827
2023-11-15,0.0228311,30000,37879.9,-0.233224,0.7363,,P,37879.9,225.428
2023-11-15,0.0228311,33000,37879.9,-0.137914,0.6428,,P,37879.9,776.793
2023-11-15,0.0228311,35500,37879.9,-0.0648888,0.5409,,P,37879.9,1611.58
2023-11-15,0.0228311,37500,37879.9,-0.0100806,0.5549,,P,37879.9,2253.58
2023-11-15,0.0228311,40000,37879.9,0.054458,0.6171,,C,37879.9,1976.36
2023-11-15,0.0228311,45000,37879.9,0.172241,0.7645,,C,37879.9,817.49
2023-11-15,0.0228311,50000,37879.9,0.277602,0.9309,,C,37879.9,373.243
2023-11-15,0.0420091,27000,37890,-0.338851,0.8232,,P,37890,346.863
2023-11-15,0.0420091,31000,37890,-0.2007,0.6684,,P,37890,955.994
2023-11-15,0.0420091,34000,37890,-0.108327,0.5487,,P,37890,1842.58
2023-11-15,0.0420091,36500,37890,-0.0373752,0.5336,,P,37890,2864.06
2023-11-15,0.0420091,39000,37890,0.0288742,0.5691,,C,37890,3043.21
2023-11-15,0.0420091,42000,37890,0.102982,0.6213,,C,37890,2347.33
2023-11-15,0.0420091,48000,37890,0.236514,0.732,,C,37890,1003.71
2023-11-15,0.0420091,53000,37890,0.335604,0.7646,,C,37890,368.8
2023-11-15,0.118721,27000,38269.6,-0.34882,0.6495,,P,38269.6,1303.19
2023-11-15,0.118721,30000,38269.6,-0.24346,0.5939,,P,38269.6,2283.1
2023-11-15,0.118721,32000,38269.6,-0.178921,0.5689,,P,38269.6,3156.28
2023-11-15,0.118721,35000,38269.6,-0.089309,0.5597,,P,38269.6,4498.29
2023-11-15,0.118721,38000,38269.6,-0.00707092,0.5686,,P,38269.6,5213.47
2023-11-15,0.118721,41000,38269.6,0.068915,0.5941,,C,38269.6,5118.09
2023-11-15,0.118721,43000,38269.6,0.116543,0.6138,,C,38269.6,4763.97
2023-11-15,0.118721,50000,38269.6,0.267366,0.6885,,C,38269.6,3163.8
2023-11-15,0.195434,28000,38526.9,-0.319152,0.5985,,P,38526.9,2774.08
2023-11-15,0.195434,31000,38526.9,-0.217369,0.5817,,P,38526.9,4228.95
2023-11-15,0.195434,34000,38526.9,-0.124996,0.5685,,P,38526.9,5596.14
2023-11-15,0.195434,37000,38526.9,-0.0404385,0.583,,P,38526.9,6522.9
2023-11-15,0.195434,40000,38526.9,0.037523,0.6006,,C,38526.9,6794.51
2023-11-15,0.195434,43000,38526.9,0.109844,0.6168,,C,38526.9,6557.7
2023-11-15,0.195434,48000,38526.9,0.219845,0.6573,,C,38526.9,5636.79
2023-11-15,0.195434,54000,38526.9,0.337628,0.6988,,C,38526.9,4374.56
2023-11-15,0.368037,28000,39200.7,-0.336491,0.619,,P,39200.7,5273.19
2023-11-15,0.368037,31000,39200.7,-0.234709,0.5767,,P,39200.7,6634.53
2023-11-15,0.368037,33000,39200.7,-0.172188,0.6032,,P,39200.7,7663.23
2023-11-15,0.368037,36000,39200.7,-0.0851769,0.5862,,P,39200.7,8696.24
2023-11-15,0.368037,38000,39200.7,-0.0311097,0.6055,,P,39200.7,9151.91
2023-11-15,0.368037,42000,39200.7,0.0689738,0.6169,,C,39200.7,9487.42
2023-11-15,0.368037,44000,39200.7,0.115494,0.6245,,C,39200.7,9424.48
2023-11-15,0.368037,55000,39200.7,0.338637,0.6689,,C,39200.7,7771.85
2023-11-15,0.617352,28000,39343.9,-0.340137,0.6162,,P,39343.9,7893.97
2023-11-15,0.617352,31000,39343.9,-0.238354,0.6096,,P,39343.9,9398.69
2023-11-15,0.617352,33000,39343.9,-0.175834,0.5851,,P,39343.9,10224.3
2023-11-15,0.617352,36000,39343.9,-0.0888226,0.5955,,P,39343.9,11273.4
2023-11-15,0.617352,40000,39343.9,0.0165379,0.613,,C,39343.9,12072.5
2023-11-15,0.617352,43000,39343.9,0.0888586,0.6164,,C,39343.9,12311.4
2023-11-15,0.617352,46000,39343.9,0.1563,0.6275,,C,39343.9,12302
2023-11-15,0.617352,55000,39343.9,0.334992,0.6491,,C,39343.9,11376.1
2023-11-15,0.866667,30000,40037.5,-0.288618,0.5907,,P,40037.5,10799.4
2023-11-15,0.866667,35000,40037.5,-0.134467,0.5942,,P,40037.5,12991.5
2023-11-15,0.866667,39000,40037.5,-0.0262537,0.5927,,P,40037.5,14111.8
2023-11-15,0.866667,40000,40037.5,-0.000935882,0.5943,,P,40037.5,14304.8
2023-11-15,0.866667,41000,40037.5,0.0237567,0.6075,,C,40037.5,14444.9
2023-11-15,0.866667,42000,40037.5,0.0478543,0.6042,,C,40037.5,14586.4
2023-11-15,0.866667,45000,40037.5,0.116847,0.6161,,C,40037.5,14818.5
2023-11-15,0.866667,50000,40037.5,0.222208,0.6285,,C,40037.5,14813.3
2023-11-22,0.0228311,27000,37468.4,-0.327661,0.8804,,P,37468.4,92.114
2023-11-22,0.0228311,31000,37468.4,-0.189511,0.7028,,P,37468.4,417.359
2023-11-22,0.0228311,33500,37468.4,-0.111952,0.5392,,P,37468.4,830.149
2023-11-22,0.0228311,36000,37468.4,-0.039979,0.4713,,P,37468.4,1889.92
2023-11-22,0.0228311,39000,37468.4,0.0400637,0.5405,,C,37468.4,2041.36
2023-11-22,0.0228311,42000,37468.4,0.114172,0.6003,,C,37468.4,1081.79
2023-11-22,0.0228311,47000,37468.4,0.22665,0.7706,,C,37468.4,379.791
2023-11-22,0.0228311,52000,37468.4,0.327746,0.8143,,C,37468.4,76.4592
2023-11-22,0.0420091,27000,37434.7,-0.32676,0.6868,,P,37434.7,175.293
2023-11-22,0.0420091,31000,37434.7,-0.18861,0.555,,P,37434.7,703.437
2023-11-22,0.0420091,33500,37434.7,-0.111052,0.4756,,P,37434.7,1511.48
2023-11-22,0.0420091,36000,37434.7,-0.0390783,0.4945,,P,37434.7,2783.12
2023-11-22,0.0420091,38500,37434.7,0.028061,0.5191,,C,37434.7,2993.85
2023-11-22,0.0420091,41000,37434.7,0.0909749,0.5599,,C,37434.7,2335.76
2023-11-22,0.0420091,46000,37434.7,0.206044,0.6517,,C,37434.7,1030.23
2023-11-22,0.0420091,52000,37434.7,0.328647,0.7473,,C,37434.7,359.937
2023-11-22,0.0995434,27000,37761.2,-0.335445,0.6169,,P,37761.2,905.882
2023-11-22,0.0995434,30000,37761.2,-0.230084,0.5744,,P,37761.2,1884.52
2023-11-22,0.0995434,32000,37761.2,-0.165546,0.5314,,P,37761.2,2677.82
2023-11-22,0.0995434,35000,37761.2,-0.0759338,0.5235,,P,37761.2,4102.95
2023-11-22,0.0995434,38000,37761.2,0.00630434,0.5367,,C,37761.2,4747.59
2023-11-22,0.0995434,41000,37761.2,0.0822903,0.5632,,C,37761.2,4431.45
2023-11-22,0.0995434,43000,37761.2,0.129918,0.5875,,C,37761.2,3950.32
2023-11-22,0.0995434,50000,37761.2,0.280741,0.6626,,C,37761.2,2207.72
2023-11-22,0.176256,27000,37978.4,-0.34118,0.6412,,P,37978.4,2380.6
2023-11-22,0.176256,30000,37978.4,-0.235819,0.6002,,P,37978.4,3619.75
2023-11-22,0.176256,33000,37978.4,-0.140509,0.5689,,P,37978.4,4951.73
2023-11-22,0.176256,36000,37978.4,-0.0534974,0.5777,,P,37978.4,5999.88
2023-11-22,0.176256,39000,37978.4,0.0265453,0.5925,,C,37978.4,6359.9
2023-11-22,0.176256,42000,37978.4,0.100653,0.6052,,C,37978.4,6134.68
2023-11-22,0.176256,46000,37978.4,0.191625,0.6358,,C,37978.4,5362.28
2023-11-22,0.176256,52000,37978.4,0.314227,0.6889,,C,37978.4,4082.14
2023-11-22,0.348858,29000,38416.7,-0.281197,0.5999,,P,38416.7,5650.87
2023-11-22,0.348858,31000,38416.7,-0.214505,0.5904,,P,38416.7,6628.4
2023-11-22,0.348858,34000,38416.7,-0.122132,0.5947,,P,38416.7,7893.76
2023-11-22,0.348858,36000,38416.7,-0.0649735,0.5989,,P,38416.7,8482.56
2023-11-22,0.348858,38000,38416.7,-0.0109062,0.6014,,P,38416.7,8857.93
2023-11-22,0.348858,40000,38416.7,0.0403871,0.6041,,C,38416.7,9032.99
2023-11-22,0.348858,44000,38416.7,0.135697,0.6199,,C,38416.7,8894.41
2023-11-22,0.348858,50000,38416.7,0.263531,0.6549,,C,38416.7,8036.51
2023-11-22,0.598174,27000,38257.5,-0.348502,0.607,,P,38257.5,7323.79
2023-11-22,0.598174,29000,38257.5,-0.277043,0.5931,,P,38257.5,8341.62
2023-11-22,0.598174,33000,38257.5,-0.147831,0.5865,,P,38257.5,10132.2
2023-11-22,0.598174,38000,38257.5,-0.00675248,0.5961,,P,38257.5,11454.8
2023-11-22,0.598174,40000,38257.5,0.0445408,0.6026,,C,38257.5,11693.3
2023-11-22,0.598174,44000,38257.5,0.139851,0.6182,,C,38257.5,11787.4
2023-11-22,0.598174,47000,38257.5,0.205809,0.6217,,C,38257.5,11598.4
2023-11-22,0.598174,50000,38257.5,0.267684,0.6379,,C,38257.5,11298.7
2023-11-22,0.847489,36000,38932.4,-0.0783085,0.5829,,P,38932.4,13122.8
2023-11-22,0.847489,39000,38932.4,0.00173419,0.5997,,C,38932.4,13775.8
2023-11-22,0.847489,40000,38932.4,0.027052,0.5997,,C,38932.4,13934.6
2023-11-22,0.847489,41000,38932.4,0.0517446,0.603,,C,38932.4,14057.5
2023-11-22,0.847489,46000,38932.4,0.166814,0.6184,,C,38932.4,14297.9
2023-11-22,0.847489,48000,38932.4,0.209374,0.6157,,C,38932.4,14245.7
2023-11-22,0.847489,50000,38932.4,0.250196,0.6252,,C,38932.4,14144.9
2023-11-29,0.0228311,28000,37914.5,-0.303129,0.7941,,P,37914.5,80.6247
2023-11-29,0.0228311,31500,37914.5,-0.185346,0.5982,,P,37914.5,254.226
2023-11-29,0.0228311,34000,37914.5,-0.108973,0.5358,,P,37914.5,874.046
2023-11-29,0.0228311,36500,37914.5,-0.0380214,0.4398,,P,37914.5,1902.82
2023-11-29,0.0228311,39500,37914.5,0.040967,0.5026,,C,37914.5,2015.44
2023-11-29,0.0228311,43000,37914.5,0.125866,0.5681,,C,37914.5,829.922
2023-11-29,0.0228311,48000,37914.5,0.235867,0.6899,,C,37914.5,198.562
2023-11-29,0.0228311,53000,37914.5,0.334958,0.7976,,C,37914.5,56.6911
2023-11-29,0.0420091,28000,37953.9,-0.304167,0.6806,,P,37953.9,246.788
2023-11-29,0.0420091,32500,37953.9,-0.155132,0.5638,,P,37953.9,1164.34
2023-11-29,0.0420091,35000,37953.9,-0.0810238,0.4736,,P,37953.9,2101.08
2023-11-29,0.0420091,37500,37953.9,-0.0120309,0.4584,,P,37953.9,3056.23
2023-11-29,0.0420091,39500,37953.9,0.0399289,0.4878,,C,37953.9,2919.66
2023-11-29,0.0420091,42000,37953.9,0.101298,0.5113,,C,37953.9,2043.38
2023-11-29,0.0420091,47000,37953.9,0.213776,0.6171,,C,37953.9,826.17
2023-11-29,0.0420091,52000,37953.9,0.314872,0.7178,,C,37953.9,366.762
2023-11-29,0.0803653,27000,38119.8,-0.344896,0.6532,,P,38119.8,637.583
2023-11-29,0.0803653,30000,38119.8,-0.239536,0.5644,,P,38119.8,1243.09
2023-11-29,0.0803653,32000,38119.8,-0.174997,0.5142,,P,38119.8,1916.4
2023-11-29,0.0803653,35000,38119.8,-0.0853849,0.4743,,P,38119.8,3369.03
2023-11-29,0.0803653,38000,38119.8,-0.00314678,0.4825,,P,38119.8,4293.2
2023-11-29,0.0803653,41000,38119.8,0.0728391,0.5093,,C,38119.8,3926.56
2023-11-29,0.0803653,43000,38119.8,0.120467,0.5354,,C,38119.8,3332.03
2023-11-29,0.0803653,50000,38119.8,0.27129,0.628,,C,38119.8,1540.09
2023-11-29,0.157078,28000,38419,-0.316347,0.6073,,P,38419,2170.52
2023-11-29,0.157078,31000,38419,-0.214564,0.5733,,P,38419,3471.21
2023-11-29,0.157078,34000,38419,-0.122191,0.5522,,P,38419,4860.6
2023-11-29,0.157078,37000,38419,-0.0376332,0.5489,,P,38419,5838.13
2023-11-29,0.157078,40000,38419,0.0403283,0.5712,,C,38419,6061.73
2023-11-29,0.157078,43000,38419,0.112649,0.5896,,C,38419,5682.59
2023-11-29,0.157078,48000,38419,0.22265,0.628,,C,38419,4515.76
2023-11-29,0.157078,54000,38419,0.340433,0.6757,,C,38419,3181.52
2023-11-29,0.23379,30000,38714,-0.255005,0.5772,,P,38714,4288.44
2023-11-29,0.23379,32000,38714,-0.190467,0.5714,,P,38714,5302.58
2023-11-29,0.23379,35000,38714,-0.100854,0.5613,,P,38714,6566.08
2023-11-29,0.23379,37000,38714,-0.0452846,0.5663,,P,38714,7134.26
2023-11-29,0.23379,42000,38714,0.0814671,0.584,,C,38714,7387.18
2023-11-29,0.23379,45000,38714,0.15046,0.5999,,C,38714,6964.17
2023-11-29,0.23379,50000,38714,0.25582,0.628,,C,38714,5883.14
2023-11-29,0.23379,54000,38714,0.332781,0.6575,,C,38714,5035.4
2023-11-29,0.32968,28000,39033.2,-0.332207,0.596,,P,39033.2,4658.62
2023-11-29,0.32968,31000,39033.2,-0.230424,0.5828,,P,39033.2,6198.88
2023-11-29,0.32968,33000,39033.2,-0.167904,0.5765,,P,39033.2,7130.36
2023-11-29,0.32968,36000,39033.2,-0.0808926,0.5763,,P,39033.2,8220.6
2023-11-29,0.32968,38000,39033.2,-0.0268254,0.5834,,P,39033.2,8671.24
2023-11-29,0.32968,42000,39033.2,0.0732581,0.5973,,C,39033.2,8933.16
2023-11-29,0.32968,44000,39033.2,0.119778,0.6025,,C,39033.2,8807.88
2023-11-29,0.32968,55000,39033.2,0.342922,0.6531,,C,39033.2,6864.85
2023-11-29,0.578995,29000,39902.8,-0.319152,0.5907,,P,39902.8,7825.28
2023-11-29,0.578995,35000,39902.8,-0.131099,0.5824,,P,39902.8,10595.4
2023-11-29,0.578995,37000,39902.8,-0.0755296,0.5898,,P,39902.8,11214.1
2023-11-29,0.578995,41000,39902.8,0.0271245,0.6006,,C,39902.8,11940.9
2023-11-29,0.578995,44000,39902.8,0.0977421,0.6072,,C,39902.8,12110.7
2023-11-29,0.578995,46000,39902.8,0.142194,0.6143,,C,39902.8,12082.9
2023-11-29,0.578995,48000,39902.8,0.184753,0.6193,,C,39902.8,11965.7
2023-11-29,0.578995,55000,39902.8,0.320886,0.6434,,C,39902.8,11133.5
2023-11-29,0.828311,30000,40775,-0.306871,0.5846,,P,40775,10379.1
2023-11-29,0.828311,31000,40775,-0.274082,0.5916,,P,40775,10936.5
2023-11-29,0.828311,37000,40775,-0.097151,0.5928,,P,40775,13380.2
2023-11-29,0.828311,38000,40775,-0.0704827,0.5926,,P,40775,13664.6
2023-11-29,0.828311,42000,40775,0.0296008,0.599,,C,40775,14456.2
2023-11-29,0.828311,43000,40775,0.0531312,0.6056,,C,40775,14569
2023-11-29,0.828311,50000,40775,0.203954,0.6208,,C,40775,14759.2
2023-11-29,0.828311,55000,40775,0.299264,0.6335,,C,40775,14415.7
2023-12-06,0.0228311,31000,43888.3,-0.347662,1.004,,P,43888.3,160.448
2023-12-06,0.0228311,35000,43888.3,-0.226301,0.7539,,P,43888.3,327.863
2023-12-06,0.0228311,38000,43888.3,-0.144063,0.624,,P,43888.3,765.263
2023-12-06,0.0228311,41500,43888.3,-0.0559554,0.5166,,P,43888.3,1988.18
2023-12-06,0.0228311,44500,43888.3,0.0138404,0.4764,,C,43888.3,2613.48
2023-12-06,0.0228311,49000,43888.3,0.110172,0.5615,,C,43888.3,1201.98
2023-12-06,0.0228311,55000,43888.3,0.225684,0.7473,,C,43888.3,401.229
2023-12-06,0.0228311,62000,43888.3,0.345486,0.7877,,C,43888.3,46.4654
2023-12-06,0.0420091,31500,44049.5,-0.335326,0.8498,,P,44049.5,475.575
2023-12-06,0.0420091,35000,44049.5,-0.229965,0.649,,P,44049.5,718.828
2023-12-06,0.0420091,38500,44049.5,-0.134655,0.5454,,P,44049.5,1627.5
2023-12-06,0.0420091,41500,44049.5,-0.0596197,0.4948,,P,44049.5,2937.46
2023-12-06,0.0420091,44500,44049.5,0.010176,0.4949,,C,44049.5,3597.4
2023-12-06,0.0420091,47500,44049.5,0.0754166,0.5412,,C,44049.5,2963.84
2023-12-06,0.0420091,54000,44049.5,0.203671,0.6593,,C,44049.5,1277.81
2023-12-06,0.0420091,61000,44049.5,0.325561,0.7357,,C,44049.5,410.929
2023-12-06,0.0611872,32000,44076,-0.32018,0.7289,,P,44076,762.748
2023-12-06,0.0611872,35000,44076,-0.230567,0.6018,,P,44076,1164.76
2023-12-06,0.0611872,38000,44076,-0.148329,0.5262,,P,44076,2105.31
2023-12-06,0.0611872,41000,44076,-0.0723434,0.4832,,P,44076,3486.65
2023-12-06,0.0611872,43000,44076,-0.0247154,0.4841,,P,44076,4198.04
2023-12-06,0.0611872,46000,44076,0.0427259,0.4822,,C,44076,4159.92
2023-12-06,0.0611872,49000,44076,0.105905,0.508,,C,44076,3208.8
2023-12-06,0.0611872,60000,44076,0.308429,0.6503,,C,44076,804.809
2023-12-06,0.1379,32000,44438.8,-0.328378,0.6407,,P,44438.8,2140.07
2023-12-06,0.1379,36000,44438.8,-0.210595,0.572,,P,44438.8,3604.34
2023-12-06,0.1379,39000,44438.8,-0.130552,0.547,,P,44438.8,4990.77
2023-12-06,0.1379,43000,44438.8,-0.0329134,0.5336,,P,44438.8,6356.01
2023-12-06,0.1379,46000,44438.8,0.0345279,0.5415,,C,44438.8,6566.81
2023-12-06,0.1379,50000,44438.8,0.11791,0.5595,,C,44438.8,5912.62
2023-12-06,0.1379,54000,44438.8,0.194871,0.5785,,C,44438.8,4781.72
2023-12-06,0.1379,62000,44438.8,0.333021,0.6508,,C,44438.8,2987.26
2023-12-06,0.214612,32000,44827.5,-0.337086,0.5953,,P,44827.5,3284.99
2023-12-06,0.214612,36000,44827.5,-0.219303,0.5708,,P,44827.5,5218.06
2023-12-06,0.214612,40000,44827.5,-0.113942,0.5625,,P,44827.5,7052.38
2023-12-06,0.214612,43000,44827.5,-0.0416217,0.5525,,P,44827.5,7942.27
2023-12-06,0.214612,47000,44827.5,0.0473258,0.5539,,C,44827.5,8271.75
2023-12-06,0.214612,50000,44827.5,0.109201,0.5647,,C,44827.5,7951.37
2023-12-06,0.214612,56000,44827.5,0.22253,0.5918,,C,44827.5,6598.72
2023-12-06,0.214612,62000,44827.5,0.324313,0.6214,,C,44827.5,5112.13
2023-12-06,0.310502,32000,45213.5,-0.345661,0.609,,P,45213.5,4961.39
2023-12-06,0.310502,35000,45213.5,-0.256049,0.5909,,P,45213.5,6447.82
2023-12-06,0.310502,38000,45213.5,-0.17381,0.5833,,P,45213.5,7882.03
2023-12-06,0.310502,42000,45213.5,-0.073727,0.5698,,P,45213.5,9311.51
2023-12-06,0.310502,44000,45213.5,-0.027207,0.5712,,P,45213.5,9754.76
2023-12-06,0.310502,47000,45213.5,0.038751,0.5803,,C,45213.5,10042.2
2023-12-06,0.310502,51000,45213.5,0.120429,0.5952,,C,45213.5,9857.35
2023-12-06,0.310502,60000,45213.5,0.282948,0.6174,,C,45213.5,8134.76
2023-12-06,0.559817,33000,46033.5,-0.332861,0.5994,,P,46033.5,8613.69
2023-12-06,0.559817,38000,46033.5,-0.191783,0.5865,,P,46033.5,11077.3
2023-12-06,0.559817,42000,46033.5,-0.0916992,0.5896,,P,46033.5,12535.7
2023-12-06,0.559817,45000,46033.5,-0.0227064,0.5808,,P,46033.5,13250.5
2023-12-06,0.559817,47000,46033.5,0.0207788,0.5936,,C,46033.5,13531.2
2023-12-06,0.559817,50000,46033.5,0.0826542,0.5921,,C,46033.5,13732.3
2023-12-06,0.559817,54000,46033.5,0.159615,0.6085,,C,46033.5,13637.2
2023-12-06,0.559817,65000,46033.5,0.345018,0.6186,,C,46033.5,12040.2
2023-12-06,0.809132,34000,46908.8,-0.321846,0.6036,,P,46908.8,11587.3
2023-12-06,0.809132,37000,46908.8,-0.237288,0.5929,,P,46908.8,13068.4
2023-12-06,0.809132,38000,46908.8,-0.21062,0.591,,P,46908.8,13521.1
2023-12-06,0.809132,40000,46908.8,-0.159327,0.5936,,P,46908.8,14347.1
2023-12-06,0.809132,44000,46908.8,-0.0640166,0.596,,P,46908.8,15616.2
2023-12-06,0.809132,50000,46908.8,0.0638168,0.6029,,C,46908.8,16636.4
2023-12-06,0.809132,53000,46908.8,0.122086,0.615,,C,46908.8,16807.2
2023-12-06,0.809132,60000,46908.8,0.246138,0.629,,C,46908.8,16639.8
2023-12-13,0.0228311,31000,43028,-0.327863,0.9721,,P,43028,181.822
2023-12-13,0.0228311,34500,43028,-0.220891,0.6762,,P,43028,224.112
2023-12-13,0.0228311,37500,43028,-0.137509,0.6093,,P,43028,792.819
2023-12-13,0.0228311,41000,43028,-0.0482783,0.4708,,P,43028,2009.8
2023-12-13,0.0228311,44000,43028,0.0223393,0.4386,,C,43028,2476.64
2023-12-13,0.0228311,47500,43028,0.0988794,0.5076,,C,43028,1186.23
2023-12-13,0.0228311,53000,43028,0.208442,0.7073,,C,43028,429.089
2023-12-13,0.0228311,61000,43028,0.349024,0.9429,,C,43028,153.259
2023-12-13,0.0420091,31000,43204.8,-0.331964,0.8113,,P,43204.8,406.539
2023-12-13,0.0420091,35000,43204.8,-0.210603,0.6149,,P,43204.8,785.523
2023-12-13,0.0420091,39000,43204.8,-0.102389,0.4805,,P,43204.8,1952.73
2023-12-13,0.0420091,41000,43204.8,-0.052379,0.4613,,P,43204.8,2948.57
2023-12-13,0.0420091,43500,43204.8,0.00680985,0.4536,,C,43204.8,3531.49
2023-12-13,0.0420091,45500,43204.8,0.0517612,0.4626,,C,43204.8,3119.97
2023-12-13,0.0420091,48000,43204.8,0.10525,0.493,,C,43204.8,2161.83
2023-12-13,0.0420091,60000,43204.8,0.328393,0.7639,,C,43204.8,460.068
2023-12-13,0.118721,31000,43477,-0.338244,0.6553,,P,43477,1632.71
2023-12-13,0.118721,35000,43477,-0.216883,0.5749,,P,43477,2930.2
2023-12-13,0.118721,38000,43477,-0.134645,0.5382,,P,43477,4274.17
2023-12-13,0.118721,42000,43477,-0.0345616,0.5218,,P,43477,5743.15
2023-12-13,0.118721,45000,43477,0.0344313,0.5243,,C,43477,5946.35
2023-12-13,0.118721,49000,43477,0.119589,0.5367,,C,43477,5125.47
2023-12-13,0.118721,52000,43477,0.179013,0.5586,,C,43477,4221.38
2023-12-13,0.118721,60000,43477,0.322113,0.6274,,C,43477,2299.98
2023-12-13,0.195434,31000,43550.1,-0.339926,0.6178,,P,43550.1,2959.09
2023-12-13,0.195434,34000,43550.1,-0.247553,0.5666,,P,43550.1,4131.81
2023-12-13,0.195434,39000,43550.1,-0.110351,0.5293,,P,43550.1,6459.06
2023-12-13,0.195434,42000,43550.1,-0.0362435,0.5319,,P,43550.1,7402.34
2023-12-13,0.195434,46000,43550.1,0.0547283,0.5337,,C,43550.1,7630.94
2023-12-13,0.195434,49000,43550.1,0.117907,0.5457,,C,43550.1,7177.48
2023-12-13,0.195434,54000,43550.1,0.215071,0.5555,,C,43550.1,5784.63
2023-12-13,0.195434,60000,43550.1,0.320431,0.5987,,C,43550.1,4294.37
2023-12-13,0.291324,31000,43413.5,-0.336783,0.5908,,P,43413.5,4465.38
2023-12-13,0.291324,36000,43413.5,-0.187251,0.5603,,P,43413.5,6947.79
2023-12-13,0.291324,39000,43413.5,-0.107208,0.5456,,P,43413.5,8202.67
2023-12-13,0.291324,42000,43413.5,-0.0331003,0.5435,,P,43413.5,9038.55
2023-12-13,0.291324,45000,43413.5,0.0358925,0.5431,,C,43413.5,9345.37
2023-12-13,0.291324,48000,43413.5,0.100431,0.5526,,C,43413.5,9185.05
2023-12-13,0.291324,51000,43413.5,0.161056,0.5615,,C,43413.5,8697.32
2023-12-13,0.291324,60000,43413.5,0.323575,0.588,,C,43413.5,6453.53
2023-12-13,0.540639,33000,44089,-0.289703,0.5757,,P,44089,8656.64
2023-12-13,0.540639,35000,44089,-0.230863,0.5849,,P,44089,9748.74
2023-12-13,0.540639,37000,44089,-0.175293,0.5711,,P,44089,10622.3
2023-12-13,0.540639,41000,44089,-0.072639,0.5687,,P,44089,12019.2
2023-12-13,0.540639,46000,44089,0.0424304,0.5766,,C,44089,12852.1
2023-12-13,0.540639,49000,44089,0.105609,0.5796,,C,44089,12925.1
2023-12-13,0.540639,54000,44089,0.202773,0.5886,,C,44089,12528.2
2023-12-13,0.540639,60000,44089,0.308134,0.6003,,C,44089,11539.9
2023-12-13,0.789954,39000,45724.7,-0.159077,0.5815,,P,45724.7,13811.7
2023-12-13,0.789954,41000,45724.7,-0.109067,0.58,,P,45724.7,14522.2
2023-12-13,0.789954,42000,45724.7,-0.0849695,0.5782,,P,45724.7,14829.9
2023-12-13,0.789954,47000,45724.7,0.0275085,0.5886,,C,45724.7,15862.7
2023-12-13,0.789954,48000,45724.7,0.0485619,0.5881,,C,45724.7,15984.6
2023-12-13,0.789954,54000,45724.7,0.166345,0.6021,,C,45724.7,16197.8
2023-12-13,0.789954,55000,45724.7,0.184694,0.6024,,C,45724.7,16164.6
2023-12-13,0.789954,60000,45724.7,0.271705,0.6112,,C,45724.7,15795
2023-12-20,0.0228311,31000,43781.5,-0.345224,0.9396,,P,43781.5,115.204
2023-12-20,0.0228311,35000,43781.5,-0.223863,0.6845,,P,43781.5,226.453
2023-12-20,0.0228311,39000,43781.5,-0.11565,0.5741,,P,43781.5,1023.25
2023-12-20,0.0228311,41000,43781.5,-0.0656391,0.4807,,P,43781.5,1696.62
2023-12-20,0.0228311,43500,43781.5,-0.00645024,0.4923,,P,43781.5,2618.97
2023-12-20,0.0228311,45500,43781.5,0.0385011,0.5044,,C,43781.5,2366.43
2023-12-20,0.0228311,48000,43781.5,0.0919898,0.5467,,C,43781.5,1485.2
2023-12-20,0.0228311,60000,43781.5,0.315133,0.8642,,C,43781.5,167.596
2023-12-20,0.0420091,31000,43928.5,-0.348575,0.7105,,P,43928.5,171.524
2023-12-20,0.0420091,37000,43928.5,-0.171645,0.5315,,P,43928.5,951.299
2023-12-20,0.0420091,40000,43928.5,-0.0936832,0.5044,,P,43928.5,2270.34
2023-12-20,0.0420091,42500,43928.5,-0.0330586,0.4938,,P,43928.5,3345.23
2023-12-20,0.0420091,45500,43928.5,0.0351497,0.4979,,C,43928.5,3440.6
2023-12-20,0.0420091,48000,43928.5,0.0886383,0.5364,,C,43928.5,2708.76
2023-12-20,0.0420091,54000,43928.5,0.206421,0.6387,,C,43928.5,1146.32
2023-12-20,0.0420091,62000,43928.5,0.344572,0.7823,,C,43928.5,422.605
2023-12-20,0.0611872,32000,43986.6,-0.318149,0.7181,,P,43986.6,741.584
2023-12-20,0.0611872,36000,43986.6,-0.200366,0.5979,,P,43986.6,1564.27
2023-12-20,0.0611872,39000,43986.6,-0.120323,0.5587,,P,43986.6,2791.22
2023-12-20,0.0611872,42000,43986.6,-0.0462154,0.5534,,P,43986.6,3997.21
2023-12-20,0.0611872,45000,43986.6,0.0227775,0.5567,,C,43986.6,4320.52
2023-12-20,0.0611872,48000,43986.6,0.087316,0.5751,,C,43986.6,3746.41
2023-12-20,0.0611872,50000,43986.6,0.128138,0.5913,,C,43986.6,3144.58
2023-12-20,0.0611872,60000,43986.6,0.31046,0.7447,,C,43986.6,1219.94
2023-12-20,0.0995434,32000,44196.8,-0.322915,0.6701,,P,44196.8,1466.19
2023-12-20,0.0995434,36000,44196.8,-0.205132,0.5913,,P,44196.8,2731.08
2023-12-20,0.0995434,39000,44196.8,-0.12509,0.5647,,P,44196.8,4067.99
2023-12-20,0.0995434,43000,44196.8,-0.0274512,0.554,,P,44196.8,5399.22
2023-12-20,0.0995434,46000,44196.8,0.03999,0.5615,,C,44196.8,5510.89
2023-12-20,0.0995434,50000,44196.8,0.123372,0.5836,,C,44196.8,4707.28
2023-12-20,0.0995434,54000,44196.8,0.200333,0.6097,,C,44196.8,3558.67
2023-12-20,0.0995434,62000,44196.8,0.338483,0.7088,,C,44196.8,2082.67
2023-12-20,0.176256,32000,44658.1,-0.3333,0.6277,,P,44658.1,2820.84
2023-12-20,0.176256,36000,44658.1,-0.215517,0.571,,P,44658.1,4450.95
2023-12-20,0.176256,39000,44658.1,-0.135474,0.5618,,P,44658.1,5885.77
2023-12-20,0.176256,43000,44658.1,-0.037836,0.5568,,P,44658.1,7194.67
2023-12-20,0.176256,46000,44658.1,0.0296053,0.5614,,C,44658.1,7479.44
2023-12-20,0.176256,50000,44658.1,0.112987,0.57,,C,44658.1,7029.11
2023-12-20,0.176256,54000,44658.1,0.189948,0.5871,,C,44658.1,6065.55
2023-12-20,0.176256,62000,44658.1,0.328098,0.6291,,C,44658.1,4038.66
2023-12-20,0.272146,32000,45073.5,-0.342559,0.6132,,P,45073.5,4398.25
2023-12-20,0.272146,35000,45073.5,-0.252947,0.5824,,P,45073.5,5778.08
2023-12-20,0.272146,38000,45073.5,-0.170709,0.5689,,P,45073.5,7220.01
2023-12-20,0.272146,41000,45073.5,-0.0947232,0.5581,,P,45073.5,8396.1
2023-12-20,0.272146,45000,45073.5,-0.00163275,0.5642,,P,45073.5,9271.9
2023-12-20,0.272146,48000,45073.5,0.0629058,0.5716,,C,45073.5,9362.71
2023-12-20,0.272146,51000,45073.5,0.12353,0.577,,C,45073.5,9069.15
2023-12-20,0.272146,60000,45073.5,0.286049,0.599,,C,45073.5,7032.1
2023-12-20,0.521461,33000,46097.6,-0.334254,0.5969,,P,46097.6,8127.36
2023-12-20,0.521461,36000,46097.6,-0.247242,0.5897,,P,46097.6,9693.19
2023-12-20,0.521461,39000,46097.6,-0.1672,0.5863,,P,46097.6,11048.3
2023-12-20,0.521461,42000,46097.6,-0.0930917,0.5888,,P,46097.6,12099.3
2023-12-20,0.521461,46000,46097.6,-0.00211993,0.582,,P,46097.6,12976.1
2023-12-20,0.521461,50000,46097.6,0.0812617,0.5932,,C,46097.6,13276.1
2023-12-20,0.521461,53000,46097.6,0.139531,0.589,,C,46097.6,13191.9
2023-12-20,0.521461,65000,46097.6,0.343626,0.6219,,C,46097.6,11474.5
2023-12-20,0.770776,34000,46917.5,-0.322029,0.5986,,P,46917.5,11200.9
2023-12-20,0.770776,36000,46917.5,-0.264871,0.5863,,P,46917.5,12198.6
2023-12-20,0.770776,40000,46917.5,-0.15951,0.5856,,P,46917.5,13990.1
2023-12-20,0.770776,42000,46917.5,-0.11072,0.5825,,P,46917.5,14699.1
2023-12-20,0.770776,50000,46917.5,0.0636332,0.5947,,C,46917.5,16274.3
2023-12-20,0.770776,54000,46917.5,0.140594,0.5957,,C,46917.5,16432.2
2023-12-20,0.770776,55000,46917.5,0.158943,0.6048,,C,46917.5,16423.3
2023-12-20,0.770776,60000,46917.5,0.245955,0.6121,,C,46917.5,16141.8
2023-12-27,0.0228311,31000,43608.3,-0.341261,0.8094,,P,43608.3,45.0909
2023-12-27,0.0228311,36000,43608.3,-0.19173,0.642,,P,43608.3,338.317
2023-12-27,0.0228311,39000,43608.3,-0.111687,0.5704,,P,43608.3,1072.6
2023-12-27,0.0228311,41500,43608.3,-0.0495551,0.5017,,P,43608.3,2069.55
2023-12-27,0.0228311,44500,43608.3,0.0202407,0.5004,,C,43608.3,2560.15
2023-12-27,0.0228311,47000,43608.3,0.0748991,0.5179,,C,43608.3,1724.84
2023-12-27,0.0228311,52000,43608.3,0.175995,0.6435,,C,43608.3,557.205
2023-12-27,0.0228311,60000,43608.3,0.319096,0.7371,,C,43608.3,50.8049
2023-12-27,0.0420091,32000,43749.8,-0.312751,0.8313,,P,43749.8,565.504
2023-12-27,0.0420091,36000,43749.8,-0.194968,0.7271,,P,43749.8,1375.16
2023-12-27,0.0420091,39000,43749.8,-0.114926,0.6676,,P,43749.8,2368.11
2023-12-27,0.0420091,42000,43749.8,-0.0408176,0.6519,,P,43749.8,3337.8
2023-12-27,0.0420091,45000,43749.8,0.0281752,0.6611,,C,43749.8,3542.34
2023-12-27,0.0420091,48000,43749.8,0.0927138,0.6756,,C,43749.8,2987.47
2023-12-27,0.0420091,51000,43749.8,0.153338,0.7007,,C,43749.8,2178.68
2023-12-27,0.0420091,60000,43749.8,0.315857,0.8096,,C,43749.8,682.141
2023-12-27,0.0803653,31000,43963.3,-0.349369,0.7777,,P,43963.3,1182.33
2023-12-27,0.0803653,35000,43963.3,-0.228008,0.686,,P,43963.3,2220.63
2023-12-27,0.0803653,38000,43963.3,-0.14577,0.6471,,P,43963.3,3356.93
2023-12-27,0.0803653,42000,43963.3,-0.0456863,0.6265,,P,43963.3,4683.1
2023-12-27,0.0803653,46000,43963.3,0.0452855,0.6194,,C,43963.3,4900.63
2023-12-27,0.0803653,50000,43963.3,0.128667,0.634,,C,43963.3,4087.28
2023-12-27,0.0803653,54000,43963.3,0.205628,0.6589,,C,43963.3,2993.21
2023-12-27,0.0803653,62000,43963.3,0.343779,0.7447,,C,43963.3,1559.39
2023-12-27,0.157078,32000,44415.7,-0.327858,0.6659,,P,44415.7,2731.59
2023-12-27,0.157078,36000,44415.7,-0.210075,0.6232,,P,44415.7,4370.1
2023-12-27,0.157078,39000,44415.7,-0.130032,0.5865,,P,44415.7,5589.62
2023-12-27,0.157078,43000,44415.7,-0.0323934,0.5822,,P,44415.7,6796.73
2023-12-27,0.157078,46000,44415.7,0.0350479,0.5966,,C,44415.7,7019.54
2023-12-27,0.157078,50000,44415.7,0.11843,0.6141,,C,44415.7,6570.38
2023-12-27,0.157078,54000,44415.7,0.195391,0.623,,C,44415.7,5618.81
2023-12-27,0.157078,62000,44415.7,0.333541,0.6588,,C,44415.7,3638.16
2023-12-27,0.252968,32000,44673.5,-0.333644,0.6327,,P,44673.5,4323.56
2023-12-27,0.252968,36000,44673.5,-0.215861,0.6036,,P,44673.5,6177.77
2023-12-27,0.252968,40000,44673.5,-0.1105,0.6017,,P,44673.5,7844.68
2023-12-27,0.252968,43000,44673.5,-0.0381795,0.5833,,P,44673.5,8626.84
2023-12-27,0.252968,45000,44673.5,0.00728286,0.5928,,C,44673.5,8894.44
2023-12-27,0.252968,48000,44673.5,0.0718214,0.5899,,C,44673.5,8924.52
2023-12-27,0.252968,51000,44673.5,0.132446,0.5958,,C,44673.5,8589.31
2023-12-27,0.252968,60000,44673.5,0.294965,0.6186,,C,44673.5,6548.17
2023-12-27,0.502283,33000,45616.5,-0.323761,0.6072,,P,45616.5,8076.77
2023-12-27,0.502283,38000,45616.5,-0.182683,0.597,,P,45616.5,10486.7
2023-12-27,0.502283,41000,45616.5,-0.106697,0.594,,P,45616.5,11581.6
2023-12-27,0.502283,44000,45616.5,-0.0360792,0.5976,,P,45616.5,12341.2
2023-12-27,0.502283,47000,45616.5,0.0298788,0.5962,,C,45616.5,12770.7
2023-12-27,0.502283,50000,45616.5,0.0917542,0.5999,,C,45616.5,12897.4
2023-12-27,0.502283,52000,45616.5,0.130975,0.6044,,C,45616.5,12843.5
2023-12-27,0.502283,60000,45616.5,0.274076,0.6258,,C,45616.5,11923.9
2023-12-27,0.751598,35000,46459.2,-0.283227,0.6015,,P,46459.2,11632
2023-12-27,0.751598,39000,46459.2,-0.175013,0.5905,,P,46459.2,13438.9
2023-12-27,0.751598,40000,46459.2,-0.149695,0.5999,,P,46459.2,13829.1
2023-12-27,0.751598,43000,46459.2,-0.0773746,0.6042,,P,46459.2,14775.4
2023-12-27,0.751598,51000,46459.2,0.0932509,0.6056,,C,46459.2,16010.7
2023-12-27,0.751598,57000,46459.2,0.204477,0.6135,,C,46459.2,15956
2023-12-27,0.751598,60000,46459.2,0.25577,0.6202,,C,46459.2,15728.4
2023-12-27,0.751598,65000,46459.2,0.335813,0.6273,,C,46459.2,15137.1
2024-01-03,0.0228311,32000,42951.7,-0.29434,0.9799,,P,42951.7,308.956
2024-01-03,0.0228311,37000,42951.7,-0.149158,0.8087,,P,42951.7,1138.67
2024-01-03,0.0228311,41000,42951.7,-0.0465041,0.7284,,P,42951.7,2310.09
2024-01-03,0.0228311,43000,42951.7,0.00112398,0.7407,,C,42951.7,2586.4
2024-01-03,0.0228311,45000,42951.7,0.0465864,0.7454,,C,42951.7,2429.01
2024-01-03,0.0228311,47000,42951.7,0.0900715,0.7865,,C,42951.7,2028.64
2024-01-03,0.0228311,50000,42951.7,0.151947,0.8503,,C,42951.7,1385.28
2024-01-03,0.0228311,60000,42951.7,0.334268,1.0574,,C,42951.7,341.884
2024-01-03,0.0420091,35000,43098.7,-0.208144,0.7518,,P,43098.7,1271.58
2024-01-03,0.0420091,38000,43098.7,-0.125906,0.6892,,P,43098.7,2218.78
2024-01-03,0.0420091,41000,43098.7,-0.0499198,0.668,,P,43098.7,3208.64
2024-01-03,0.0420091,44000,43098.7,0.0206978,0.6699,,C,43098.7,3512.22
2024-01-03,0.0420091,46000,43098.7,0.0651495,0.6901,,C,43098.7,3266.16
2024-01-03,0.0420091,49000,43098.7,0.128328,0.6994,,C,43098.7,2510.58
2024-01-03,0.0420091,52000,43098.7,0.187752,0.7544,,C,43098.7,1846.51
2024-01-03,0.0420091,60000,43098.7,0.330853,0.8395,,C,43098.7,652.266
2024-01-03,0.0611872,31000,43327,-0.334789,0.7858,,P,43327,816.698
2024-01-03,0.0611872,35000,43327,-0.213428,0.6966,,P,43327,1777.86
2024-01-03,0.0611872,38000,43327,-0.13119,0.6493,,P,43327,2859.12
2024-01-03,0.0611872,42000,43327,-0.0311069,0.6456,,P,43327,4117.38
2024-01-03,0.0611872,45000,43327,0.037886,0.6525,,C,43327,4225.2
2024-01-03,0.0611872,49000,43327,0.123044,0.6777,,C,43327,3461.03
2024-01-03,0.0611872,52000,43327,0.182467,0.7018,,C,43327,2685.85
2024-01-03,0.0611872,60000,43327,0.325568,0.7902,,C,43327,1250.82
2024-01-03,0.1379,31000,43898.8,-0.347899,0.6674,,P,43898.8,2024.79
2024-01-03,0.1379,35000,43898.8,-0.226538,0.6206,,P,43898.8,3558.33
2024-01-03,0.1379,38000,43898.8,-0.1443,0.6069,,P,43898.8,4898.14
2024-01-03,0.1379,42000,43898.8,-0.0442169,0.6096,,P,43898.8,6201.2
2024-01-03,0.1379,46000,43898.8,0.0467549,0.6169,,C,43898.8,6477.43
2024-01-03,0.1379,50000,43898.8,0.130136,0.6331,,C,43898.8,5913.82
2024-01-03,0.1379,54000,43898.8,0.207098,0.6543,,C,43898.8,4979.13
2024-01-03,0.1379,62000,43898.8,0.345248,0.687,,C,43898.8,3068.28
2024-01-03,0.23379,32000,44191.7,-0.3228,0.6269,,P,44191.7,4067.4
2024-01-03,0.23379,35000,44191.7,-0.233188,0.612,,P,44191.7,5500.82
2024-01-03,0.23379,39000,44191.7,-0.124975,0.5952,,P,44191.7,7212.4
2024-01-03,0.23379,42000,44191.7,-0.0508666,0.5963,,P,44191.7,8097.41
2024-01-03,0.23379,45000,44191.7,0.0181263,0.6024,,C,44191.7,8494.79
2024-01-03,0.23379,48000,44191.7,0.0826648,0.6084,,C,44191.7,8448.29
2024-01-03,0.23379,52000,44191.7,0.162708,0.6214,,C,44191.7,7896.13
2024-01-03,0.23379,60000,44191.7,0.305808,0.6507,,C,44191.7,6117.13
2024-01-03,0.483105,33000,45678.1,-0.325111,0.6159,,P,45678.1,7885.87
2024-01-03,0.483105,36000,45678.1,-0.238099,0.6174,,P,45678.1,9420.84
2024-01-03,0.483105,39000,45678.1,-0.158057,0.6168,,P,45678.1,10686.2
2024-01-03,0.483105,42000,45678.1,-0.0839487,0.6201,,P,45678.1,11643.6
2024-01-03,0.483105,48000,45678.1,0.0495827,0.623,,C,45678.1,12600.2
2024-01-03,0.483105,51000,45678.1,0.110207,0.6267,,C,45678.1,12658.1
2024-01-03,0.483105,54000,45678.1,0.167366,0.6349,,C,45678.1,12507.6
2024-01-03,0.483105,60000,45678.1,0.272726,0.645,,C,45678.1,11764.9
2024-01-03,0.73242,35000,47184.3,-0.298712,0.6151,,P,47184.3,11409.3
2024-01-03,0.73242,40000,47184.3,-0.165181,0.6102,,P,47184.3,13636.1
2024-01-03,0.73242,43000,47184.3,-0.09286,0.6186,,P,47184.3,14622.7
2024-01-03,0.73242,45000,47184.3,-0.0473977,0.615,,P,47184.3,15135.5
2024-01-03,0.73242,48000,47184.3,0.0171409,0.6256,,C,47184.3,15668.4
2024-01-03,0.73242,49000,47184.3,0.0377601,0.6101,,C,47184.3,15825.3
2024-01-03,0.73242,60000,47184.3,0.240284,0.6456,,C,47184.3,15908.3
2024-01-03,0.73242,65000,47184.3,0.320327,0.631,,C,47184.3,15290.1
2024-01-03,0.981735,36000,48498.2,-0.298008,0.6089,,P,48498.2,13969.5
2024-01-03,0.981735,39000,48498.2,-0.217966,0.6131,,P,48498.2,15392.6
2024-01-03,0.981735,41000,48498.2,-0.167955,0.5962,,P,48498.2,16205.6
2024-01-03,0.981735,45000,48498.2,-0.0748648,0.6145,,P,48498.2,17497.2
2024-01-03,0.981735,48000,48498.2,-0.0103263,0.6025,,P,48498.2,18238.1
2024-01-03,0.981735,50000,48498.2,0.0304957,0.6298,,C,48498.2,18518.1
2024-01-03,0.981735,56000,48498.2,0.143824,0.6148,,C,48498.2,19125.6
2024-01-03,0.981735,65000,48498.2,0.29286,0.646,,C,48498.2,18990.1
2024-01-10,0.0228311,34000,46927.9,-0.322253,1.0423,,P,46927.9,295.891
2024-01-10,0.0228311,38000,46927.9,-0.211027,0.899,,P,46927.9,759.826
2024-01-10,0.0228311,42000,46927.9,-0.110943,0.7186,,P,46927.9,1585.51
2024-01-10,0.0228311,44500,46927.9,-0.0531239,0.6651,,P,46927.9,2392.45
2024-01-10,0.0228311,46000,46927.9,-0.0199717,0.6509,,P,46927.9,2740.24
2024-01-10,0.0228311,48000,46927.9,0.0225879,0.6453,,C,46927.9,2781.89
2024-01-10,0.0228311,51000,46927.9,0.0832125,0.6706,,C,46927.9,2102.18
2024-01-10,0.0228311,60000,46927.9,0.245731,0.8752,,C,46927.9,567.848
2024-01-10,0.0420091,33000,46789.8,-0.349158,0.9207,,P,46789.8,577.549
2024-01-10,0.0420091,37000,46789.8,-0.234748,0.7644,,P,46789.8,1103.9
2024-01-10,0.0420091,41000,46789.8,-0.132093,0.6545,,P,46789.8,2200.51
2024-01-10,0.0420091,45000,46789.8,-0.039003,0.6081,,P,46789.8,3565.79
2024-01-10,0.0420091,48000,46789.8,0.0255355,0.6087,,C,46789.8,3787.36
2024-01-10,0.0420091,52000,46789.8,0.105578,0.6079,,C,46789.8,2811.25
2024-01-10,0.0420091,60000,46789.8,0.248679,0.7027,,C,46789.8,973.289
2024-01-10,0.0420091,66000,46789.8,0.343989,0.8415,,C,46789.8,619.522
2024-01-10,0.118721,34000,47487.7,-0.334111,0.7312,,P,47487.7,2274.43
2024-01-10,0.118721,38000,47487.7,-0.222885,0.653,,P,47487.7,3552.38
2024-01-10,0.118721,42000,47487.7,-0.122802,0.6148,,P,47487.7,5160.36
2024-01-10,0.118721,46000,47487.7,-0.0318301,0.6044,,P,47487.7,6315.64
2024-01-10,0.118721,49000,47487.7,0.0313488,0.5851,,C,47487.7,6517.88
2024-01-10,0.118721,53000,47487.7,0.10982,0.6089,,C,47487.7,5980.21
2024-01-10,0.118721,60000,47487.7,0.233873,0.6321,,C,47487.7,4098.05
2024-01-10,0.118721,66000,47487.7,0.329183,0.6789,,C,47487.7,2839.53
2024-01-10,0.214612,34000,47859.1,-0.3419,0.6598,,P,47859.1,3941.82
2024-01-10,0.214612,37000,47859.1,-0.257343,0.6399,,P,47859.1,5277.22
2024-01-10,0.214612,41000,47859.1,-0.154688,0.602,,P,47859.1,6951.55
2024-01-10,0.214612,44000,47859.1,-0.0840709,0.606,,P,47859.1,8029.59
2024-01-10,0.214612,47000,47859.1,-0.0181129,0.5984,,P,47859.1,8663.01
2024-01-10,0.214612,50000,47859.1,0.0437625,0.5933,,C,47859.1,8842.97
2024-01-10,0.214612,54000,47859.1,0.120724,0.6028,,C,47859.1,8474.23
2024-01-10,0.214612,65000,47859.1,0.306127,0.6254,,C,47859.1,5836.98
2024-01-10,0.463927,35000,48508.6,-0.326393,0.6371,,P,48508.6,8241.52
2024-01-10,0.463927,39000,48508.6,-0.218179,0.6412,,P,48508.6,10186.6
2024-01-10,0.463927,42000,48508.6,-0.144071,0.6095,,P,48508.6,11302.1
2024-01-10,0.463927,46000,48508.6,-0.0530992,0.6186,,P,48508.6,12454.8
2024-01-10,0.463927,49000,48508.6,0.0100797,0.615,,C,48508.6,12956.6
2024-01-10,0.463927,53000,48508.6,0.0885513,0.6083,,C,48508.6,13180.9
2024-01-10,0.463927,56000,48508.6,0.143611,0.61,,C,48508.6,13056.4
2024-01-10,0.463927,65000,48508.6,0.292647,0.6333,,C,48508.6,11842.7
2024-01-10,0.713242,35000,49613.4,-0.348913,0.6245,,P,49613.4,10895
2024-01-10,0.713242,40000,49613.4,-0.215381,0.6267,,P,49613.4,13341.1
2024-01-10,0.713242,44000,49613.4,-0.120071,0.5955,,P,49613.4,14823.3
2024-01-10,0.713242,49000,49613.4,-0.0124406,0.6303,,P,49613.4,16029.7
2024-01-10,0.713242,50000,49613.4,0.00776209,0.6159,,C,49613.4,16221
2024-01-10,0.713242,52000,49613.4,0.0469828,0.6177,,C,49613.4,16473.8
2024-01-10,0.713242,57000,49613.4,0.13879,0.6196,,C,49613.4,16715.7
2024-01-10,0.713242,60000,49613.4,0.190084,0.6179,,C,49613.4,16626.8
2024-01-10,0.962557,36000,50662.6,-0.34167,0.6318,,P,50662.6,13686.3
2024-01-10,0.962557,40000,50662.6,-0.236309,0.6081,,P,50662.6,15581.4
2024-01-10,0.962557,42000,50662.6,-0.187519,0.6006,,P,50662.6,16434.3
2024-01-10,0.962557,47000,50662.6,-0.0750412,0.6271,,P,50662.6,18081.6
2024-01-10,0.962557,49000,50662.6,-0.0333685,0.6276,,P,50662.6,18571.4
2024-01-10,0.962557,57000,50662.6,0.117862,0.6248,,C,50662.6,19700.5
2024-01-10,0.962557,63000,50662.6,0.217946,0.63,,C,50662.6,19810.7
2024-01-10,0.962557,70000,50662.6,0.323306,0.6386,,C,50662.6,19426
2024-01-17,0.0228311,31000,42738.9,-0.321123,0.8864,,P,42738.9,123.597
2024-01-17,0.0228311,35000,42738.9,-0.199763,0.6796,,P,42738.9,350.976
2024-01-17,0.0228311,38000,42738.9,-0.117524,0.6006,,P,42738.9,1049.18
2024-01-17,0.0228311,42000,42738.9,-0.017441,0.4709,,P,42738.9,2476.78
2024-01-17,0.0228311,46000,42738.9,0.0735308,0.4693,,C,42738.9,1560.28
2024-01-17,0.0228311,50000,42738.9,0.156912,0.5637,,C,42738.9,510.165
2024-01-17,0.0228311,54000,42738.9,0.233873,0.6784,,C,42738.9,214.213
2024-01-17,0.0228311,60000,42738.9,0.339234,0.8213,,C,42738.9,72.6406
2024-01-17,0.0420091,35000,42854.9,-0.202471,0.6084,,P,42854.9,845.851
2024-01-17,0.0420091,38000,42854.9,-0.120233,0.5253,,P,42854.9,1766.23
2024-01-17,0.0420091,42000,42854.9,-0.0201497,0.4739,,P,42854.9,3391.17
2024-01-17,0.0420091,45000,42854.9,0.0488432,0.4639,,C,42854.9,3143.37
2024-01-17,0.0420091,48000,42854.9,0.113382,0.5099,,C,42854.9,2056.03
2024-01-17,0.0420091,51000,42854.9,0.174006,0.5488,,C,42854.9,1153.53
2024-01-17,0.0420091,55000,42854.9,0.249514,0.6109,,C,42854.9,544.013
2024-01-17,0.0420091,60000,42854.9,0.336525,0.6911,,C,42854.9,245.994
2024-01-17,0.0995434,32000,42977.3,-0.294937,0.6253,,P,42977.3,1519.44
2024-01-17,0.0995434,36000,42977.3,-0.177154,0.5504,,P,42977.3,2931.31
2024-01-17,0.0995434,39000,42977.3,-0.0971112,0.513,,P,42977.3,4290.18
2024-01-17,0.0995434,43000,42977.3,0.00052724,0.4932,,C,42977.3,5394.53
2024-01-17,0.0995434,46000,42977.3,0.0679685,0.4854,,C,42977.3,5056.73
2024-01-17,0.0995434,50000,42977.3,0.15135,0.5115,,C,42977.3,3746.4
2024-01-17,0.0995434,53000,42977.3,0.209619,0.5392,,C,42977.3,2801.65
2024-01-17,0.0995434,60000,42977.3,0.333672,0.6201,,C,42977.3,1485.63
2024-01-17,0.195434,31000,43462.6,-0.337914,0.5927,,P,43462.6,2794.24
2024-01-17,0.195434,36000,43462.6,-0.188382,0.5397,,P,43462.6,5071.73
2024-01-17,0.195434,40000,43462.6,-0.0830219,0.5055,,P,43462.6,6820.5
2024-01-17,0.195434,44000,43462.6,0.0122883,0.5107,,C,43462.6,7652.16
2024-01-17,0.195434,48000,43462.6,0.0992996,0.5135,,C,43462.6,7273.46
2024-01-17,0.195434,52000,43462.6,0.179342,0.5267,,C,43462.6,6190.18
2024-01-17,0.195434,56000,43462.6,0.25345,0.5378,,C,43462.6,4894.63
2024-01-17,0.195434,60000,43462.6,0.322443,0.5585,,C,43462.6,3809.62
2024-01-17,0.444749,34000,44560.3,-0.270484,0.5745,,P,44560.3,7924.72
2024-01-17,0.444749,37000,44560.3,-0.185926,0.558,,P,44560.3,9371.7
2024-01-17,0.444749,41000,44560.3,-0.083272,0.5601,,P,44560.3,10901
2024-01-17,0.444749,46000,44560.3,0.0317974,0.5641,,C,44560.3,11792
2024-01-17,0.444749,50000,44560.3,0.115179,0.5514,,C,44560.3,11756.6
2024-01-17,0.444749,53000,44560.3,0.173448,0.5541,,C,44560.3,11384.8
2024-01-17,0.444749,56000,44560.3,0.228508,0.5749,,C,44560.3,10925
2024-01-17,0.444749,60000,44560.3,0.297501,0.568,,C,44560.3,9926.25
2024-01-17,0.694064,38000,45660.3,-0.183643,0.578,,P,45660.3,12505.5
2024-01-17,0.694064,40000,45660.3,-0.13235,0.5764,,P,45660.3,13286.1
2024-01-17,0.694064,46000,45660.3,0.00741213,0.5802,,C,45660.3,14791.9
2024-01-17,0.694064,50000,45660.3,0.0907937,0.5824,,C,45660.3,15152.4
2024-01-17,0.694064,52000,45660.3,0.130014,0.5841,,C,45660.3,15171.4
2024-01-17,0.694064,55000,45660.3,0.186104,0.5894,,C,45660.3,15041.1
2024-01-17,0.694064,58000,45660.3,0.239214,0.5907,,C,45660.3,14744.7
2024-01-17,0.694064,60000,45660.3,0.273115,0.596,,C,45660.3,14500.1
2024-01-17,0.943379,33000,46506,-0.343073,0.5761,,P,46506,12095.9
2024-01-17,0.943379,46000,46506,-0.010939,0.574,,P,46506,17235.7
2024-01-17,0.943379,47000,46506,0.0105672,0.5946,,C,46506,17373.1
2024-01-17,0.943379,49000,46506,0.0522399,0.5815,,C,46506,17698.3
2024-01-17,0.943379,50000,46506,0.0724426,0.5884,,C,46506,17794
2024-01-17,0.943379,55000,46506,0.167753,0.5915,,C,46506,18020.1
2024-01-17,0.943379,57000,46506,0.203471,0.5958,,C,46506,17985.4
2024-01-17,0.943379,65000,46506,0.334807,0.6128,,C,46506,17398.9
2024-01-24,0.0228311,30000,40036.4,-0.288591,0.7849,,P,40036.4,108
2024-01-24,0.0228311,35000,40036.4,-0.13444,0.5963,,P,40036.4,740.526
2024-01-24,0.0228311,38500,40036.4,-0.0391297,0.4572,,P,40036.4,2014.67
2024-01-24,0.0228311,40000,40036.4,-0.000908441,0.444,,P,40036.4,2410.72
2024-01-24,0.0228311,42000,40036.4,0.0478817,0.4382,,C,40036.4,1902.07
2024-01-24,0.0228311,45000,40036.4,0.116875,0.4949,,C,40036.4,753.817
2024-01-24,0.0228311,49000,40036.4,0.202032,0.5986,,C,40036.4,220.107
2024-01-24,0.0228311,52000,40036.4,0.261456,0.6738,,C,40036.4,101.572
2024-01-24,0.0420091,32000,39997.1,-0.22307,0.6056,,P,39997.1,580.77
2024-01-24,0.0420091,35000,39997.1,-0.133458,0.5443,,P,39997.1,1493.46
2024-01-24,0.0420091,37000,39997.1,-0.0778884,0.4762,,P,39997.1,2285.04
2024-01-24,0.0420091,40000,39997.1,7.31278e-05,0.4407,,C,39997.1,3267.25
2024-01-24,0.0420091,42000,39997.1,0.0488633,0.4388,,C,39997.1,2888.58
2024-01-24,0.0420091,45000,39997.1,0.117856,0.4846,,C,39997.1,1713.68
2024-01-24,0.0420091,48000,39997.1,0.182395,0.5247,,C,39997.1,849.128
2024-01-24,0.0420091,54000,39997.1,0.300178,0.646,,C,39997.1,290.23
2024-01-24,0.0803653,29000,40159.3,-0.325559,0.6546,,P,40159.3,824.772
2024-01-24,0.0803653,33000,40159.3,-0.196347,0.5539,,P,40159.3,1878.15
2024-01-24,0.0803653,37000,40159.3,-0.0819369,0.4654,,P,40159.3,3587.09
2024-01-24,0.0803653,41000,40159.3,0.0207172,0.4444,,C,40159.3,4518.51
2024-01-24,0.0803653,44000,40159.3,0.0913348,0.4622,,C,40159.3,3720.67
2024-01-24,0.0803653,48000,40159.3,0.178346,0.4863,,C,40159.3,2145.41
2024-01-24,0.0803653,52000,40159.3,0.258389,0.5411,,C,40159.3,1247.16
2024-01-24,0.0803653,56000,40159.3,0.332497,0.5771,,C,40159.3,677.717
2024-01-24,0.176256,29000,40498.8,-0.333977,0.5801,,P,40498.8,2224.98
2024-01-24,0.176256,33000,40498.8,-0.204765,0.5161,,P,40498.8,3894.72
2024-01-24,0.176256,37000,40498.8,-0.0903547,0.4799,,P,40498.8,5833.47
2024-01-24,0.176256,41000,40498.8,0.0122995,0.4606,,C,40498.8,6779.32
2024-01-24,0.176256,44000,40498.8,0.082917,0.4731,,C,40498.8,6448.28
2024-01-24,0.176256,48000,40498.8,0.169928,0.4839,,C,40498.8,5177.94
2024-01-24,0.176256,53000,40498.8,0.269019,0.5221,,C,40498.8,3631.95
2024-01-24,0.176256,57000,40498.8,0.341779,0.5337,,C,40498.8,2498.41
2024-01-24,0.252968,30000,40958.3,-0.311357,0.5512,,P,40958.3,3707.7
2024-01-24,0.252968,36000,40958.3,-0.129036,0.5098,,P,40958.3,6732.91
2024-01-24,0.252968,39000,40958.3,-0.0489932,0.4833,,P,40958.3,7800.41
2024-01-24,0.252968,43000,40958.3,0.0486452,0.4861,,C,40958.3,8194.2
2024-01-24,0.252968,45000,40958.3,0.0941076,0.4949,,C,40958.3,7958.26
2024-01-24,0.252968,48000,40958.3,0.158646,0.4981,,C,40958.3,7223.51
2024-01-24,0.252968,50000,40958.3,0.199468,0.5068,,C,40958.3,6631.31
2024-01-24,0.252968,58000,40958.3,0.347888,0.5343,,C,40958.3,4192.71
2024-01-24,0.425571,30000,41515.6,-0.324873,0.5315,,P,41515.6,5833.12
2024-01-24,0.425571,34000,41515.6,-0.19971,0.5299,,P,41515.6,8152.26
2024-01-24,0.425571,38000,41515.6,-0.0884843,0.5198,,P,41515.6,9848.4
2024-01-24,0.425571,41000,41515.6,-0.0124984,0.5183,,P,41515.6,10577.7
2024-01-24,0.425571,44000,41515.6,0.0581192,0.5278,,C,41515.6,10804.5
2024-01-24,0.425571,47000,41515.6,0.124077,0.5348,,C,41515.6,10628.6
2024-01-24,0.425571,52000,41515.6,0.225173,0.5426,,C,41515.6,9723.63
2024-01-24,0.425571,57000,41515.6,0.316981,0.5443,,C,41515.6,8366.52
2024-01-24,0.674886,34000,42224.1,-0.21663,0.5557,,P,42224.1,10810.2
2024-01-24,0.674886,35000,42224.1,-0.187642,0.5517,,P,42224.1,11271.1
2024-01-24,0.674886,45000,42224.1,0.0636723,0.5486,,C,42224.1,13789.6
2024-01-24,0.674886,48000,42224.1,0.128211,0.5542,,C,42224.1,13818.2
2024-01-24,0.674886,50000,42224.1,0.169033,0.5549,,C,42224.1,13697.9
2024-01-24,0.674886,51000,42224.1,0.188835,0.5573,,C,42224.1,13607.2
2024-01-24,0.674886,55000,42224.1,0.264343,0.5672,,C,42224.1,13086.2
2024-01-24,0.674886,57000,42224.1,0.300061,0.5728,,C,42224.1,12762.2
2024-01-24,0.924201,34000,43258.1,-0.240824,0.5545,,P,43258.1,12818
2024-01-24,0.924201,35000,43258.1,-0.211837,0.5538,,P,43258.1,13307.5
2024-01-24,0.924201,42000,43258.1,-0.0295153,0.5637,,P,43258.1,15734.9
2024-01-24,0.924201,43000,43258.1,-0.0059848,0.5706,,P,43258.1,15929.4
2024-01-24,0.924201,50000,43258.1,0.144838,0.5761,,C,43258.1,16588.6
2024-01-24,0.924201,54000,43258.1,0.221799,0.5828,,C,43258.1,16479.8
2024-01-24,0.924201,55000,43258.1,0.240148,0.5786,,C,43258.1,16396
2024-01-24,0.924201,60000,43258.1,0.32716,0.5955,,C,43258.1,15929.2
2024-01-31,0.0228311,32000,42698.7,-0.288433,0.7425,,P,42698.7,81.6646
2024-01-31,0.0228311,36000,42698.7,-0.170649,0.5648,,P,42698.7,319.799
2024-01-31,0.0228311,38000,42698.7,-0.116582,0.5018,,P,42698.7,744.026
2024-01-31,0.0228311,41000,42698.7,-0.0405964,0.4284,,P,42698.7,2070.79
2024-01-31,0.0228311,43000,42698.7,0.00703169,0.4171,,C,42698.7,2565.64
2024-01-31,0.0228311,45000,42698.7,0.0524941,0.4383,,C,42698.7,1928.94
2024-01-31,0.0228311,48000,42698.7,0.117033,0.4938,,C,42698.7,796.993
2024-01-31,0.0228311,54000,42698.7,0.234816,0.6239,,C,42698.7,129.967
2024-01-31,0.0420091,32000,42714.7,-0.288807,0.6464,,P,42714.7,280.301
2024-01-31,0.0420091,36000,42714.7,-0.171024,0.5378,,P,42714.7,960.78
2024-01-31,0.0420091,39000,42714.7,-0.0909816,0.4456,,P,42714.7,2029.83
2024-01-31,0.0420091,41000,42714.7,-0.0409711,0.4204,,P,42714.7,3053.26
2024-01-31,0.0420091,43000,42714.7,0.00665691,0.4172,,C,42714.7,3490.53
2024-01-31,0.0420091,45000,42714.7,0.0521193,0.431,,C,42714.7,3009.3
2024-01-31,0.0420091,50000,42714.7,0.15748,0.4899,,C,42714.7,1103.27
2024-01-31,0.0420091,54000,42714.7,0.234441,0.57,,C,42714.7,523.47
2024-01-31,0.0611872,31000,42805.9,-0.32269,0.6671,,P,42805.9,529.426
2024-01-31,0.0611872,36000,42805.9,-0.173158,0.498,,P,42805.9,1439.65
2024-01-31,0.0611872,39000,42805.9,-0.0931153,0.4414,,P,42805.9,2798.63
2024-01-31,0.0611872,43000,42805.9,0.00452319,0.4212,,C,42805.9,4224.04
2024-01-31,0.0611872,47000,42805.9,0.0934707,0.4464,,C,42805.9,3088.76
2024-01-31,0.0611872,51000,42805.9,0.175149,0.4998,,C,42805.9,1687.02
2024-01-31,0.0611872,54000,42805.9,0.232307,0.5263,,C,42805.9,963.459
2024-01-31,0.0611872,60000,42805.9,0.337668,0.6296,,C,42805.9,475.276
2024-01-31,0.157078,31000,43371.5,-0.335816,0.558,,P,43371.5,1819.28
2024-01-31,0.157078,35000,43371.5,-0.214455,0.5003,,P,43371.5,3415.53
2024-01-31,0.157078,39000,43371.5,-0.106241,0.4764,,P,43371.5,5526.05
2024-01-31,0.157078,43000,43371.5,-0.00860302,0.4686,,P,43371.5,6791.5
2024-01-31,0.157078,48000,43371.5,0.101398,0.4756,,C,43371.5,6214.76
2024-01-31,0.157078,52000,43371.5,0.181441,0.4991,,C,43371.5,4906.24
2024-01-31,0.157078,56000,43371.5,0.255549,0.5219,,C,43371.5,3613.23
2024-01-31,0.157078,60000,43371.5,0.324541,0.5416,,C,43371.5,2557.14
2024-01-31,0.23379,32000,43544.3,-0.308044,0.5338,,P,43544.3,3502.97
2024-01-31,0.23379,37000,43544.3,-0.162862,0.4956,,P,43544.3,6101.99
2024-01-31,0.23379,40000,43544.3,-0.0849,0.498,,P,43544.3,7510.62
2024-01-31,0.23379,43000,43544.3,-0.0125794,0.486,,P,43544.3,8277.57
2024-01-31,0.23379,46000,43544.3,0.0548619,0.491,,C,43544.3,8346.65
2024-01-31,0.23379,49000,43544.3,0.118041,0.5051,,C,43544.3,7869.04
2024-01-31,0.23379,54000,43544.3,0.215205,0.5202,,C,43544.3,6435.62
2024-01-31,0.23379,60000,43544.3,0.320565,0.5427,,C,43544.3,4635.05
2024-01-31,0.406393,35000,44857.9,-0.248152,0.5329,,P,44857.9,7606.88
2024-01-31,0.406393,38000,44857.9,-0.165914,0.5202,,P,44857.9,9138.4
2024-01-31,0.406393,43000,44857.9,-0.0422996,0.5252,,P,44857.9,10926.6
2024-01-31,0.406393,48000,44857.9,0.0677013,0.5325,,C,44857.9,11403.3
2024-01-31,0.406393,50000,44857.9,0.108523,0.5386,,C,44857.9,11290
2024-01-31,0.406393,53000,44857.9,0.166792,0.5429,,C,44857.9,10876.9
2024-01-31,0.406393,56000,44857.9,0.221852,0.5516,,C,44857.9,10286.1
2024-01-31,0.406393,60000,44857.9,0.290845,0.5629,,C,44857.9,9348.43
2024-01-31,0.655708,40000,45308,-0.124605,0.5394,,P,45308,12893
2024-01-31,0.655708,50000,45308,0.0985384,0.5606,,C,45308,14635.9
2024-01-31,0.655708,55000,45308,0.193849,0.5635,,C,45308,14356.2
2024-01-31,0.655708,57000,45308,0.229567,0.5659,,C,45308,14105.6
2024-01-31,0.655708,58000,45308,0.246958,0.5662,,C,45308,13952.6
2024-01-31,0.655708,60000,45308,0.28086,0.5733,,C,45308,13653.6
2024-01-31,0.905023,33000,46083.5,-0.333948,0.5578,,P,46083.5,11721.5
2024-01-31,0.905023,35000,46083.5,-0.275107,0.559,,P,46083.5,12870.1
2024-01-31,0.905023,47000,46083.5,0.0196923,0.5746,,C,46083.5,17004.3
2024-01-31,0.905023,48000,46083.5,0.0407457,0.5717,,C,46083.5,17153.6
2024-01-31,0.905023,50000,46083.5,0.0815677,0.5704,,C,46083.5,17362.3
2024-01-31,0.905023,55000,46083.5,0.176878,0.5757,,C,46083.5,17468.7
2024-01-31,0.905023,60000,46083.5,0.263889,0.5918,,C,46083.5,17186
2024-01-31,0.905023,65000,46083.5,0.343932,0.5906,,C,46083.5,16556.3
2024-02-07,0.0228311,34000,44261,-0.263744,0.6792,,P,44261,85.9398
2024-02-07,0.0228311,38000,44261,-0.152518,0.4862,,P,44261,286.325
2024-02-07,0.0228311,40000,44261,-0.101225,0.4323,,P,44261,762.976
2024-02-07,0.0228311,42500,44261,-0.0406,0.3793,,P,44261,2033.42
2024-02-07,0.0228311,43500,44261,-0.0173431,0.3538,,P,44261,2508.53
2024-02-07,0.0228311,45000,44261,0.0165584,0.3645,,C,44261,2570.38
2024-02-07,0.0228311,48000,44261,0.0810969,0.412,,C,44261,1188.75
2024-02-07,0.0228311,54000,44261,0.19888,0.6035,,C,44261,272.919
2024-02-07,0.0420091,32000,44334.6,-0.32603,0.6534,,P,44334.6,158.703
2024-02-07,0.0420091,36000,44334.6,-0.208247,0.47,,P,44334.6,315.367
2024-02-07,0.0420091,40000,44334.6,-0.102887,0.424,,P,44334.6,1706.89
2024-02-07,0.0420091,44000,44334.6,-0.00757661,0.3797,,P,44334.6,3591.64
2024-02-07,0.0420091,47000,44334.6,0.0583814,0.3931,,C,44334.6,2868.38
2024-02-07,0.0420091,51000,44334.6,0.140059,0.471,,C,44334.6,1355.66
2024-02-07,0.0420091,55000,44334.6,0.215567,0.5557,,C,44334.6,672.332
2024-02-07,0.0420091,62000,44334.6,0.335368,0.6722,,C,44334.6,221.044
2024-02-07,0.1379,32000,44770.3,-0.335809,0.5338,,P,44770.3,1328.74
2024-02-07,0.1379,36000,44770.3,-0.218026,0.4764,,P,44770.3,2772.22
2024-02-07,0.1379,40000,44770.3,-0.112666,0.4386,,P,44770.3,4918.94
2024-02-07,0.1379,44000,44770.3,-0.0173555,0.4324,,P,44770.3,6515.93
2024-02-07,0.1379,48000,44770.3,0.0696559,0.4397,,C,44770.3,6249.45
2024-02-07,0.1379,52000,44770.3,0.149699,0.4656,,C,44770.3,4895.37
2024-02-07,0.1379,56000,44770.3,0.223807,0.4916,,C,44770.3,3484.17
2024-02-07,0.1379,60000,44770.3,0.292799,0.5235,,C,44770.3,2458.13
2024-02-07,0.214612,32000,45076.1,-0.342617,0.5032,,P,45076.1,2367.37
2024-02-07,0.214612,37000,45076.1,-0.197435,0.4796,,P,45076.1,5054.29
2024-02-07,0.214612,40000,45076.1,-0.119473,0.4643,,P,45076.1,6687.03
2024-02-07,0.214612,43000,45076.1,-0.0471528,0.456,,P,45076.1,7892.29
2024-02-07,0.214612,47000,45076.1,0.0417947,0.468,,C,45076.1,8301.14
2024-02-07,0.214612,50000,45076.1,0.10367,0.4762,,C,45076.1,7809.06
2024-02-07,0.214612,55000,45076.1,0.19898,0.4886,,C,45076.1,6213.01
2024-02-07,0.214612,60000,45076.1,0.285992,0.5128,,C,45076.1,4623.94
2024-02-07,0.387215,33000,45733.8,-0.326331,0.51,,P,45733.8,5612.94
2024-02-07,0.387215,36000,45733.8,-0.23932,0.5047,,P,45733.8,7442.32
2024-02-07,0.387215,40000,45733.8,-0.133959,0.5,,P,45733.8,9561.49
2024-02-07,0.387215,42000,45733.8,-0.085169,0.489,,P,45733.8,10341.7
2024-02-07,0.387215,46000,45733.8,0.00580276,0.498,,C,45733.8,11248.5
2024-02-07,0.387215,49000,45733.8,0.0689817,0.5056,,C,45733.8,11331.6
2024-02-07,0.387215,55000,45733.8,0.184495,0.519,,C,45733.8,10439
2024-02-07,0.387215,60000,45733.8,0.271506,0.5277,,C,45733.8,9115.37
2024-02-07,0.63653,35000,46178.2,-0.277161,0.5312,,P,46178.2,10103
2024-02-07,0.63653,38000,46178.2,-0.194923,0.5276,,P,46178.2,11715.1
2024-02-07,0.63653,43000,46178.2,-0.0713087,0.5168,,P,46178.2,13678.8
2024-02-07,0.63653,44000,46178.2,-0.0483192,0.5245,,P,46178.2,13943.2
2024-02-07,0.63653,50000,46178.2,0.0795142,0.5347,,C,46178.2,14692.6
2024-02-07,0.63653,57000,46178.2,0.210542,0.5482,,C,46178.2,14199.4
2024-02-07,0.63653,60000,46178.2,0.261836,0.5519,,C,46178.2,13702.6
2024-02-07,0.63653,65000,46178.2,0.341878,0.5656,,C,46178.2,12758.5
2024-02-07,0.885845,34000,47748.2,-0.33958,0.5485,,P,47748.2,11786.4
2024-02-07,0.885845,36000,47748.2,-0.282422,0.5435,,P,47748.2,12936.7
2024-02-07,0.885845,40000,47748.2,-0.177061,0.5402,,P,47748.2,14953
2024-02-07,0.885845,41000,47748.2,-0.152368,0.5377,,P,47748.2,15377
2024-02-07,0.885845,46000,47748.2,-0.0372991,0.5445,,P,47748.2,16983.9
2024-02-07,0.885845,50000,47748.2,0.0460826,0.5494,,C,47748.2,17673.1
2024-02-07,0.885845,60000,47748.2,0.228404,0.5704,,C,47748.2,17708.9
2024-02-07,0.885845,65000,47748.2,0.308447,0.5738,,C,47748.2,17133.9
2024-02-14,0.0228311,37000,51913.1,-0.338653,0.9193,,P,51913.1,134.95
2024-02-14,0.0228311,41000,51913.1,-0.235999,0.7677,,P,51913.1,350.486
2024-02-14,0.0228311,45000,51913.1,-0.142908,0.6124,,P,51913.1,883.124
2024-02-14,0.0228311,49000,51913.1,-0.0577503,0.5068,,P,51913.1,2286.08
2024-02-14,0.0228311,52000,51913.1,0.00167309,0.5037,,C,51913.1,3128.91
2024-02-14,0.0228311,56000,51913.1,0.0757811,0.5687,,C,51913.1,2201.01
2024-02-14,0.0228311,64000,51913.1,0.209312,0.7064,,C,51913.1,507.252
2024-02-14,0.0228311,70000,51913.1,0.298925,0.8453,,C,51913.1,234.46
2024-02-14,0.0420091,38000,52086.1,-0.315312,0.7409,,P,52086.1,420.122
2024-02-14,0.0420091,42000,52086.1,-0.215228,0.6027,,P,52086.1,836.67
2024-02-14,0.0420091,45000,52086.1,-0.146235,0.5508,,P,52086.1,1708.05
2024-02-14,0.0420091,48000,52086.1,-0.0816969,0.5151,,P,52086.1,3026.42
2024-02-14,0.0420091,50000,52086.1,-0.040875,0.506,,P,52086.1,3855.79
2024-02-14,0.0420091,53000,52086.1,0.017394,0.5136,,C,52086.1,4232.05
2024-02-14,0.0420091,56000,52086.1,0.0724537,0.5256,,C,52086.1,3517.08
2024-02-14,0.0420091,62000,52086.1,0.174236,0.6232,,C,52086.1,1828.96
2024-02-14,0.118721,38000,52595.7,-0.325048,0.5981,,P,52595.7,1762.04
2024-02-14,0.118721,41000,52595.7,-0.249062,0.5682,,P,52595.7,2828.35
2024-02-14,0.118721,45000,52595.7,-0.155971,0.5294,,P,52595.7,4620.49
2024-02-14,0.118721,48000,52595.7,-0.0914328,0.531,,P,52595.7,6070.48
2024-02-14,0.118721,52000,52595.7,-0.0113901,0.5361,,P,52595.7,7144.53
2024-02-14,0.118721,55000,52595.7,0.0446994,0.5517,,C,52595.7,7159.17
2024-02-14,0.118721,59000,52595.7,0.114904,0.5675,,C,52595.7,6412.35
2024-02-14,0.118721,70000,52595.7,0.285861,0.6366,,C,52595.7,3546.31
2024-02-14,0.195434,38000,53047.8,-0.333607,0.5951,,P,53047.8,3513.18
2024-02-14,0.195434,42000,53047.8,-0.233524,0.5736,,P,53047.8,5404.01
2024-02-14,0.195434,46000,53047.8,-0.142552,0.568,,P,53047.8,7357.23
2024-02-14,0.195434,50000,53047.8,-0.0591705,0.5768,,P,53047.8,8770.13
2024-02-14,0.195434,53000,53047.8,-0.000901592,0.5869,,P,53047.8,9273.09
2024-02-14,0.195434,57000,53047.8,0.0718578,0.6015,,C,53047.8,9267.98
2024-02-14,0.195434,64000,53047.8,0.18769,0.6336,,C,53047.8,8129.7
2024-02-14,0.195434,75000,53047.8,0.346295,0.6692,,C,53047.8,5546.14
2024-02-14,0.368037,39000,54095.3,-0.327185,0.6054,,P,54095.3,7350.43
2024-02-14,0.368037,42000,54095.3,-0.253077,0.5967,,P,54095.3,8888.15
2024-02-14,0.368037,46000,54095.3,-0.162105,0.6,,P,54095.3,10753.6
2024-02-14,0.368037,49000,54095.3,-0.0989263,0.6054,,P,54095.3,11815.6
2024-02-14,0.368037,52000,54095.3,-0.0395029,0.6052,,P,54095.3,12548.9
2024-02-14,0.368037,55000,54095.3,0.0165865,0.6171,,C,54095.3,12959.3
2024-02-14,0.368037,60000,54095.3,0.103598,0.6327,,C,54095.3,13052.5
2024-02-14,0.368037,75000,54095.3,0.326741,0.6658,,C,54095.3,10889.6
2024-02-14,0.617352,40000,55441.2,-0.326444,0.604,,P,55441.2,11327.9
2024-02-14,0.617352,45000,55441.2,-0.208661,0.6034,,P,55441.2,13817.7
2024-02-14,0.617352,47000,55441.2,-0.165176,0.5771,,P,55441.2,14593.7
2024-02-14,0.617352,50000,55441.2,-0.1033,0.6014,,P,55441.2,15670.3
2024-02-14,0.617352,57000,55441.2,0.0277281,0.6189,,C,55441.2,17080
2024-02-14,0.617352,59000,55441.2,0.0622142,0.6305,,C,55441.2,17249.3
2024-02-14,0.617352,65000,55441.2,0.159064,0.6389,,C,55441.2,17340.7
2024-02-14,0.617352,75000,55441.2,0.302165,0.6541,,C,55441.2,16452.1
2024-02-14,0.866667,40000,56635.8,-0.347763,0.6091,,P,56635.8,14069.6
2024-02-14,0.866667,43000,56635.8,-0.275442,0.5936,,P,56635.8,15580.8
2024-02-14,0.866667,46000,56635.8,-0.208001,0.6089,,P,56635.8,17024.7
2024-02-14,0.866667,51000,56635.8,-0.104816,0.5983,,P,56635.8,18864.1
2024-02-14,0.866667,57000,56635.8,0.00640922,0.6194,,C,56635.8,20241.5
2024-02-14,0.866667,61000,56635.8,0.0742318,0.6089,,C,56635.8,20791.2
2024-02-14,0.866667,65000,56635.8,0.137745,0.6308,,C,56635.8,20997.6
2024-02-14,0.866667,80000,56635.8,0.345385,0.649,,C,56635.8,20283.8
2024-02-21,0.0228311,38000,51699.5,-0.307863,0.8468,,P,51699.5,147.498
2024-02-21,0.0228311,43000,51699.5,-0.184249,0.6476,,P,51699.5,482.223
2024-02-21,0.0228311,46000,51699.5,-0.116808,0.5776,,P,51699.5,1199.25
2024-02-21,0.0228311,50000,51699.5,-0.0334261,0.5153,,P,51699.5,2792.88
2024-02-21,0.0228311,52000,51699.5,0.00579466,0.5094,,C,51699.5,3114.34
2024-02-21,0.0228311,54000,51699.5,0.043535,0.5114,,C,51699.5,2715.58
2024-02-21,0.0228311,56000,51699.5,0.0799026,0.5215,,C,51699.5,1938.19
2024-02-21,0.0228311,64000,51699.5,0.213434,0.6317,,C,51699.5,284.283
2024-02-21,0.0420091,42000,51693.3,-0.207658,0.6062,,P,51693.3,940.848
2024-02-21,0.0420091,47000,51693.3,-0.0951805,0.5453,,P,51693.3,2800.18
2024-02-21,0.0420091,49000,51693.3,-0.0535078,0.5176,,P,51693.3,3618.64
2024-02-21,0.0420091,52000,51693.3,0.00591562,0.5128,,C,51693.3,4226.81
2024-02-21,0.0420091,54000,51693.3,0.043656,0.5139,,C,51693.3,3959.05
2024-02-21,0.0420091,57000,51693.3,0.0977232,0.5285,,C,51693.3,2950.31
2024-02-21,0.0420091,60000,51693.3,0.149016,0.5444,,C,51693.3,1863.82
2024-02-21,0.0420091,66000,51693.3,0.244327,0.6234,,C,51693.3,765.928
2024-02-21,0.0995434,37000,51938.9,-0.339151,0.6262,,P,51938.9,1258.23
2024-02-21,0.0995434,41000,51938.9,-0.236496,0.565,,P,51938.9,2399.53
2024-02-21,0.0995434,44000,51938.9,-0.165879,0.545,,P,51938.9,3764.44
2024-02-21,0.0995434,48000,51938.9,-0.0788675,0.5256,,P,51938.9,5593.38
2024-02-21,0.0995434,51000,51938.9,-0.0182428,0.5347,,P,51938.9,6417.47
2024-02-21,0.0995434,55000,51938.9,0.0572647,0.5345,,C,51938.9,6327.92
2024-02-21,0.0995434,58000,51938.9,0.110375,0.5434,,C,51938.9,5594.76
2024-02-21,0.0995434,70000,51938.9,0.298427,0.6017,,C,51938.9,2196.07
2024-02-21,0.176256,37000,52430.6,-0.348573,0.6171,,P,52430.6,2959
2024-02-21,0.176256,41000,52430.6,-0.245919,0.5859,,P,52430.6,4675.6
2024-02-21,0.176256,45000,52430.6,-0.152829,0.5658,,P,52430.6,6567.97
2024-02-21,0.176256,49000,52430.6,-0.0676708,0.576,,P,52430.6,8103.88
2024-02-21,0.176256,53000,52430.6,0.0108008,0.5757,,C,52430.6,8756.03
2024-02-21,0.176256,57000,52430.6,0.0835601,0.5936,,C,52430.6,8588.69
2024-02-21,0.176256,64000,52430.6,0.199392,0.6116,,C,52430.6,7117.69
2024-02-21,0.176256,70000,52430.6,0.289004,0.6274,,C,52430.6,5509.88
2024-02-21,0.348858,38000,53774.8,-0.347219,0.6209,,P,53774.8,6690.5
2024-02-21,0.348858,42000,53774.8,-0.247136,0.5976,,P,53774.8,8628.46
2024-02-21,0.348858,47000,53774.8,-0.134658,0.6017,,P,53774.8,10852.8
2024-02-21,0.348858,50000,53774.8,-0.0727824,0.6089,,P,53774.8,11778.6
2024-02-21,0.348858,53000,53774.8,-0.0145134,0.6123,,P,53774.8,12365.5
2024-02-21,0.348858,56000,53774.8,0.0405463,0.6187,,C,53774.8,12638.5
2024-02-21,0.348858,60000,53774.8,0.109539,0.6305,,C,53774.8,12597.5
2024-02-21,0.348858,75000,53774.8,0.332683,0.6641,,C,53774.8,10244.6
2024-02-21,0.598174,55000,55161.8,-0.00293737,0.6148,,P,55161.8,16521.2
2024-02-21,0.598174,57000,55161.8,0.0327807,0.6167,,C,55161.8,16776.6
2024-02-21,0.598174,60000,55161.8,0.084074,0.6197,,C,55161.8,16985
2024-02-21,0.598174,65000,55161.8,0.164117,0.6314,,C,55161.8,16948.4
2024-02-21,0.598174,70000,55161.8,0.238225,0.6401,,C,55161.8,16561.7
2024-02-21,0.598174,75000,55161.8,0.307218,0.6504,,C,55161.8,15956.7
2024-02-21,0.847489,40000,56250.4,-0.340934,0.6135,,P,56250.4,13951.6
2024-02-21,0.847489,42000,56250.4,-0.292144,0.6111,,P,56250.4,14994.3
2024-02-21,0.847489,45000,56250.4,-0.223151,0.6043,,P,56250.4,16402.3
2024-02-21,0.847489,46000,56250.4,-0.201172,0.6105,,P,56250.4,16844.2
2024-02-21,0.847489,57000,56250.4,0.0132377,0.6207,,C,56250.4,19958.9
2024-02-21,0.847489,60000,56250.4,0.064531,0.6253,,C,56250.4,20342.2
2024-02-21,0.847489,65000,56250.4,0.144574,0.6337,,C,56250.4,20638.8
2024-02-21,0.847489,75000,56250.4,0.287675,0.643,,C,56250.4,20289.1
2024-02-28,0.0228311,45000,62579.3,-0.329772,0.8556,,P,62579.3,123.36
2024-02-28,0.0228311,50000,62579.3,-0.224412,0.8142,,P,62579.3,637.555
2024-02-28,0.0228311,55000,62579.3,-0.129102,0.7409,,P,62579.3,1815.95
2024-02-28,0.0228311,57500,62579.3,-0.08465,0.7121,,P,62579.3,2649.68
2024-02-28,0.0228311,60000,62579.3,-0.0420904,0.7181,,P,62579.3,3420.97
2024-02-28,0.0228311,62500,62579.3,-0.00126842,0.7261,,P,62579.3,3763.97
2024-02-28,0.0228311,66000,62579.3,0.0532198,0.7614,,C,62579.3,3475.16
2024-02-28,0.0228311,76000,62579.3,0.194298,0.8308,,C,62579.3,1252.38
2024-02-28,0.0420091,44000,62043.1,-0.34364,0.8361,,P,62043.1,570.013
2024-02-28,0.0420091,48000,62043.1,-0.256629,0.7636,,P,62043.1,1159.81
2024-02-28,0.0420091,52000,62043.1,-0.176586,0.6765,,P,62043.1,2059.15
2024-02-28,0.0420091,56000,62043.1,-0.102478,0.6423,,P,62043.1,3552.22
2024-02-28,0.0420091,59000,62043.1,-0.0502923,0.6738,,P,62043.1,4618.72
2024-02-28,0.0420091,63000,62043.1,0.0153049,0.6611,,C,62043.1,5067.95
2024-02-28,0.0420091,68000,62043.1,0.0916779,0.6955,,C,62043.1,4307.9
2024-02-28,0.0420091,76000,62043.1,0.202904,0.7703,,C,62043.1,2450.94
2024-02-28,0.0803653,45000,62855.8,-0.334181,0.7353,,P,62855.8,1654.83
2024-02-28,0.0803653,48000,62855.8,-0.269643,0.6696,,P,62855.8,2254.87
2024-02-28,0.0803653,52000,62855.8,-0.1896,0.6538,,P,62855.8,3815.22
2024-02-28,0.0803653,55000,62855.8,-0.133511,0.6521,,P,62855.8,5101.29
2024-02-28,0.0803653,58000,62855.8,-0.0804008,0.6498,,P,62855.8,6181.91
2024-02-28,0.0803653,61000,62855.8,-0.02997,0.6335,,P,62855.8,6878.34
2024-02-28,0.0803653,70000,62855.8,0.107651,0.6858,,C,62855.8,6405.25
2024-02-28,0.0803653,85000,62855.8,0.301807,0.7606,,C,62855.8,3085.8
2024-02-28,0.157078,45000,63031.8,-0.336978,0.6573,,P,63031.8,3616.83
2024-02-28,0.157078,49000,63031.8,-0.25182,0.666,,P,63031.8,5526.17
2024-02-28,0.157078,54000,63031.8,-0.154656,0.6238,,P,63031.8,7527.53
2024-02-28,0.157078,58000,63031.8,-0.0831971,0.6404,,P,63031.8,8987.36
2024-02-28,0.157078,62000,63031.8,-0.0165058,0.6422,,P,63031.8,9783.92
2024-02-28,0.157078,66000,63031.8,0.0460146,0.6605,,C,63031.8,9956.11
2024-02-28,0.157078,74000,63031.8,0.160425,0.6685,,C,63031.8,8911.28
2024-02-28,0.157078,85000,63031.8,0.299011,0.6904,,C,63031.8,6310.82
2024-02-28,0.252968,45000,63407.9,-0.342926,0.6518,,P,63407.9,6118.97
2024-02-28,0.252968,49000,63407.9,-0.257769,0.6432,,P,63407.9,8036.48
2024-02-28,0.252968,54000,63407.9,-0.160605,0.6246,,P,63407.9,10176.5
2024-02-28,0.252968,58000,63407.9,-0.0891458,0.6302,,P,63407.9,11550.4
2024-02-28,0.252968,63000,63407.9,-0.00645409,0.6331,,P,63407.9,12519.6
2024-02-28,0.252968,67000,63407.9,0.0551038,0.6446,,C,63407.9,12722.5
2024-02-28,0.252968,75000,63407.9,0.167899,0.6619,,C,63407.9,12017
2024-02-28,0.252968,85000,63407.9,0.293062,0.7051,,C,63407.9,10306.4
2024-02-28,0.32968,46000,64298,-0.334887,0.6474,,P,64298,8159.99
2024-02-28,0.32968,49000,64298,-0.271708,0.6336,,P,64298,9568.47
2024-02-28,0.32968,51000,64298,-0.231703,0.6384,,P,64298,10562.9
2024-02-28,0.32968,54000,64298,-0.174545,0.6418,,P,64298,11862.2
2024-02-28,0.32968,57000,64298,-0.120477,0.6271,,P,64298,12901.6
2024-02-28,0.32968,65000,64298,0.0108586,0.6519,,C,64298,14545.3
2024-02-28,0.32968,75000,64298,0.153959,0.6602,,C,64298,14386.8
2024-02-28,0.32968,90000,64298,0.336281,0.6851,,C,64298,11860
2024-02-28,0.578995,47000,65655.2,-0.334269,0.6153,,P,65655.2,12715.8
2024-02-28,0.578995,49000,65655.2,-0.292597,0.6536,,P,65655.2,14040.8
2024-02-28,0.578995,54000,65655.2,-0.195433,0.5998,,P,65655.2,16067.7
2024-02-28,0.578995,56000,65655.2,-0.159065,0.6343,,P,65655.2,16933.4
2024-02-28,0.578995,59000,65655.2,-0.10688,0.6345,,P,65655.2,17906.6
2024-02-28,0.578995,65000,65655.2,-0.0100298,0.6373,,P,65655.2,19252.2
2024-02-28,0.578995,80000,65655.2,0.19761,0.6558,,C,65655.2,19717.7
2024-02-28,0.578995,90000,65655.2,0.315393,0.6784,,C,65655.2,18727.4
2024-02-28,0.828311,48000,67781.9,-0.345094,0.5972,,P,67781.9,16315.8
2024-02-28,0.828311,51000,67781.9,-0.284469,0.6204,,P,67781.9,18068.6
2024-02-28,0.828311,54000,67781.9,-0.227311,0.6069,,P,67781.9,19427.7
2024-02-28,0.828311,57000,67781.9,-0.173244,0.6112,,P,67781.9,20684.3
2024-02-28,0.828311,60000,67781.9,-0.12195,0.6218,,P,67781.9,21735.5
2024-02-28,0.828311,65000,67781.9,-0.0419077,0.6306,,P,67781.9,23066.5
2024-02-28,0.828311,80000,67781.9,0.165732,0.649,,C,67781.9,24607.8
2024-02-28,0.828311,95000,67781.9,0.337582,0.6516,,C,67781.9,23712
2024-03-06,0.0228311,48000,66777.6,-0.330167,1.0537,,P,66777.6,396.204
2024-03-06,0.0228311,53000,66777.6,-0.231076,0.8757,,P,66777.6,778.788
2024-03-06,0.0228311,59000,66777.6,-0.12383,0.7673,,P,66777.6,2135.36
2024-03-06,0.0228311,63000,66777.6,-0.0582329,0.7472,,P,66777.6,3417.42
2024-03-06,0.0228311,65500,66777.6,-0.0193174,0.7602,,P,66777.6,3924.2
2024-03-06,0.0228311,68000,66777.6,0.0181401,0.7605,,C,66777.6,4005.11
2024-03-06,0.0228311,71000,66777.6,0.0613123,0.7985,,C,66777.6,3641.26
2024-03-06,0.0228311,80000,66777.6,0.180659,0.8801,,C,66777.6,1747.08
2024-03-06,0.0420091,48000,67199.1,-0.336459,0.8877,,P,67199.1,836.582
2024-03-06,0.0420091,56000,67199.1,-0.182308,0.7809,,P,67199.1,2613.59
2024-03-06,0.0420091,60000,67199.1,-0.113315,0.7691,,P,67199.1,3997.44
2024-03-06,0.0420091,64000,67199.1,-0.0487769,0.7195,,P,67199.1,5063.1
2024-03-06,0.0420091,67000,67199.1,-0.0029674,0.7458,,P,67199.1,5469.54
2024-03-06,0.0420091,71000,67199.1,0.0550199,0.789,,C,67199.1,5312.97
2024-03-06,0.0420091,76000,67199.1,0.123073,0.8144,,C,67199.1,4437.2
2024-03-06,0.0420091,84000,67199.1,0.223157,0.8715,,C,67199.1,2803.83
2024-03-06,0.0611872,48000,67434.9,-0.339961,0.8515,,P,67434.9,1517.74
2024-03-06,0.0611872,52000,67434.9,-0.259919,0.7691,,P,67434.9,2287.68
2024-03-06,0.0611872,55000,67434.9,-0.203829,0.7485,,P,67434.9,3264.59
2024-03-06,0.0611872,59000,67434.9,-0.133625,0.7453,,P,67434.9,4766.33
2024-03-06,0.0611872,62000,67434.9,-0.084028,0.7294,,P,67434.9,5701.81
2024-03-06,0.0611872,68000,67434.9,0.00834533,0.7485,,C,67434.9,6647.14
2024-03-06,0.0611872,75000,67434.9,0.106326,0.7665,,C,67434.9,5969.99
2024-03-06,0.0611872,90000,67434.9,0.288647,0.8523,,C,67434.9,2994.64
2024-03-06,0.1379,49000,68633.2,-0.336956,0.7745,,P,68633.2,4280.67
2024-03-06,0.1379,54000,68633.2,-0.239792,0.7442,,P,68633.2,6130.87
2024-03-06,0.1379,59000,68633.2,-0.151239,0.7247,,P,68633.2,7977.6
2024-03-06,0.1379,64000,68633.2,-0.0698935,0.7208,,P,68633.2,9404.88
2024-03-06,0.1379,69000,68633.2,0.00532997,0.7319,,C,68633.2,10099.3
2024-03-06,0.1379,74000,68633.2,0.0752886,0.7509,,C,68633.2,10081.5
2024-03-06,0.1379,82000,68633.2,0.177943,0.7748,,C,68633.2,9084.8
2024-03-06,0.1379,95000,68633.2,0.3251,0.8263,,C,68633.2,6744.59
2024-03-06,0.23379,50000,69475.6,-0.328953,0.7311,,P,69475.6,7259.45
2024-03-06,0.23379,54000,69475.6,-0.251992,0.7154,,P,69475.6,8926.89
2024-03-06,0.23379,61000,69475.6,-0.130102,0.7202,,P,69475.6,11534.8
2024-03-06,0.23379,66000,69475.6,-0.0513213,0.7135,,P,69475.6,12727.5
2024-03-06,0.23379,73000,69475.6,0.0494834,0.7318,,C,69475.6,13392.4
2024-03-06,0.23379,77000,69475.6,0.102829,0.7385,,C,69475.6,13321.6
2024-03-06,0.23379,85000,69475.6,0.201675,0.7568,,C,69475.6,12523.4
2024-03-06,0.23379,95000,69475.6,0.312901,0.774,,C,69475.6,10856.8
2024-03-06,0.310502,50000,70169.5,-0.338891,0.7189,,P,70169.5,9023.66
2024-03-06,0.310502,52000,70169.5,-0.29967,0.6941,,P,70169.5,9762.05
2024-03-06,0.310502,54000,70169.5,-0.26193,0.7115,,P,70169.5,10787
2024-03-06,0.310502,56000,70169.5,-0.225562,0.7058,,P,70169.5,11595.4
2024-03-06,0.310502,65000,70169.5,-0.0765266,0.7202,,P,70169.5,14448.9
2024-03-06,0.310502,75000,70169.5,0.0665743,0.731,,C,70169.5,15586.2
2024-03-06,0.310502,85000,70169.5,0.191737,0.7492,,C,70169.5,15116.8
2024-03-06,0.310502,95000,70169.5,0.302963,0.7652,,C,70169.5,13784.2
2024-03-06,0.559817,55000,73289.8,-0.287089,0.7009,,P,73289.8,15762.7
2024-03-06,0.559817,58000,73289.8,-0.233979,0.7032,,P,73289.8,17029.3
2024-03-06,0.559817,65000,73289.8,-0.120035,0.6801,,P,73289.8,19398.7
2024-03-06,0.559817,70000,73289.8,-0.0459266,0.6935,,P,73289.8,20591.4
2024-03-06,0.559817,80000,73289.8,0.0876048,0.7136,,C,73289.8,21761
2024-03-06,0.559817,85000,73289.8,0.148229,0.7177,,C,73289.8,21875.8
2024-03-06,0.559817,95000,73289.8,0.259455,0.7371,,C,73289.8,21465.7
2024-03-06,0.559817,100000,73289.8,0.310748,0.7413,,C,73289.8,21018.1
2024-03-06,0.809132,54000,75403.2,-0.333865,0.6828,,P,75403.2,18843.8
2024-03-06,0.809132,56000,75403.2,-0.297498,0.6977,,P,75403.2,19839.6
2024-03-06,0.809132,61000,75403.2,-0.211976,0.6808,,P,75403.2,21872.7
2024-03-06,0.809132,63000,75403.2,-0.179715,0.679,,P,75403.2,22606.5
2024-03-06,0.809132,70000,75403.2,-0.0743542,0.6897,,P,75403.2,24668.9
2024-03-06,0.809132,80000,75403.2,0.0591772,0.6959,,C,75403.2,26420.9
2024-03-06,0.809132,95000,75403.2,0.231027,0.7154,,C,75403.2,27040.1
2024-03-06,0.809132,105000,75403.2,0.331111,0.7259,,C,75403.2,26621.1
2024-03-13,0.0228311,52000,73542.6,-0.346622,1.0856,,P,73542.6,398.444
2024-03-13,0.0228311,59000,73542.6,-0.220328,0.8626,,P,73542.6,949.374
2024-03-13,0.0228311,63000,73542.6,-0.154731,0.816,,P,73542.6,1863.41
2024-03-13,0.0228311,68000,73542.6,-0.0783576,0.7542,,P,73542.6,3359.92
2024-03-13,0.0228311,72000,73542.6,-0.0211991,0.727,,P,73542.6,4298.99
2024-03-13,0.0228311,77000,73542.6,0.0459402,0.7498,,C,73542.6,4171.45
2024-03-13,0.0228311,84000,73542.6,0.132952,0.8031,,C,73542.6,2594.91
2024-03-13,0.0228311,94000,73542.6,0.24543,0.9273,,C,73542.6,1078.16
2024-03-13,0.0420091,52000,73747.1,-0.349398,0.9617,,P,73747.1,1047.26
2024-03-13,0.0420091,56000,73747.1,-0.27529,0.8855,,P,73747.1,1656.42
2024-03-13,0.0420091,60000,73747.1,-0.206297,0.8206,,P,73747.1,2554.51
2024-03-13,0.0420091,65000,73747.1,-0.126254,0.7569,,P,73747.1,4053.06
2024-03-13,0.0420091,69000,73747.1,-0.0665348,0.7338,,P,73747.1,5274.17
2024-03-13,0.0420091,73000,73747.1,-0.0101818,0.7318,,P,73747.1,5968.89
2024-03-13,0.0420091,77000,73747.1,0.0431641,0.7418,,C,73747.1,5901.24
2024-03-13,0.0420091,100000,73747.1,0.304529,0.8903,,C,73747.1,1737.28
2024-03-13,0.118721,54000,75514.5,-0.335341,0.8257,,P,75514.5,4338.18
2024-03-13,0.118721,59000,75514.5,-0.246787,0.7842,,P,75514.5,5991.16
2024-03-13,0.118721,64000,75514.5,-0.165442,0.7622,,P,75514.5,7768.93
2024-03-13,0.118721,69000,75514.5,-0.0902183,0.7637,,P,75514.5,9275.35
2024-03-13,0.118721,74000,75514.5,-0.0202597,0.7574,,P,75514.5,10157.8
2024-03-13,0.118721,79000,75514.5,0.0451231,0.7736,,C,75514.5,10373.5
2024-03-13,0.118721,86000,75514.5,0.130022,0.7763,,C,75514.5,9755.4
2024-03-13,0.118721,105000,75514.5,0.329636,0.8229,,C,75514.5,6164.9
2024-03-13,0.214612,55000,76688.8,-0.332422,0.7969,,P,76688.8,7867.2
2024-03-13,0.214612,60000,76688.8,-0.245411,0.78,,P,76688.8,9793.3
2024-03-13,0.214612,66000,76688.8,-0.150101,0.7629,,P,76688.8,11828.4
2024-03-13,0.214612,71000,76688.8,-0.0770757,0.7623,,P,76688.8,13110.5
2024-03-13,0.214612,77000,76688.8,0.00404988,0.7571,,C,76688.8,13984.3
2024-03-13,0.214612,82000,76688.8,0.0669637,0.7673,,C,76688.8,14172.4
2024-03-13,0.214612,92000,76688.8,0.182033,0.779,,C,76688.8,13448.6
2024-03-13,0.214612,105000,76688.8,0.314205,0.8076,,C,76688.8,11453.6
2024-03-13,0.291324,55000,77873.9,-0.347758,0.7793,,P,77873.9,9793.57
2024-03-13,0.291324,57000,77873.9,-0.31204,0.7842,,P,77873.9,10690.3
2024-03-13,0.291324,60000,77873.9,-0.260746,0.7708,,P,77873.9,11835.2
2024-03-13,0.291324,70000,77873.9,-0.106596,0.7654,,P,77873.9,15052.9
2024-03-13,0.291324,80000,77873.9,0.0269359,0.7641,,C,77873.9,16602.7
2024-03-13,0.291324,90000,77873.9,0.144719,0.779,,C,77873.9,16618.6
2024-03-13,0.291324,100000,77873.9,0.250079,0.7902,,C,77873.9,15641
2024-03-13,0.291324,110000,77873.9,0.34539,0.8155,,C,77873.9,14297.8
2024-03-13,0.540639,60000,81029.1,-0.300463,0.7685,,P,81029.1,17062
2024-03-13,0.540639,65000,81029.1,-0.220421,0.7643,,P,81029.1,18949.2
2024-03-13,0.540639,75000,81029.1,-0.0773199,0.7595,,P,81029.1,21783.2
2024-03-13,0.540639,80000,81029.1,-0.0127813,0.7598,,P,81029.1,22707.7
2024-03-13,0.540639,90000,81029.1,0.105002,0.7769,,C,81029.1,23645.8
2024-03-13,0.540639,95000,81029.1,0.159069,0.767,,C,81029.1,23768.7
2024-03-13,0.540639,105000,81029.1,0.259152,0.7834,,C,81029.1,23459.2
2024-03-13,0.540639,110000,81029.1,0.305672,0.7819,,C,81029.1,23070.3
2024-03-13,0.789954,60000,83916.2,-0.335474,0.7494,,P,83916.2,20967.2
2024-03-13,0.789954,70000,83916.2,-0.181323,0.7629,,P,83916.2,24756.8
2024-03-13,0.789954,75000,83916.2,-0.11233,0.7554,,P,83916.2,26218.9
2024-03-13,0.789954,85000,83916.2,0.0128329,0.7534,,C,83916.2,28308.8
2024-03-13,0.789954,90000,83916.2,0.0699913,0.7682,,C,83916.2,28917.9
2024-03-13,0.789954,100000,83916.2,0.175352,0.7695,,C,83916.2,29646
2024-03-13,0.789954,105000,83916.2,0.224142,0.7819,,C,83916.2,29745.5
2024-03-13,0.789954,115000,83916.2,0.315114,0.7895,,C,83916.2,29611.6
2024-03-20,0.0228311,48000,67939.1,-0.347411,1.1247,,P,67939.1,424.419
2024-03-20,0.0228311,53000,67939.1,-0.24832,0.8662,,P,67939.1,596.738
2024-03-20,0.0228311,57000,67939.1,-0.175561,0.7751,,P,67939.1,1217.54
2024-03-20,0.0228311,62000,67939.1,-0.0914777,0.757,,P,67939.1,2836.81
2024-03-20,0.0228311,66000,67939.1,-0.0289574,0.7186,,P,67939.1,3889.74
2024-03-20,0.0228311,71000,67939.1,0.0440677,0.7072,,C,67939.1,3839.83
2024-03-20,0.0228311,75000,67939.1,0.098876,0.7242,,C,67939.1,2856.41
2024-03-20,0.0228311,90000,67939.1,0.281198,0.8957,,C,67939.1,543.197
2024-03-20,0.0420091,50000,68275.2,-0.311523,0.9034,,P,68275.2,1155.27
2024-03-20,0.0420091,59000,68275.2,-0.146009,0.7586,,P,68275.2,3329.19
2024-03-20,0.0420091,64000,68275.2,-0.0646629,0.7178,,P,68275.2,4894.18
2024-03-20,0.0420091,69000,68275.2,0.0105606,0.7227,,C,68275.2,5582.68
2024-03-20,0.0420091,73000,68275.2,0.0669135,0.7096,,C,68275.2,5179.21
2024-03-20,0.0420091,78000,68275.2,0.133163,0.7231,,C,68275.2,3974.37
2024-03-20,0.0420091,86000,68275.2,0.230801,0.7578,,C,68275.2,2070.93
2024-03-20,0.0420091,96000,68275.2,0.340802,0.8324,,C,68275.2,897.022
2024-03-20,0.0995434,49000,68944.5,-0.341482,0.8085,,P,68944.5,2961.98
2024-03-20,0.0995434,55000,68944.5,-0.225969,0.8015,,P,68944.5,5158.02
2024-03-20,0.0995434,60000,68944.5,-0.138957,0.7762,,P,68944.5,6840.26
2024-03-20,0.0995434,66000,68944.5,-0.0436473,0.7596,,P,68944.5,8291.2
2024-03-20,0.0995434,71000,68944.5,0.0293779,0.7726,,C,68944.5,8677.92
2024-03-20,0.0995434,77000,68944.5,0.110503,0.7835,,C,68944.5,8235.72
2024-03-20,0.0995434,84000,68944.5,0.197515,0.8082,,C,68944.5,7038.63
2024-03-20,0.0995434,95000,68944.5,0.320575,0.8428,,C,68944.5,4881.79
2024-03-20,0.195434,49000,68348.6,-0.332801,0.799,,P,68348.6,6446.64
2024-03-20,0.195434,55000,68348.6,-0.217288,0.7872,,P,68348.6,8764.47
2024-03-20,0.195434,61000,68348.6,-0.113748,0.7882,,P,68348.6,10634.3
2024-03-20,0.195434,67000,68348.6,-0.0199289,0.777,,P,68348.6,11740.2
2024-03-20,0.195434,73000,68348.6,0.065838,0.7825,,C,68348.6,12052.4
2024-03-20,0.195434,79000,68348.6,0.144826,0.8056,,C,68348.6,11743.4
2024-03-20,0.195434,86000,68348.6,0.229726,0.8323,,C,68348.6,10940.2
2024-03-20,0.195434,96000,68348.6,0.339727,0.8405,,C,68348.6,9244.63
2024-03-20,0.272146,49000,69075.3,-0.343377,0.7817,,P,69075.3,8319.19
2024-03-20,0.272146,51000,69075.3,-0.303371,0.779,,P,69075.3,9157.58
2024-03-20,0.272146,54000,69075.3,-0.246213,0.7833,,P,69075.3,10381.7
2024-03-20,0.272146,56000,69075.3,-0.209845,0.787,,P,69075.3,11122.1
2024-03-20,0.272146,60000,69075.3,-0.140852,0.7886,,P,69075.3,12371
2024-03-20,0.272146,70000,69075.3,0.0132982,0.7932,,C,69075.3,14158
2024-03-20,0.272146,85000,69075.3,0.207454,0.8227,,C,69075.3,13865.9
2024-03-20,0.272146,95000,69075.3,0.31868,0.8296,,C,69075.3,12558.2
2024-03-20,0.521461,50000,69496.3,-0.329251,0.7963,,P,69496.3,13830.7
2024-03-20,0.521461,54000,69496.3,-0.25229,0.7966,,P,69496.3,15380.4
2024-03-20,0.521461,58000,69496.3,-0.180831,0.8107,,P,69496.3,16706.8
2024-03-20,0.521461,60000,69496.3,-0.146929,0.8106,,P,69496.3,17270.1
2024-03-20,0.521461,65000,69496.3,-0.0668866,0.7982,,P,69496.3,18450.1
2024-03-20,0.521461,75000,69496.3,0.0762143,0.8167,,C,69496.3,19748.1
2024-03-20,0.521461,85000,69496.3,0.201377,0.8326,,C,69496.3,20009.1
2024-03-20,0.521461,95000,69496.3,0.312603,0.8437,,C,69496.3,19590.5
2024-03-20,0.770776,54000,75224.6,-0.331494,0.7993,,P,75224.6,18774.2
2024-03-20,0.770776,57000,75224.6,-0.277427,0.7953,,P,75224.6,19940.9
2024-03-20,0.770776,59000,75224.6,-0.242941,0.7989,,P,75224.6,20664.4
2024-03-20,0.770776,62000,75224.6,-0.193344,0.8147,,P,75224.6,21632.7
2024-03-20,0.770776,65000,75224.6,-0.146091,0.811,,P,75224.6,22508.6
2024-03-20,0.770776,80000,75224.6,0.0615482,0.8307,,C,75224.6,25332.5
2024-03-20,0.770776,90000,75224.6,0.179331,0.8302,,C,75224.6,26163.2
2024-03-20,0.770776,105000,75224.6,0.333482,0.8489,,C,75224.6,26273.5
2024-03-27,0.0228311,50000,69542.9,-0.329921,1.0129,,P,69542.9,347.102
2024-03-27,0.0228311,59000,69542.9,-0.164407,0.7752,,P,69542.9,1439.4
2024-03-27,0.0228311,63000,69542.9,-0.0988093,0.7139,,P,69542.9,2619.01
2024-03-27,0.0228311,68000,69542.9,-0.0224363,0.6629,,P,69542.9,4037.51
2024-03-27,0.0228311,73000,69542.9,0.0485154,0.6518,,C,69542.9,3799.62
2024-03-27,0.0228311,78000,69542.9,0.114765,0.677,,C,69542.9,2362.98
2024-03-27,0.0228311,84000,69542.9,0.188873,0.7394,,C,69542.9,1101.96
2024-03-27,0.0228311,94000,69542.9,0.301351,0.8613,,C,69542.9,333.155
2024-03-27,0.0420091,50000,69826.3,-0.333987,0.8543,,P,69826.3,780.495
2024-03-27,0.0420091,59000,69826.3,-0.168473,0.7614,,P,69826.3,2921.61
2024-03-27,0.0420091,63000,69826.3,-0.102876,0.7196,,P,69826.3,4240.67
2024-03-27,0.0420091,68000,69826.3,-0.0265027,0.6876,,P,69826.3,5521.9
2024-03-27,0.0420091,73000,69826.3,0.044449,0.6988,,C,69826.3,5549.14
2024-03-27,0.0420091,80000,69826.3,0.136016,0.7085,,C,69826.3,3930.83
2024-03-27,0.0420091,88000,69826.3,0.231326,0.7371,,C,69826.3,1979.19
2024-03-27,0.0420091,98000,69826.3,0.338957,0.8127,,C,69826.3,850.223
2024-03-27,0.0803653,50000,70311,-0.340905,0.8377,,P,70311,2376.28
2024-03-27,0.0803653,55000,70311,-0.245595,0.7725,,P,70311,3727.61
2024-03-27,0.0803653,61000,70311,-0.142054,0.7529,,P,70311,5901.47
2024-03-27,0.0803653,66000,70311,-0.0632735,0.7454,,P,70311,7325.45
2024-03-27,0.0803653,72000,70311,0.0237379,0.7446,,C,70311,7951.65
2024-03-27,0.0803653,77000,70311,0.0908772,0.748,,C,70311,7548.78
2024-03-27,0.0803653,85000,70311,0.189723,0.7689,,C,70311,5950.84
2024-03-27,0.0803653,95000,70311,0.300949,0.8054,,C,70311,3852.32
2024-03-27,0.176256,51000,71983.3,-0.344608,0.7837,,P,71983.3,5784.88
2024-03-27,0.176256,57000,71983.3,-0.233382,0.763,,P,71983.3,8122.68
2024-03-27,0.176256,62000,71983.3,-0.149299,0.7678,,P,71983.3,9921.32
2024-03-27,0.176256,69000,71983.3,-0.0423271,0.7607,,P,71983.3,11552.4
2024-03-27,0.176256,75000,71983.3,0.0410545,0.7664,,C,71983.3,12049.6
2024-03-27,0.176256,81000,71983.3,0.118016,0.7788,,C,71983.3,11823.5
2024-03-27,0.176256,88000,71983.3,0.200903,0.7818,,C,71983.3,10905.2
2024-03-27,0.176256,100000,71983.3,0.328737,0.7977,,C,71983.3,8655.19
2024-03-27,0.252968,52000,72553.3,-0.333078,0.7793,,P,72553.3,8426.05
2024-03-27,0.252968,54000,72553.3,-0.295338,0.7755,,P,72553.3,9251.48
2024-03-27,0.252968,57000,72553.3,-0.241271,0.7761,,P,72553.3,10458.7
2024-03-27,0.252968,60000,72553.3,-0.189977,0.7702,,P,72553.3,11520.6
2024-03-27,0.252968,65000,72553.3,-0.109935,0.7744,,P,72553.3,12992.5
2024-03-27,0.252968,75000,72553.3,0.0331663,0.7789,,C,72553.3,14468.2
2024-03-27,0.252968,90000,72553.3,0.215488,0.7934,,C,72553.3,13738.1
2024-03-27,0.252968,100000,72553.3,0.320848,0.8052,,C,72553.3,12234.1
2024-03-27,0.502283,55000,75271.6,-0.31377,0.7928,,P,75271.6,14963.2
2024-03-27,0.502283,60000,75271.6,-0.226759,0.8073,,P,75271.6,16861.5
2024-03-27,0.502283,80000,75271.6,0.0609234,0.8137,,C,75271.6,20929.9
2024-03-27,0.502283,85000,75271.6,0.121548,0.8081,,C,75271.6,21223.8
2024-03-27,0.502283,90000,75271.6,0.178706,0.8127,,C,75271.6,21276.9
2024-03-27,0.502283,95000,75271.6,0.232774,0.8137,,C,75271.6,21141.2
2024-03-27,0.502283,100000,75271.6,0.284067,0.823,,C,75271.6,20879.8
2024-03-27,0.751598,56000,77396.6,-0.323592,0.8081,,P,77396.6,19248
2024-03-27,0.751598,60000,77396.6,-0.254599,0.8036,,P,77396.6,20748.7
2024-03-27,0.751598,70000,77396.6,-0.100448,0.818,,P,77396.6,23667.6
2024-03-27,0.751598,80000,77396.6,0.0330833,0.8103,,C,77396.6,25558.6
2024-03-27,0.751598,90000,77396.6,0.150866,0.8325,,C,77396.6,26461.8
2024-03-27,0.751598,95000,77396.6,0.204934,0.8276,,C,77396.6,26697.1
2024-03-27,0.751598,100000,77396.6,0.256227,0.8318,,C,77396.6,26768.2
2024-03-27,0.751598,105000,77396.6,0.305017,0.834,,C,77396.6,26719.9
2024-04-03,0.0228311,50000,66239.7,-0.281257,0.9172,,P,66239.7,441.391
2024-04-03,0.0228311,58000,66239.7,-0.132837,0.7503,,P,66239.7,1877.69
2024-04-03,0.0228311,63000,66239.7,-0.0501456,0.6674,,P,66239.7,3436.82
2024-04-03,0.0228311,67000,66239.7,0.0114123,0.6586,,C,66239.7,3984.52
2024-04-03,0.0228311,71000,66239.7,0.0693996,0.6579,,C,66239.7,3235.88
2024-04-03,0.0228311,75000,66239.7,0.124208,0.6843,,C,66239.7,2062.2
2024-04-03,0.0228311,84000,66239.7,0.237536,0.7655,,C,66239.7,544.942
2024-04-03,0.0228311,92000,66239.7,0.328508,0.9082,,C,66239.7,267.43
2024-04-03,0.0420091,54000,66422.4,-0.20705,0.7427,,P,66422.4,1936.19
2024-04-03,0.0420091,61000,66422.4,-0.0851605,0.6994,,P,66422.4,4351.63
2024-04-03,0.0420091,65000,66422.4,-0.0216471,0.6867,,P,66422.4,5296.44
2024-04-03,0.0420091,69000,66422.4,0.0380722,0.6797,,C,66422.4,5319.76
2024-04-03,0.0420091,74000,66422.4,0.108031,0.689,,C,66422.4,4267.72
2024-04-03,0.0420091,78000,66422.4,0.160674,0.7099,,C,66422.4,3190.38
2024-04-03,0.0420091,86000,66422.4,0.258313,0.754,,C,66422.4,1524.09
2024-04-03,0.0420091,94000,66422.4,0.34726,0.8369,,C,66422.4,829.351
2024-04-03,0.0611872,48000,66696.5,-0.328952,0.8196,,P,66696.5,1489.36
2024-04-03,0.0611872,54000,66696.5,-0.211169,0.7468,,P,66696.5,3068.18
2024-04-03,0.0611872,59000,66696.5,-0.122615,0.7166,,P,66696.5,4854.1
2024-04-03,0.0611872,65000,66696.5,-0.0257654,0.7087,,P,66696.5,6403.09
2024-04-03,0.0611872,70000,66696.5,0.0483426,0.7009,,C,66696.5,6461.4
2024-04-03,0.0611872,76000,66696.5,0.130581,0.7131,,C,66696.5,5321.19
2024-04-03,0.0611872,82000,66696.5,0.206567,0.7373,,C,66696.5,3826.74
2024-04-03,0.0611872,94000,66696.5,0.343142,0.7903,,C,66696.5,1666.22
2024-04-03,0.157078,48000,67817.6,-0.34562,0.7507,,P,67817.6,4543.89
2024-04-03,0.157078,54000,67817.6,-0.227837,0.7407,,P,67817.6,7004.19
2024-04-03,0.157078,59000,67817.6,-0.139284,0.7286,,P,67817.6,8810.84
2024-04-03,0.157078,65000,67817.6,-0.0424341,0.7322,,P,67817.6,10277.3
2024-04-03,0.157078,71000,67817.6,0.0458585,0.7395,,C,67817.6,10722.3
2024-04-03,0.157078,77000,67817.6,0.126984,0.7363,,C,67817.6,10283.6
2024-04-03,0.157078,86000,67817.6,0.237526,0.7635,,C,67817.6,8772.44
2024-04-03,0.157078,96000,67817.6,0.347527,0.7843,,C,67817.6,6746.87
2024-04-03,0.23379,49000,68939.5,-0.341409,0.76,,P,68939.5,7159.6
2024-04-03,0.23379,52000,68939.5,-0.281986,0.7524,,P,68939.5,8412.24
2024-04-03,0.23379,54000,68939.5,-0.244246,0.7519,,P,68939.5,9237.84
2024-04-03,0.23379,57000,68939.5,-0.190178,0.7562,,P,68939.5,10387
2024-04-03,0.23379,60000,68939.5,-0.138885,0.7477,,P,68939.5,11336.8
2024-04-03,0.23379,70000,68939.5,0.0152656,0.7534,,C,68939.5,13168
2024-04-03,0.23379,80000,68939.5,0.148797,0.7644,,C,68939.5,12986.5
2024-04-03,0.23379,95000,68939.5,0.320647,0.7869,,C,68939.5,10748.3
2024-04-03,0.483105,56000,71761.3,-0.247993,0.7809,,P,71761.3,15263.2
2024-04-03,0.483105,60000,71761.3,-0.179001,0.7758,,P,71761.3,16605
2024-04-03,0.483105,65000,71761.3,-0.0989578,0.7815,,P,71761.3,17951.8
2024-04-03,0.483105,75000,71761.3,0.044143,0.7954,,C,71761.3,19517.8
2024-04-03,0.483105,85000,71761.3,0.169306,0.7925,,C,71761.3,19888.4
2024-04-03,0.483105,90000,71761.3,0.226465,0.8073,,C,71761.3,19748.5
2024-04-03,0.483105,95000,71761.3,0.280532,0.8052,,C,71761.3,19416.7
2024-04-03,0.483105,100000,71761.3,0.331825,0.8185,,C,71761.3,19029.7
2024-04-03,0.73242,53000,73588.2,-0.328193,0.7963,,P,73588.2,17916.7
2024-04-03,0.73242,54000,73588.2,-0.309501,0.7888,,P,73588.2,18302.4
2024-04-03,0.73242,60000,73588.2,-0.20414,0.7899,,P,73588.2,20472
2024-04-03,0.73242,62000,73588.2,-0.17135,0.7996,,P,73588.2,21079.2
2024-04-03,0.73242,75000,73588.2,0.0190033,0.8037,,C,73588.2,23898.8
2024-04-03,0.73242,80000,73588.2,0.0835418,0.8005,,C,73588.2,24520.6
2024-04-03,0.73242,85000,73588.2,0.144166,0.81,,C,73588.2,24884.3
2024-04-03,0.73242,100000,73588.2,0.306685,0.8206,,C,73588.2,25032.8
2024-04-03,0.981735,60000,75731.5,-0.23285,0.8065,,P,75731.5,23578.6
2024-04-03,0.981735,65000,75731.5,-0.152807,0.7998,,P,75731.5,25167.3
2024-04-03,0.981735,80000,75731.5,0.0548325,0.8213,,C,75731.5,28258.9
2024-04-03,0.981735,100000,75731.5,0.277976,0.8414,,C,75731.5,29831.4
2024-04-10,0.0228311,54000,70789.2,-0.270723,0.9107,,P,70789.2,536.84
2024-04-10,0.0228311,62000,70789.2,-0.132573,0.7127,,P,70789.2,1869.08
2024-04-10,0.0228311,66000,70789.2,-0.0700522,0.6716,,P,70789.2,3242.58
2024-04-10,0.0228311,71000,70789.2,0.00297298,0.6569,,C,70789.2,4266.35
2024-04-10,0.0228311,75000,70789.2,0.0577812,0.6655,,C,70789.2,3719.12
2024-04-10,0.0228311,82000,70789.2,0.147012,0.7164,,C,70789.2,1823.5
2024-04-10,0.0228311,90000,70789.2,0.240103,0.8107,,C,70789.2,703.398
2024-04-10,0.0228311,100000,70789.2,0.345463,0.8209,,C,70789.2,104.688
2024-04-10,0.0420091,50000,70276,-0.340407,0.9037,,P,70276,891.617
2024-04-10,0.0420091,55000,70276,-0.245097,0.7894,,P,70276,1608.59
2024-04-10,0.0420091,61000,70276,-0.141556,0.7278,,P,70276,3403.29
2024-04-10,0.0420091,66000,70276,-0.062775,0.697,,P,70276,5043.36
2024-04-10,0.0420091,72000,70276,0.0242364,0.6817,,C,70276,5715.55
2024-04-10,0.0420091,77000,70276,0.0913757,0.6939,,C,70276,4880.87
2024-04-10,0.0420091,85000,70276,0.190222,0.7403,,C,70276,2871.85
2024-04-10,0.0420091,95000,70276,0.301447,0.8059,,C,70276,1259.35
2024-04-10,0.1379,51000,71265.8,-0.334592,0.7607,,P,71265.8,4384.7
2024-04-10,0.1379,57000,71265.8,-0.223366,0.7429,,P,71265.8,6738.85
2024-04-10,0.1379,63000,71265.8,-0.123282,0.736,,P,71265.8,8883.13
2024-04-10,0.1379,69000,71265.8,-0.0323107,0.7223,,P,71265.8,10221.2
2024-04-10,0.1379,74000,71265.8,0.0376479,0.7226,,C,71265.8,10557.6
2024-04-10,0.1379,80000,71265.8,0.115609,0.7304,,C,71265.8,10121.2
2024-04-10,0.1379,88000,71265.8,0.21092,0.7599,,C,71265.8,8784.89
2024-04-10,0.1379,100000,71265.8,0.338753,0.7564,,C,71265.8,5984.36
2024-04-10,0.214612,51000,71930.3,-0.343872,0.7655,,P,71930.3,6886.14
2024-04-10,0.214612,53000,71930.3,-0.305405,0.7539,,P,71930.3,7667.67
2024-04-10,0.214612,56000,71930.3,-0.250346,0.7575,,P,71930.3,8955.47
2024-04-10,0.214612,58000,71930.3,-0.215254,0.7566,,P,71930.3,9735.09
2024-04-10,0.214612,65000,71930.3,-0.10131,0.7462,,P,71930.3,11926.5
2024-04-10,0.214612,75000,71930.3,0.0417908,0.7509,,C,71930.3,13274.6
2024-04-10,0.214612,90000,71930.3,0.224112,0.7667,,C,71930.3,11995.3
2024-04-10,0.214612,100000,71930.3,0.329473,0.7693,,C,71930.3,10062.6
2024-04-10,0.463927,53000,74628.1,-0.342225,0.7796,,P,74628.1,13403.6
2024-04-10,0.463927,55000,74628.1,-0.305183,0.7812,,P,74628.1,14254.9
2024-04-10,0.463927,57000,74628.1,-0.269465,0.7807,,P,74628.1,15045.6
2024-04-10,0.463927,62000,74628.1,-0.185382,0.787,,P,74628.1,16796.2
2024-04-10,0.463927,75000,74628.1,0.00497162,0.7857,,C,74628.1,19613.3
2024-04-10,0.463927,85000,74628.1,0.130135,0.7918,,C,74628.1,20270.4
2024-04-10,0.463927,95000,74628.1,0.24136,0.795,,C,74628.1,19970.5
2024-04-10,0.463927,105000,74628.1,0.341444,0.8032,,C,74628.1,19069.9
2024-04-10,0.713242,62000,77158.6,-0.218729,0.7933,,P,77158.6,20888.4
2024-04-10,0.713242,75000,77158.6,-0.0283755,0.8037,,P,77158.6,24174.7
2024-04-10,0.713242,80000,77158.6,0.036163,0.8028,,C,77158.6,24957.1
2024-04-10,0.713242,90000,77158.6,0.153946,0.8097,,C,77158.6,25819.7
2024-04-10,0.713242,95000,77158.6,0.208013,0.8147,,C,77158.6,25973.8
2024-04-10,0.713242,100000,77158.6,0.259307,0.8186,,C,77158.6,25985.2
2024-04-10,0.713242,105000,77158.6,0.308097,0.8174,,C,77158.6,25863.8
2024-04-10,0.962557,60000,78614.3,-0.270209,0.8009,,P,78614.3,23456
2024-04-10,0.962557,65000,78614.3,-0.190166,0.7959,,P,78614.3,25168.1
2024-04-10,0.962557,70000,78614.3,-0.116058,0.7986,,P,78614.3,26597
2024-04-10,0.962557,80000,78614.3,0.0174733,0.8038,,C,78614.3,28711.2
2024-04-10,0.962557,90000,78614.3,0.135256,0.8184,,C,78614.3,29945.7
2024-04-10,0.962557,100000,78614.3,0.240617,0.8321,,C,78614.3,30572.4
2024-04-17,0.0228311,44000,61304.9,-0.331669,1.1252,,P,61304.9,465.262
2024-04-17,0.0228311,50000,61304.9,-0.203836,0.9052,,P,61304.9,1096.75
2024-04-17,0.0228311,55000,61304.9,-0.108526,0.7739,,P,61304.9,2271.56
2024-04-17,0.0228311,61000,61304.9,-0.0049851,0.7047,,P,61304.9,3677
2024-04-17,0.0228311,67000,61304.9,0.0888337,0.6908,,C,61304.9,2685.87
2024-04-17,0.0228311,73000,61304.9,0.1746,0.749,,C,61304.9,1224.75
2024-04-17,0.0228311,78000,61304.9,0.24085,0.8893,,C,61304.9,834.369
2024-04-17,0.0228311,86000,61304.9,0.338488,0.989,,C,61304.9,335.629
2024-04-17,0.0420091,50000,61463.7,-0.206423,0.8011,,P,61463.7,2049.78
2024-04-17,0.0420091,57000,61463.7,-0.0753952,0.7186,,P,61463.7,4233.99
2024-04-17,0.0420091,61000,61463.7,-0.00757257,0.6827,,P,61463.7,4987.21
2024-04-17,0.0420091,65000,61463.7,0.0559408,0.6842,,C,61463.7,4761.3
2024-04-17,0.0420091,70000,61463.7,0.130049,0.6959,,C,61463.7,3530.32
2024-04-17,0.0420091,74000,61463.7,0.185619,0.7276,,C,61463.7,2534.49
2024-04-17,0.0420091,78000,61463.7,0.238262,0.7627,,C,61463.7,1766.72
2024-04-17,0.0420091,86000,61463.7,0.335901,0.8295,,C,61463.7,841.305
2024-04-17,0.118721,44000,61964.8,-0.342376,0.7573,,P,61964.8,3009.04
2024-04-17,0.118721,51000,61964.8,-0.19474,0.7134,,P,61964.8,5603.51
2024-04-17,0.118721,56000,61964.8,-0.101214,0.6994,,P,61964.8,7360.1
2024-04-17,0.118721,62000,61964.8,0.000568657,0.6913,,C,61964.8,8459.83
2024-04-17,0.118721,68000,61964.8,0.092942,0.6912,,C,61964.8,8210.16
2024-04-17,0.118721,74000,61964.8,0.177499,0.7063,,C,61964.8,7081.61
2024-04-17,0.118721,79000,61964.8,0.242882,0.7193,,C,61964.8,5904.5
2024-04-17,0.118721,86000,61964.8,0.327782,0.7572,,C,61964.8,4519.13
2024-04-17,0.195434,44000,62370.2,-0.348897,0.7387,,P,62370.2,5151.94
2024-04-17,0.195434,47000,62370.2,-0.282939,0.7221,,P,62370.2,6365.43
2024-04-17,0.195434,50000,62370.2,-0.221064,0.7162,,P,62370.2,7622.26
2024-04-17,0.195434,53000,62370.2,-0.162795,0.7025,,P,62370.2,8732.37
2024-04-17,0.195434,56000,62370.2,-0.107735,0.6986,,P,62370.2,9691.47
2024-04-17,0.195434,60000,62370.2,-0.0387424,0.7091,,P,62370.2,10576
2024-04-17,0.195434,70000,62370.2,0.115408,0.709,,C,62370.2,10756.6
2024-04-17,0.195434,85000,62370.2,0.309564,0.7306,,C,62370.2,8006.92
2024-04-17,0.444749,45000,63687,-0.347318,0.733,,P,63687,10740.1
2024-04-17,0.444749,50000,63687,-0.241958,0.7341,,P,63687,12895.1
2024-04-17,0.444749,52000,63687,-0.202737,0.7394,,P,63687,13648.6
2024-04-17,0.444749,55000,63687,-0.146647,0.733,,P,63687,14610.3
2024-04-17,0.444749,59000,63687,-0.0764432,0.7357,,P,63687,15634.3
2024-04-17,0.444749,65000,63687,0.0204066,0.7486,,C,63687,16578.9
2024-04-17,0.444749,75000,63687,0.163507,0.7578,,C,63687,16901.6
2024-04-17,0.444749,90000,63687,0.345829,0.7573,,C,63687,15433
2024-04-17,0.694064,50000,65122.9,-0.264253,0.7535,,P,65122.9,16523
2024-04-17,0.694064,55000,65122.9,-0.168943,0.7627,,P,65122.9,18255.3
2024-04-17,0.694064,59000,65122.9,-0.0987387,0.7586,,P,65122.9,19360.6
2024-04-17,0.694064,61000,65122.9,-0.0654023,0.7612,,P,65122.9,19815.3
2024-04-17,0.694064,63000,65122.9,-0.0331415,0.7565,,P,65122.9,20229.4
2024-04-17,0.694064,70000,65122.9,0.0722191,0.7657,,C,65122.9,21191
2024-04-17,0.694064,80000,65122.9,0.20575,0.779,,C,65122.9,21643.7
2024-04-17,0.694064,90000,65122.9,0.323533,0.7846,,C,65122.9,21340.5
2024-04-17,0.943379,50000,66907.4,-0.291286,0.761,,P,66907.4,19368.4
2024-04-17,0.943379,65000,66907.4,-0.0289219,0.7712,,P,66907.4,23804.8
2024-04-17,0.943379,70000,66907.4,0.045186,0.7908,,C,66907.4,24590.1
2024-04-17,0.943379,80000,66907.4,0.178717,0.7986,,C,66907.4,25606.2
2024-04-17,0.943379,85000,66907.4,0.239342,0.794,,C,66907.4,25852.2
2024-04-17,0.943379,90000,66907.4,0.2965,0.7962,,C,66907.4,25925.4
2024-04-24,0.0228311,50000,64186.5,-0.24977,0.8991,,P,64186.5,628.616
2024-04-24,0.0228311,57000,64186.5,-0.118741,0.6796,,P,64186.5,1865.98
2024-04-24,0.0228311,62000,64186.5,-0.0346582,0.5856,,P,64186.5,3518.44
2024-04-24,0.0228311,66000,64186.5,0.0278622,0.5607,,C,64186.5,3713.57
2024-04-24,0.0228311,71000,64186.5,0.100887,0.6159,,C,64186.5,2258.67
2024-04-24,0.0228311,75000,64186.5,0.155696,0.6649,,C,64186.5,1257.07
2024-04-24,0.0228311,82000,64186.5,0.244927,0.8004,,C,64186.5,561.565
2024-04-24,0.0228311,90000,64186.5,0.338017,0.8971,,C,64186.5,204.051
2024-04-24,0.0420091,48000,64391.2,-0.293776,0.8124,,P,64391.2,955.388
2024-04-24,0.0420091,56000,64391.2,-0.139625,0.6457,,P,64391.2,2808.27
2024-04-24,0.0420091,60000,64391.2,-0.070632,0.5954,,P,64391.2,4290.6
2024-04-24,0.0420091,64000,64391.2,-0.0060935,0.5944,,P,64391.2,5232.82
2024-04-24,0.0420091,69000,64391.2,0.0691299,0.5869,,C,64391.2,4612.31
2024-04-24,0.0420091,74000,64391.2,0.139089,0.6168,,C,64391.2,3075.36
2024-04-24,0.0420091,82000,64391.2,0.241743,0.7116,,C,64391.2,1500.37
2024-04-24,0.0420091,90000,64391.2,0.334833,0.7989,,C,64391.2,766.775
2024-04-24,0.0995434,46000,64618.6,-0.339861,0.7425,,P,64618.6,2379.34
2024-04-24,0.0995434,53000,64618.6,-0.198211,0.6567,,P,64618.6,4636.32
2024-04-24,0.0995434,58000,64618.6,-0.10806,0.6262,,P,64618.6,6602.84
2024-04-24,0.0995434,64000,64618.6,-0.00961953,0.608,,P,64618.6,8047.14
2024-04-24,0.0995434,70000,64618.6,0.0799926,0.6103,,C,64618.6,7729.57
2024-04-24,0.0995434,76000,64618.6,0.162231,0.6147,,C,64618.6,6187.52
2024-04-24,0.0995434,81000,64618.6,0.225947,0.6406,,C,64618.6,4849.97
2024-04-24,0.0995434,90000,64618.6,0.331307,0.6709,,C,64618.6,2804.23
2024-04-24,0.176256,47000,65309.4,-0.328988,0.6951,,P,65309.4,4863.13
2024-04-24,0.176256,50000,65309.4,-0.267113,0.6827,,P,65309.4,6136.14
2024-04-24,0.176256,52000,65309.4,-0.227892,0.6724,,P,65309.4,6976.32
2024-04-24,0.176256,55000,65309.4,-0.171803,0.6875,,P,65309.4,8321.34
2024-04-24,0.176256,58000,65309.4,-0.118693,0.6747,,P,65309.4,9347.6
2024-04-24,0.176256,65000,65309.4,-0.00474853,0.6427,,P,65309.4,10812
2024-04-24,0.176256,75000,65309.4,0.138352,0.6452,,C,65309.4,10194.5
2024-04-24,0.176256,90000,65309.4,0.320674,0.6656,,C,65309.4,6582.45
2024-04-24,0.425571,48000,67309,-0.338093,0.711,,P,67309,11040.7
2024-04-24,0.425571,52000,67309,-0.25805,0.7107,,P,67309,12837.9
2024-04-24,0.425571,56000,67309,-0.183942,0.6923,,P,67309,14336.2
2024-04-24,0.425571,59000,67309,-0.131757,0.7011,,P,67309,15327.9
2024-04-24,0.425571,65000,67309,-0.0349068,0.6997,,P,67309,16722.8
2024-04-24,0.425571,75000,67309,0.108194,0.6883,,C,67309,17515
2024-04-24,0.425571,85000,67309,0.233357,0.6877,,C,67309,16767.3
2024-04-24,0.425571,95000,67309,0.344583,0.7138,,C,67309,15403.3
2024-04-24,0.674886,50000,68570.8,-0.315844,0.7228,,P,68570.8,15940.5
2024-04-24,0.674886,54000,68570.8,-0.238883,0.7205,,P,68570.8,17595.6
2024-04-24,0.674886,60000,68570.8,-0.133523,0.7253,,P,68570.8,19610.7
2024-04-24,0.674886,63000,68570.8,-0.0847326,0.7192,,P,68570.8,20410.3
2024-04-24,0.674886,70000,68570.8,0.0206279,0.7129,,C,68570.8,21739.7
2024-04-24,0.674886,75000,68570.8,0.0896207,0.7199,,C,68570.8,22240.9
2024-04-24,0.674886,85000,68570.8,0.214784,0.7245,,C,68570.8,22428.2
2024-04-24,0.674886,90000,68570.8,0.271942,0.7355,,C,68570.8,22228.5
2024-04-24,0.924201,50000,70705.4,-0.346498,0.7615,,P,70705.4,19066.2
2024-04-24,0.924201,55000,70705.4,-0.251188,0.7331,,P,70705.4,21093.7
2024-04-24,0.924201,60000,70705.4,-0.164177,0.7248,,P,70705.4,22865.6
2024-04-24,0.924201,70000,70705.4,-0.0100261,0.7244,,P,70705.4,25391.9
2024-04-24,0.924201,80000,70705.4,0.123505,0.7311,,C,70705.4,26701.9
2024-04-24,0.924201,85000,70705.4,0.18413,0.7495,,C,70705.4,26969
2024-04-24,0.924201,90000,70705.4,0.241288,0.7443,,C,70705.4,27111.5
2024-04-24,0.924201,100000,70705.4,0.346649,0.7493,,C,70705.4,26919.3
2024-05-01,0.0228311,44000,57985.2,-0.275999,0.9935,,P,57985.2,560.166
2024-05-01,0.0228311,54000,57985.2,-0.0712042,0.6322,,P,57985.2,2552.01
2024-05-01,0.0228311,58000,57985.2,0.000254743,0.559,,C,57985.2,3492.66
2024-05-01,0.0228311,62000,57985.2,0.0669461,0.5809,,C,57985.2,2699.53
2024-05-01,0.0228311,65000,57985.2,0.114199,0.6345,,C,57985.2,1818.41
2024-05-01,0.0228311,69000,57985.2,0.173918,0.71,,C,57985.2,1023.15
2024-05-01,0.0228311,74000,57985.2,0.243877,0.7927,,C,57985.2,495.955
2024-05-01,0.0228311,82000,57985.2,0.346531,0.9056,,C,57985.2,167.911
2024-05-01,0.0420091,44000,57998.1,-0.276221,0.8335,,P,57998.1,1113.62
2024-05-01,0.0420091,53000,57998.1,-0.0901188,0.6389,,P,57998.1,3569.87
2024-05-01,0.0420091,57000,57998.1,-0.0173594,0.5732,,P,57998.1,4642.33
2024-05-01,0.0420091,61000,57998.1,0.0504632,0.5648,,C,57998.1,4415.32
2024-05-01,0.0420091,64000,57998.1,0.0984724,0.5774,,C,57998.1,3517.83
2024-05-01,0.0420091,68000,57998.1,0.159097,0.6181,,C,57998.1,2329.2
2024-05-01,0.0420091,74000,57998.1,0.243654,0.7101,,C,57998.1,1315.74
2024-05-01,0.0420091,82000,57998.1,0.346309,0.8068,,C,57998.1,627.108
2024-05-01,0.0803653,42000,58148.3,-0.325327,0.768,,P,58148.3,1819.36
2024-05-01,0.0803653,49000,58148.3,-0.171176,0.6484,,P,58148.3,3896.38
2024-05-01,0.0803653,54000,58148.3,-0.0740123,0.5938,,P,58148.3,5733.16
2024-05-01,0.0803653,60000,58148.3,0.0313482,0.5864,,C,58148.3,6539.83
2024-05-01,0.0803653,65000,58148.3,0.111391,0.5665,,C,58148.3,5448.8
2024-05-01,0.0803653,71000,58148.3,0.199684,0.5935,,C,58148.3,3580.48
2024-05-01,0.0803653,76000,58148.3,0.267737,0.6753,,C,58148.3,2814.52
2024-05-01,0.0803653,82000,58148.3,0.343723,0.7341,,C,58148.3,1985.64
2024-05-01,0.157078,42000,58246.6,-0.327017,0.6746,,P,58246.6,3668.54
2024-05-01,0.157078,45000,58246.6,-0.258024,0.6442,,P,58246.6,4818.28
2024-05-01,0.157078,48000,58246.6,-0.193485,0.6188,,P,58246.6,6078.58
2024-05-01,0.157078,51000,58246.6,-0.132861,0.6065,,P,58246.6,7343.64
2024-05-01,0.157078,55000,58246.6,-0.0573532,0.5906,,P,58246.6,8625.27
2024-05-01,0.157078,58000,58246.6,-0.00424341,0.5874,,P,58246.6,9126.46
2024-05-01,0.157078,65000,58246.6,0.109701,0.5889,,C,58246.6,8652.29
2024-05-01,0.157078,80000,58246.6,0.31734,0.6356,,C,58246.6,4842.81
2024-05-01,0.23379,44000,58368.7,-0.282591,0.6168,,P,58368.7,6170.87
2024-05-01,0.23379,50000,58368.7,-0.154757,0.5898,,P,58368.7,8902.99
2024-05-01,0.23379,56000,58368.7,-0.0414285,0.5901,,P,58368.7,10802.1
2024-05-01,0.23379,61000,58368.7,0.0440937,0.5929,,C,58368.7,11258.5
2024-05-01,0.23379,65000,58368.7,0.107607,0.5947,,C,58368.7,10964.1
2024-05-01,0.23379,69000,58368.7,0.167326,0.6092,,C,58368.7,10305.2
2024-05-01,0.23379,74000,58368.7,0.237285,0.6148,,C,58368.7,9117.48
2024-05-01,0.23379,82000,58368.7,0.339939,0.6104,,C,58368.7,6800.16
2024-05-01,0.406393,42000,58975.9,-0.339459,0.6153,,P,58975.9,8538.05
2024-05-01,0.406393,45000,58975.9,-0.270467,0.6073,,P,58975.9,10074.2
2024-05-01,0.406393,49000,58975.9,-0.185309,0.6111,,P,58975.9,11979.7
2024-05-01,0.406393,52000,58975.9,-0.125885,0.6109,,P,58975.9,13115.9
2024-05-01,0.406393,55000,58975.9,-0.0697959,0.6293,,P,58975.9,13982.7
2024-05-01,0.406393,58000,58975.9,-0.0166861,0.6087,,P,58975.9,14583.4
2024-05-01,0.406393,65000,58975.9,0.0972582,0.6307,,C,58975.9,14986.3
2024-05-01,0.406393,80000,58975.9,0.304898,0.6541,,C,58975.9,13083.6
2024-05-01,0.655708,43000,60264.5,-0.337543,0.6319,,P,60264.5,12803.3
2024-05-01,0.655708,47000,60264.5,-0.248596,0.657,,P,60264.5,14878.8
2024-05-01,0.655708,50000,60264.5,-0.18672,0.655,,P,60264.5,16091.5
2024-05-01,0.655708,54000,60264.5,-0.109759,0.6486,,P,60264.5,17419.5
2024-05-01,0.655708,60000,60264.5,-0.00439862,0.6517,,P,60264.5,18760.2
2024-05-01,0.655708,63000,60264.5,0.0443915,0.6554,,C,60264.5,19149.5
2024-05-01,0.655708,70000,60264.5,0.149752,0.6673,,C,60264.5,19467.8
2024-05-01,0.655708,85000,60264.5,0.343908,0.6804,,C,60264.5,18319.8
2024-05-01,0.905023,50000,61260.7,-0.203116,0.6587,,P,61260.7,18975.1
2024-05-01,0.905023,55000,61260.7,-0.107806,0.6748,,P,61260.7,20630.8
2024-05-01,0.905023,60000,61260.7,-0.0207947,0.6567,,P,61260.7,21901.7
2024-05-01,0.905023,65000,61260.7,0.0592481,0.6831,,C,61260.7,22623.4
2024-05-01,0.905023,70000,61260.7,0.133356,0.673,,C,61260.7,23105
2024-05-01,0.905023,75000,61260.7,0.202349,0.6707,,C,61260.7,23249.9
2024-05-01,0.905023,80000,61260.7,0.266887,0.6834,,C,61260.7,23165.2
2024-05-01,0.905023,85000,61260.7,0.327512,0.6935,,C,61260.7,22929.7
2024-05-08,0.0228311,44000,61422.4,-0.333586,0.8751,,P,61422.4,129.733
2024-05-08,0.0228311,54000,61422.4,-0.128791,0.6312,,P,61422.4,1393.36
2024-05-08,0.0228311,58000,61422.4,-0.0573324,0.5258,,P,61422.4,2770.94
2024-05-08,0.0228311,62000,61422.4,0.00935902,0.4928,,C,61422.4,3688.09
2024-05-08,0.0228311,66000,61422.4,0.0718794,0.4602,,C,61422.4,2248.1
2024-05-08,0.0228311,70000,61422.4,0.13072,0.5298,,C,61422.4,1041.18
2024-05-08,0.0228311,78000,61422.4,0.238933,0.678,,C,61422.4,274.546
2024-05-08,0.0228311,86000,61422.4,0.336572,0.7824,,C,61422.4,75.9925
2024-05-08,0.0420091,46000,61572.1,-0.291567,0.6956,,P,61572.1,536.261
2024-05-08,0.0420091,53000,61572.1,-0.149917,0.5758,,P,61572.1,2080.91
2024-05-08,0.0420091,57000,61572.1,-0.0771573,0.531,,P,61572.1,3762.1
2024-05-08,0.0420091,61000,61572.1,-0.00933471,0.5031,,P,61572.1,4984.05
2024-05-08,0.0420091,66000,61572.1,0.0694462,0.5002,,C,61572.1,4138.46
2024-05-08,0.0420091,70000,61572.1,0.128287,0.5201,,C,61572.1,2598.49
2024-05-08,0.0420091,78000,61572.1,0.2365,0.5716,,C,61572.1,737.371
2024-05-08,0.0420091,86000,61572.1,0.334139,0.6647,,C,61572.1,293.296
2024-05-08,0.0611872,44000,61748.3,-0.338877,0.694,,P,61748.3,730.308
2024-05-08,0.0611872,50000,61748.3,-0.211044,0.5897,,P,61748.3,1920.16
2024-05-08,0.0611872,56000,61748.3,-0.0977151,0.5532,,P,61748.3,4486.46
2024-05-08,0.0611872,62000,61748.3,0.00406759,0.5252,,C,61748.3,6090.03
2024-05-08,0.0611872,67000,61748.3,0.0816258,0.5213,,C,61748.3,5184.14
2024-05-08,0.0611872,73000,61748.3,0.167393,0.5216,,C,61748.3,2849.75
2024-05-08,0.0611872,79000,61748.3,0.246381,0.5758,,C,61748.3,1539.88
2024-05-08,0.0611872,86000,61748.3,0.33128,0.6795,,C,61748.3,1027.37
2024-05-08,0.1379,45000,62464.2,-0.32793,0.6064,,P,62464.2,2703.04
2024-05-08,0.1379,48000,62464.2,-0.263392,0.5753,,P,62464.2,3772.06
2024-05-08,0.1379,51000,62464.2,-0.202767,0.5681,,P,62464.2,5239.29
2024-05-08,0.1379,54000,62464.2,-0.145609,0.5504,,P,62464.2,6640.93
2024-05-08,0.1379,56000,62464.2,-0.109241,0.5459,,P,62464.2,7538.97
2024-05-08,0.1379,60000,62464.2,-0.0402484,0.5443,,P,62464.2,8846.15
2024-05-08,0.1379,70000,62464.2,0.113902,0.552,,C,62464.2,8350.8
2024-05-08,0.1379,85000,62464.2,0.308058,0.606,,C,62464.2,4202.85
2024-05-08,0.214612,46000,62891.1,-0.312764,0.5826,,P,62891.1,5033.3
2024-05-08,0.214612,54000,62891.1,-0.152421,0.551,,P,62891.1,8938.51
2024-05-08,0.214612,59000,62891.1,-0.0638677,0.5487,,P,62891.1,10820.4
2024-05-08,0.214612,63000,62891.1,0.00172953,0.5585,,C,62891.1,11536.1
2024-05-08,0.214612,68000,62891.1,0.0781025,0.5522,,C,62891.1,11441.7
2024-05-08,0.214612,72000,62891.1,0.135261,0.5736,,C,62891.1,10829.3
2024-05-08,0.214612,80000,62891.1,0.240621,0.5906,,C,62891.1,8821.9
2024-05-08,0.214612,86000,62891.1,0.312942,0.6007,,C,62891.1,7152.68
2024-05-08,0.387215,48000,64345,-0.293059,0.5831,,P,64345,9794.09
2024-05-08,0.387215,51000,64345,-0.232434,0.5866,,P,64345,11419.5
2024-05-08,0.387215,54000,64345,-0.175276,0.5826,,P,64345,12807
2024-05-08,0.387215,56000,64345,-0.138908,0.5893,,P,64345,13638.9
2024-05-08,0.387215,62000,64345,-0.0371252,0.5824,,P,64345,15343.7
2024-05-08,0.387215,70000,64345,0.0842356,0.5923,,C,64345,15957.9
2024-05-08,0.387215,80000,64345,0.217767,0.6005,,C,64345,14769.3
2024-05-08,0.387215,90000,64345,0.33555,0.6144,,C,64345,12620
2024-05-08,0.63653,47000,65694.3,-0.334864,0.6224,,P,65694.3,13661.4
2024-05-08,0.63653,55000,65694.3,-0.177679,0.6207,,P,65694.3,17397.9
2024-05-08,0.63653,59000,65694.3,-0.107474,0.6162,,P,65694.3,18772
2024-05-08,0.63653,61000,65694.3,-0.074138,0.6221,,P,65694.3,19321
2024-05-08,0.63653,63000,65694.3,-0.0418771,0.6288,,P,65694.3,19773.2
2024-05-08,0.63653,70000,65694.3,0.0634834,0.6287,,C,65694.3,20748.9
2024-05-08,0.63653,80000,65694.3,0.197015,0.6351,,C,65694.3,20718.7
2024-05-08,0.63653,90000,65694.3,0.314798,0.6367,,C,65694.3,19557
2024-05-08,0.885845,50000,67104.6,-0.29423,0.6373,,P,67104.6,18436.1
2024-05-08,0.885845,55000,67104.6,-0.19892,0.6352,,P,67104.6,20639.7
2024-05-08,0.885845,65000,67104.6,-0.031866,0.6501,,P,67104.6,23632.4
2024-05-08,0.885845,70000,67104.6,0.042242,0.6599,,C,67104.6,24466.3
2024-05-08,0.885845,75000,67104.6,0.111235,0.6449,,C,67104.6,25015.1
2024-05-08,0.885845,80000,67104.6,0.175773,0.6506,,C,67104.6,25192
2024-05-15,0.0228311,48000,66401.2,-0.324515,0.8773,,P,66401.2,169.652
2024-05-15,0.0228311,54000,66401.2,-0.206731,0.7196,,P,66401.2,591.336
2024-05-15,0.0228311,59000,66401.2,-0.118178,0.5909,,P,66401.2,1569.73
2024-05-15,0.0228311,63000,66401.2,-0.0525808,0.5366,,P,66401.2,3156.83
2024-05-15,0.0228311,67000,66401.2,0.00897708,0.5345,,C,66401.2,3992.65
2024-05-15,0.0228311,72000,66401.2,0.0809506,0.5594,,C,66401.2,2632.51
2024-05-15,0.0228311,82000,66401.2,0.211004,0.7076,,C,66401.2,633.6
2024-05-15,0.0228311,90000,66401.2,0.304094,0.8147,,C,66401.2,220.018
2024-05-15,0.0420091,47000,66263.9,-0.343498,0.8312,,P,66263.9,595.558
2024-05-15,0.0420091,53000,66263.9,-0.223354,0.6831,,P,66263.9,1354.17
2024-05-15,0.0420091,59000,66263.9,-0.116108,0.5598,,P,66263.9,3058.9
2024-05-15,0.0420091,65000,66263.9,-0.0192582,0.5244,,P,66263.9,5273.25
2024-05-15,0.0420091,71000,66263.9,0.0690344,0.5289,,C,66263.9,4572.44
2024-05-15,0.0420091,77000,66263.9,0.15016,0.5649,,C,66263.9,2514.78
2024-05-15,0.0420091,84000,66263.9,0.237171,0.6778,,C,66263.9,1417.15
2024-05-15,0.0420091,94000,66263.9,0.349649,0.7725,,C,66263.9,561.649
2024-05-15,0.118721,48000,66858.6,-0.331378,0.678,,P,66858.6,2828
2024-05-15,0.118721,51000,66858.6,-0.270754,0.6422,,P,66858.6,3773.71
2024-05-15,0.118721,53000,66858.6,-0.232287,0.6234,,P,66858.6,4533.56
2024-05-15,0.118721,56000,66858.6,-0.177228,0.5992,,P,66858.6,5787.94
2024-05-15,0.118721,58000,66858.6,-0.142136,0.5904,,P,66858.6,6671.32
2024-05-15,0.118721,65000,66858.6,-0.028192,0.5717,,P,66858.6,8925.97
2024-05-15,0.118721,75000,66858.6,0.114909,0.5899,,C,66858.6,8253.51
2024-05-15,0.118721,90000,66858.6,0.29723,0.6425,,C,66858.6,4303.02
2024-05-15,0.195434,50000,67312,-0.297316,0.6191,,P,67312,5618.52
2024-05-15,0.195434,55000,67312,-0.202006,0.5891,,P,67312,7876.03
2024-05-15,0.195434,61000,67312,-0.0984648,0.5851,,P,67312,10423.7
2024-05-15,0.195434,65000,67312,-0.0349514,0.5835,,P,67312,11463.4
2024-05-15,0.195434,70000,67312,0.0391565,0.6025,,C,67312,11870.3
2024-05-15,0.195434,74000,67312,0.0947264,0.5991,,C,67312,11574.1
2024-05-15,0.195434,84000,67312,0.221478,0.6258,,C,67312,9533.91
2024-05-15,0.195434,95000,67312,0.344538,0.6505,,C,67312,6809.73
2024-05-15,0.368037,49000,67721.7,-0.323587,0.631,,P,67721.7,9576.35
2024-05-15,0.368037,52000,67721.7,-0.264163,0.6231,,P,67721.7,11051.4
2024-05-15,0.368037,54000,67721.7,-0.226423,0.6348,,P,67721.7,12086.5
2024-05-15,0.368037,57000,67721.7,-0.172356,0.6168,,P,67721.7,13288.8
2024-05-15,0.368037,60000,67721.7,-0.121063,0.6231,,P,67721.7,14396.8
2024-05-15,0.368037,70000,67721.7,0.033088,0.6293,,C,67721.7,16301.4
2024-05-15,0.368037,80000,67721.7,0.166619,0.6432,,C,67721.7,15955.3
2024-05-15,0.368037,95000,67721.7,0.33847,0.6821,,C,67721.7,13598.9
2024-05-15,0.617352,50000,69898.8,-0.335026,0.6569,,P,69898.8,14519.2
2024-05-15,0.617352,53000,69898.8,-0.276757,0.6498,,P,69898.8,15943.8
2024-05-15,0.617352,55000,69898.8,-0.239715,0.6514,,P,69898.8,16855.3
2024-05-15,0.617352,58000,69898.8,-0.186606,0.6528,,P,69898.8,18076
2024-05-15,0.617352,60000,69898.8,-0.152704,0.6446,,P,69898.8,18785.5
2024-05-15,0.617352,70000,69898.8,0.00144665,0.6568,,C,69898.8,21208.1
2024-05-15,0.617352,80000,69898.8,0.134978,0.6636,,C,69898.8,21910.2
2024-05-15,0.617352,95000,69898.8,0.306828,0.6863,,C,69898.8,20949.9
2024-05-15,0.866667,50000,70838,-0.348372,0.6632,,P,70838,17973.2
2024-05-15,0.866667,65000,70838,-0.0860079,0.6541,,P,70838,23821.2
2024-05-15,0.866667,75000,70838,0.0570929,0.6882,,C,70838,25614.9
2024-05-15,0.866667,80000,70838,0.121631,0.6846,,C,70838,26094.8
2024-05-15,0.866667,85000,70838,0.182256,0.6911,,C,70838,26289.5
2024-05-15,0.866667,90000,70838,0.239414,0.6852,,C,70838,26267.1
2024-05-22,0.0228311,49000,69472.8,-0.349115,0.8953,,P,69472.8,125.598
2024-05-22,0.0228311,55000,69472.8,-0.233602,0.7243,,P,69472.8,381.304
2024-05-22,0.0228311,60000,69472.8,-0.146591,0.5843,,P,69472.8,979.685
2024-05-22,0.0228311,66000,69472.8,-0.0512807,0.4962,,P,69472.8,3228.23
2024-05-22,0.0228311,72000,69472.8,0.0357307,0.5051,,C,69472.8,3818
2024-05-22,0.0228311,78000,69472.8,0.115773,0.5697,,C,69472.8,1794.49
2024-05-22,0.0228311,84000,69472.8,0.189881,0.6054,,C,69472.8,533.491
2024-05-22,0.0228311,95000,69472.8,0.312941,0.7405,,C,69472.8,97.8612
2024-05-22,0.0420091,52000,69864.6,-0.295315,0.6898,,P,69864.6,554.907
2024-05-22,0.0420091,61000,69864.6,-0.135685,0.5514,,P,69864.6,2592.29
2024-05-22,0.0420091,65000,69864.6,-0.0721718,0.5059,,P,69864.6,4319
2024-05-22,0.0420091,69000,69864.6,-0.0124526,0.5116,,P,69864.6,5629.58
2024-05-22,0.0420091,73000,69864.6,0.0439003,0.5325,,C,69864.6,5377.66
2024-05-22,0.0420091,78000,69864.6,0.11015,0.567,,C,69864.6,3845.43
2024-05-22,0.0420091,86000,69864.6,0.207788,0.5978,,C,69864.6,1501.87
2024-05-22,0.0420091,98000,69864.6,0.338408,0.7144,,C,69864.6,466.969
2024-05-22,0.0995434,50000,70508.7,-0.343713,0.6569,,P,70508.7,1879.18
2024-05-22,0.0995434,53000,70508.7,-0.285444,0.5971,,P,70508.7,2430.63
2024-05-22,0.0995434,57000,70508.7,-0.212685,0.5682,,P,70508.7,3931.77
2024-05-22,0.0995434,62000,70508.7,-0.128602,0.5602,,P,70508.7,6361.75
2024-05-22,0.0995434,68000,70508.7,-0.0362286,0.5577,,P,70508.7,8499.75
2024-05-22,0.0995434,74000,70508.7,0.0483288,0.5643,,C,70508.7,8728.35
2024-05-22,0.0995434,85000,70508.7,0.186915,0.6029,,C,70508.7,5985.65
2024-05-22,0.0995434,100000,70508.7,0.349434,0.6662,,C,70508.7,2639.28
2024-05-22,0.176256,52000,71314.1,-0.315851,0.607,,P,71314.1,4693.19
2024-05-22,0.176256,57000,71314.1,-0.224043,0.5902,,P,71314.1,7041.13
2024-05-22,0.176256,63000,71314.1,-0.12396,0.5861,,P,71314.1,9813.93
2024-05-22,0.176256,68000,71314.1,-0.0475867,0.5848,,P,71314.1,11360.4
2024-05-22,0.176256,74000,71314.1,0.0369707,0.6018,,C,71314.1,11941.8
2024-05-22,0.176256,79000,71314.1,0.102353,0.6062,,C,71314.1,11501.2
2024-05-22,0.176256,86000,71314.1,0.187253,0.6143,,C,71314.1,9993.87
2024-05-22,0.176256,100000,71314.1,0.338076,0.6579,,C,71314.1,6623.71
2024-05-22,0.348858,52000,72847.8,-0.337129,0.6399,,P,72847.8,9570.13
2024-05-22,0.348858,55000,72847.8,-0.28104,0.6196,,P,72847.8,10921.8
2024-05-22,0.348858,58000,72847.8,-0.22793,0.6185,,P,72847.8,12398.8
2024-05-22,0.348858,60000,72847.8,-0.194028,0.6166,,P,72847.8,13294.8
2024-05-22,0.348858,65000,72847.8,-0.113986,0.6199,,P,72847.8,15190.7
2024-05-22,0.348858,75000,72847.8,0.0291151,0.6357,,C,72847.8,17061.4
2024-05-22,0.348858,90000,72847.8,0.211437,0.6501,,C,72847.8,16096
2024-05-22,0.348858,100000,72847.8,0.316797,0.6672,,C,72847.8,14278.4
2024-05-22,0.598174,54000,75353.3,-0.333203,0.6716,,P,75353.3,15490.6
2024-05-22,0.598174,58000,75353.3,-0.261744,0.6607,,P,75353.3,17315.7
2024-05-22,0.598174,60000,75353.3,-0.227843,0.6587,,P,75353.3,18173
2024-05-22,0.598174,70000,75353.3,-0.0736919,0.667,,P,75353.3,21455.8
2024-05-22,0.598174,80000,75353.3,0.0598395,0.6719,,C,75353.3,23008.1
2024-05-22,0.598174,90000,75353.3,0.177622,0.6834,,C,75353.3,23190.3
2024-05-22,0.598174,95000,75353.3,0.23169,0.6913,,C,75353.3,22932
2024-05-22,0.598174,105000,75353.3,0.331773,0.7039,,C,75353.3,21965.1
2024-05-22,0.847489,55000,77567.7,-0.343819,0.6709,,P,77567.7,19588.4
2024-05-22,0.847489,60000,77567.7,-0.256807,0.6725,,P,77567.7,21914
2024-05-22,0.847489,65000,77567.7,-0.176764,0.6811,,P,77567.7,23860.2
2024-05-22,0.847489,70000,77567.7,-0.102656,0.6795,,P,77567.7,25425.9
2024-05-22,0.847489,85000,77567.7,0.0914995,0.696,,C,77567.7,28042.2
2024-05-22,0.847489,90000,77567.7,0.148658,0.6986,,C,77567.7,28371.6
2024-05-22,0.847489,100000,77567.7,0.254018,0.712,,C,77567.7,28436.8
2024-05-22,0.847489,110000,77567.7,0.349329,0.71,,C,77567.7,27880.2
2024-05-29,0.0228311,52000,67774,-0.264935,0.7771,,P,67774,280.204
2024-05-29,0.0228311,60000,67774,-0.121834,0.5501,,P,67774,1311.82
2024-05-29,0.0228311,64000,67774,-0.0572953,0.4764,,P,67774,2890.3
2024-05-29,0.0228311,68000,67774,0.00332935,0.4568,,C,67774,4085.03
2024-05-29,0.0228311,73000,67774,0.0742811,0.466,,C,67774,2429.03
2024-05-29,0.0228311,78000,67774,0.14053,0.5091,,C,67774,825.51
2024-05-29,0.0228311,86000,67774,0.238169,0.6571,,C,67774,258.774
2024-05-29,0.0228311,96000,67774,0.34817,0.7362,,C,67774,36.2173
2024-05-29,0.0420091,54000,67927.8,-0.229462,0.618,,P,67927.8,957.891
2024-05-29,0.0420091,62000,67927.8,-0.0913117,0.4869,,P,67927.8,3487.11
2024-05-29,0.0420091,66000,67927.8,-0.0287914,0.4844,,P,67927.8,5243.02
2024-05-29,0.0420091,70000,67927.8,0.0300491,0.4887,,C,67927.8,5383.53
2024-05-29,0.0420091,73000,67927.8,0.0720133,0.4917,,C,67927.8,4454.92
2024-05-29,0.0420091,78000,67927.8,0.138263,0.5123,,C,67927.8,2497.75
2024-05-29,0.0420091,88000,67927.8,0.258891,0.5916,,C,67927.8,645.89
2024-05-29,0.0420091,96000,67927.8,0.345902,0.6394,,C,67927.8,202.322
2024-05-29,0.0803653,49000,68266.2,-0.331595,0.644,,P,68266.2,1251.63
2024-05-29,0.0803653,52000,68266.2,-0.272172,0.6011,,P,68266.2,1875.05
2024-05-29,0.0803653,56000,68266.2,-0.198064,0.5619,,P,68266.2,3217.68
2024-05-29,0.0803653,60000,68266.2,-0.129071,0.5254,,P,68266.2,4958.53
2024-05-29,0.0803653,66000,68266.2,-0.0337607,0.5121,,P,68266.2,7369.39
2024-05-29,0.0803653,72000,68266.2,0.0532506,0.5186,,C,68266.2,7405.45
2024-05-29,0.0803653,80000,68266.2,0.158611,0.5449,,C,68266.2,4918.79
2024-05-29,0.0803653,95000,68266.2,0.330461,0.62,,C,68266.2,1549.23
2024-05-29,0.157078,50000,69005.6,-0.322165,0.5826,,P,69005.6,3485.6
2024-05-29,0.157078,56000,69005.6,-0.208836,0.5658,,P,69005.6,6330.54
2024-05-29,0.157078,62000,69005.6,-0.107054,0.5526,,P,69005.6,9122.6
2024-05-29,0.157078,67000,69005.6,-0.0294954,0.5537,,P,69005.6,10590.3
2024-05-29,0.157078,72000,69005.6,0.0424781,0.5571,,C,69005.6,10874.1
2024-05-29,0.157078,77000,69005.6,0.109617,0.5666,,C,69005.6,10166.6
2024-05-29,0.157078,85000,69005.6,0.208463,0.5865,,C,69005.6,8045.22
2024-05-29,0.157078,95000,69005.6,0.319689,0.6119,,C,69005.6,5330.13
2024-05-29,0.32968,50000,70803.5,-0.347886,0.6186,,P,70803.5,8304.39
2024-05-29,0.32968,53000,70803.5,-0.289617,0.6117,,P,70803.5,9835.02
2024-05-29,0.32968,58000,70803.5,-0.199466,0.612,,P,70803.5,12303.5
2024-05-29,0.32968,60000,70803.5,-0.165565,0.6052,,P,70803.5,13128.3
2024-05-29,0.32968,65000,70803.5,-0.0855218,0.6082,,P,70803.5,14852.4
2024-05-29,0.32968,75000,70803.5,0.057579,0.6167,,C,70803.5,16216.8
2024-05-29,0.32968,90000,70803.5,0.239901,0.6337,,C,70803.5,14471.8
2024-05-29,0.32968,100000,70803.5,0.345261,0.6495,,C,70803.5,12339.9
2024-05-29,0.578995,56000,73181.2,-0.267587,0.6548,,P,73181.2,16309.2
2024-05-29,0.578995,58000,73181.2,-0.232496,0.6685,,P,73181.2,17248.5
2024-05-29,0.578995,65000,73181.2,-0.118551,0.6594,,P,73181.2,19729.4
2024-05-29,0.578995,70000,73181.2,-0.0444434,0.6559,,P,73181.2,20977.4
2024-05-29,0.578995,80000,73181.2,0.089088,0.6654,,C,73181.2,22148.9
2024-05-29,0.578995,85000,73181.2,0.149713,0.6775,,C,73181.2,22203.2
2024-05-29,0.578995,95000,73181.2,0.260938,0.6783,,C,73181.2,21544.9
2024-05-29,0.578995,100000,73181.2,0.312232,0.6826,,C,73181.2,20957.2
2024-05-29,0.828311,55000,75234.7,-0.313279,0.6742,,P,75234.7,19559.3
2024-05-29,0.828311,60000,75234.7,-0.226267,0.6753,,P,75234.7,21744.7
2024-05-29,0.828311,65000,75234.7,-0.146225,0.6819,,P,75234.7,23534.7
2024-05-29,0.828311,80000,75234.7,0.0614146,0.6899,,C,75234.7,26685.8
2024-05-29,0.828311,85000,75234.7,0.122039,0.6929,,C,75234.7,27114.6
2024-05-29,0.828311,90000,75234.7,0.179198,0.6993,,C,75234.7,27298.1
2024-05-29,0.828311,100000,75234.7,0.284558,0.6981,,C,75234.7,27085.9
2024-06-05,0.0228311,54000,71357.1,-0.278713,0.7655,,P,71357.1,204.901
2024-06-05,0.0228311,62000,71357.1,-0.140563,0.5838,,P,71357.1,1125.38
2024-06-05,0.0228311,66000,71357.1,-0.0780424,0.5233,,P,71357.1,2539.72
2024-06-05,0.0228311,70000,71357.1,-0.0192019,0.5008,,P,71357.1,4122.37
2024-06-05,0.0228311,74000,71357.1,0.036368,0.5289,,C,71357.1,3946.31
2024-06-05,0.0228311,80000,71357.1,0.11433,0.5646,,C,71357.1,1853.71
2024-06-05,0.0228311,88000,71357.1,0.20964,0.6194,,C,71357.1,388.278
2024-06-05,0.0228311,96000,71357.1,0.296651,0.678,,C,71357.1,75.2772
2024-06-05,0.0420091,54000,71552.3,-0.281445,0.6626,,P,71552.3,592.232
2024-06-05,0.0420091,62000,71552.3,-0.143294,0.5452,,P,71552.3,2389.67
2024-06-05,0.0420091,66000,71552.3,-0.0807741,0.5138,,P,71552.3,4181.31
2024-06-05,0.0420091,70000,71552.3,-0.0219336,0.5278,,P,71552.3,5660.84
2024-06-05,0.0420091,75000,71552.3,0.0470593,0.5343,,C,71552.3,5453.49
2024-06-05,0.0420091,82000,71552.3,0.13629,0.5821,,C,71552.3,3255.84
2024-06-05,0.0420091,90000,71552.3,0.229381,0.604,,C,71552.3,1176.73
2024-06-05,0.0420091,98000,71552.3,0.314539,0.6666,,C,71552.3,482.635
2024-06-05,0.0611872,51000,71745.4,-0.341298,0.6712,,P,71745.4,719.144
2024-06-05,0.0611872,54000,71745.4,-0.28414,0.6269,,P,71745.4,1142.8
2024-06-05,0.0611872,58000,71745.4,-0.212681,0.5902,,P,71745.4,2197.11
2024-06-05,0.0611872,64000,71745.4,-0.114241,0.5398,,P,71745.4,4627.07
2024-06-05,0.0611872,68000,71745.4,-0.0536163,0.5239,,P,71745.4,6314.08
2024-06-05,0.0611872,74000,71745.4,0.0309411,0.534,,C,71745.4,6980.58
2024-06-05,0.0611872,85000,71745.4,0.169527,0.5663,,C,71745.4,3696.1
2024-06-05,0.0611872,100000,71745.4,0.332046,0.6283,,C,71745.4,850.428
2024-06-05,0.1379,52000,72660.4,-0.334553,0.599,,P,72660.4,2920.43
2024-06-05,0.1379,57000,72660.4,-0.242745,0.5816,,P,72660.4,5040.04
2024-06-05,0.1379,63000,72660.4,-0.142662,0.5662,,P,72660.4,7918.47
2024-06-05,0.1379,68000,72660.4,-0.0662888,0.5618,,P,72660.4,9847.11
2024-06-05,0.1379,73000,72660.4,0.00466295,0.5663,,C,72660.4,10727.4
2024-06-05,0.1379,78000,72660.4,0.0709123,0.5742,,C,72660.4,10493.1
2024-06-05,0.1379,86000,72660.4,0.168551,0.5908,,C,72660.4,8665.84
2024-06-05,0.1379,100000,72660.4,0.319374,0.6139,,C,72660.4,4702.6
2024-06-05,0.23379,52000,73555.2,-0.346792,0.6016,,P,73555.2,5799.6
2024-06-05,0.23379,61000,73555.2,-0.187162,0.577,,P,73555.2,10217.5
2024-06-05,0.23379,65000,73555.2,-0.123649,0.5796,,P,73555.2,11982.6
2024-06-05,0.23379,70000,73555.2,-0.0495407,0.5797,,P,73555.2,13493.7
2024-06-05,0.23379,75000,73555.2,0.0194522,0.5932,,C,73555.2,14148
2024-06-05,0.23379,80000,73555.2,0.0839907,0.5964,,C,73555.2,14035.9
2024-06-05,0.23379,88000,73555.2,0.179301,0.6132,,C,73555.2,12784.6
2024-06-05,0.23379,100000,73555.2,0.307134,0.6331,,C,73555.2,9884.34
2024-06-05,0.310502,53000,74394,-0.339083,0.6001,,P,74394,8231.83
2024-06-05,0.310502,55000,74394,-0.302042,0.6006,,P,74394,9331.31
2024-06-05,0.310502,58000,74394,-0.248932,0.599,,P,74394,10904.3
2024-06-05,0.310502,60000,74394,-0.215031,0.5905,,P,74394,11835.1
2024-06-05,0.310502,70000,74394,-0.06088,0.6028,,P,74394,15559.7
2024-06-05,0.310502,80000,74394,0.0726514,0.6131,,C,74394,16523.4
2024-06-05,0.310502,95000,74394,0.244502,0.6329,,C,74394,14469.4
2024-06-05,0.310502,105000,74394,0.344585,0.6467,,C,74394,12237.8
2024-06-05,0.559817,55000,76918.9,-0.335419,0.6339,,P,76918.9,14700
2024-06-05,0.559817,57000,76918.9,-0.299701,0.6343,,P,76918.9,15742.2
2024-06-05,0.559817,60000,76918.9,-0.248407,0.6334,,P,76918.9,17185.9
2024-06-05,0.559817,62000,76918.9,-0.215617,0.6391,,P,76918.9,18096
2024-06-05,0.559817,70000,76918.9,-0.0942566,0.6451,,P,76918.9,20872.3
2024-06-05,0.559817,80000,76918.9,0.0392748,0.6453,,C,76918.9,22667.5
2024-06-05,0.559817,95000,76918.9,0.211125,0.6663,,C,76918.9,22613.9
2024-06-05,0.559817,105000,76918.9,0.311209,0.6683,,C,76918.9,21421.9
2024-06-05,0.809132,60000,78955.1,-0.274535,0.6589,,P,78955.1,21233.7
2024-06-05,0.809132,65000,78955.1,-0.194493,0.6504,,P,78955.1,23307
2024-06-05,0.809132,70000,78955.1,-0.120385,0.6569,,P,78955.1,25014.5
2024-06-05,0.809132,75000,78955.1,-0.0513917,0.6548,,P,78955.1,26342.3
2024-06-05,0.809132,80000,78955.1,0.0131468,0.6613,,C,78955.1,27279.7
2024-06-05,0.809132,85000,78955.1,0.0737714,0.6705,,C,78955.1,27882
2024-06-05,0.809132,90000,78955.1,0.13093,0.6784,,C,78955.1,28217.6
2024-06-05,0.809132,100000,78955.1,0.23629,0.6848,,C,78955.1,28252.7
2024-06-12,0.0228311,54000,68417.9,-0.23665,0.7095,,P,68417.9,320.041
2024-06-12,0.0228311,60000,68417.9,-0.13129,0.5377,,P,68417.9,1045.78
2024-06-12,0.0228311,65000,68417.9,-0.0512468,0.4508,,P,68417.9,3027.27
2024-06-12,0.0228311,68000,68417.9,-0.00612637,0.4454,,P,68417.9,4092.3
2024-06-12,0.0228311,72000,68417.9,0.051032,0.4431,,C,68417.9,3162.45
2024-06-12,0.0228311,75000,68417.9,0.091854,0.4817,,C,68417.9,1946.09
2024-06-12,0.0228311,82000,68417.9,0.181085,0.553,,C,68417.9,430.941
2024-06-12,0.0228311,88000,68417.9,0.251703,0.6252,,C,68417.9,134.256
2024-06-12,0.0420091,49000,68593.8,-0.336382,0.7752,,P,68593.8,502.511
2024-06-12,0.0420091,54000,68593.8,-0.239219,0.6138,,P,68593.8,814.56
2024-06-12,0.0420091,57000,68593.8,-0.185151,0.5631,,P,68593.8,1409.58
2024-06-12,0.0420091,62000,68593.8,-0.101068,0.4855,,P,68593.8,3179.62
2024-06-12,0.0420091,68000,68593.8,-0.00869494,0.4472,,P,68593.8,5553.53
2024-06-12,0.0420091,74000,68593.8,0.0758625,0.4721,,C,68593.8,4279.16
2024-06-12,0.0420091,80000,68593.8,0.153824,0.5182,,C,68593.8,2119.25
2024-06-12,0.0420091,95000,68593.8,0.325674,0.6951,,C,68593.8,482.814
2024-06-12,0.118721,50000,69407,-0.327964,0.5968,,P,69407,2257.92
2024-06-12,0.118721,56000,69407,-0.214636,0.5229,,P,69407,4197.95
2024-06-12,0.118721,62000,69407,-0.112853,0.5295,,P,69407,7416.19
2024-06-12,0.118721,67000,69407,-0.0352946,0.5139,,P,69407,9153.43
2024-06-12,0.118721,72000,69407,0.0366789,0.527,,C,69407,9481.84
2024-06-12,0.118721,77000,69407,0.103818,0.525,,C,69407,8488.3
2024-06-12,0.118721,85000,69407,0.202664,0.549,,C,69407,5920.99
2024-06-12,0.118721,95000,69407,0.31389,0.5817,,C,69407,3258.23
2024-06-12,0.214612,50000,70289.2,-0.340595,0.5665,,P,70289.2,4679.33
2024-06-12,0.214612,60000,70289.2,-0.158273,0.5541,,P,70289.2,9842.96
2024-06-12,0.214612,64000,70289.2,-0.0937346,0.543,,P,70289.2,11473.2
2024-06-12,0.214612,69000,70289.2,-0.0185112,0.5394,,P,70289.2,12735.7
2024-06-12,0.214612,74000,70289.2,0.0514474,0.562,,C,70289.2,12961
2024-06-12,0.214612,79000,70289.2,0.11683,0.5766,,C,70289.2,12404.6
2024-06-12,0.214612,86000,70289.2,0.20173,0.5735,,C,70289.2,10676
2024-06-12,0.214612,95000,70289.2,0.301259,0.5902,,C,70289.2,8153.84
2024-06-12,0.291324,51000,71039.2,-0.331406,0.577,,P,71039.2,7268.99
2024-06-12,0.291324,54000,71039.2,-0.274247,0.5712,,P,71039.2,8872.77
2024-06-12,0.291324,56000,71039.2,-0.23788,0.5815,,P,71039.2,10066
2024-06-12,0.291324,59000,71039.2,-0.185694,0.5878,,P,71039.2,11599
2024-06-12,0.291324,62000,71039.2,-0.136097,0.5905,,P,71039.2,12880.5
2024-06-12,0.291324,75000,71039.2,0.0542566,0.587,,C,71039.2,15295.4
2024-06-12,0.291324,85000,71039.2,0.17942,0.5969,,C,71039.2,14144.1
2024-06-12,0.291324,100000,71039.2,0.341939,0.6181,,C,71039.2,10584.9
2024-06-12,0.540639,55000,72915.6,-0.281969,0.6223,,P,72915.6,14966.8
2024-06-12,0.540639,59000,72915.6,-0.211765,0.6212,,P,72915.6,16834.4
2024-06-12,0.540639,61000,72915.6,-0.178429,0.629,,P,72915.6,17681
2024-06-12,0.540639,63000,72915.6,-0.146168,0.6268,,P,72915.6,18410.8
2024-06-12,0.540639,70000,72915.6,-0.0408074,0.6333,,P,72915.6,20318.2
2024-06-12,0.540639,80000,72915.6,0.092724,0.6476,,C,72915.6,21368.6
2024-06-12,0.540639,90000,72915.6,0.210507,0.6524,,C,72915.6,20969.4
2024-06-12,0.540639,100000,72915.6,0.315868,0.6647,,C,72915.6,19729.1
2024-06-12,0.789954,60000,74493.9,-0.216373,0.6495,,P,74493.9,21195.8
2024-06-12,0.789954,65000,74493.9,-0.13633,0.6436,,P,74493.9,23021.3
2024-06-12,0.789954,70000,74493.9,-0.0622224,0.6661,,P,74493.9,24372.2
2024-06-12,0.789954,75000,74493.9,0.0067705,0.6616,,C,74493.9,25380.6
2024-06-12,0.789954,80000,74493.9,0.071309,0.6673,,C,74493.9,26006.5
2024-06-12,0.789954,85000,74493.9,0.131934,0.6671,,C,74493.9,26341.8
2024-06-12,0.789954,90000,74493.9,0.189092,0.6748,,C,74493.9,26410.7
2024-06-12,0.789954,100000,74493.9,0.294453,0.6848,,C,74493.9,25991.9
2024-06-19,0.0228311,47000,65176.6,-0.326953,0.8847,,P,65176.6,167.226
2024-06-19,0.0228311,52000,65176.6,-0.225857,0.7018,,P,65176.6,362.69
2024-06-19,0.0228311,55000,65176.6,-0.169768,0.5969,,P,65176.6,613.182
2024-06-19,0.0228311,60000,65176.6,-0.0827562,0.4715,,P,65176.6,1918.76
2024-06-19,0.0228311,66000,65176.6,0.012554,0.4262,,C,65176.6,3877.16
2024-06-19,0.0228311,70000,65176.6,0.0713945,0.4442,,C,65176.6,2311.14
2024-06-19,0.0228311,75000,65176.6,0.140387,0.5333,,C,65176.6,923.235
2024-06-19,0.0228311,90000,65176.6,0.322709,0.8198,,C,65176.6,154.782
2024-06-19,0.0420091,52000,65225.4,-0.226605,0.5894,,P,65225.4,818.342
2024-06-19,0.0420091,60000,65225.4,-0.0835044,0.4644,,P,65225.4,3477.34
2024-06-19,0.0420091,64000,65225.4,-0.0189659,0.4567,,P,65225.4,5170
2024-06-19,0.0420091,68000,65225.4,0.0416588,0.4442,,C,65225.4,4899.27
2024-06-19,0.0420091,71000,65225.4,0.0848309,0.4652,,C,65225.4,3741.45
2024-06-19,0.0420091,76000,65225.4,0.152884,0.49,,C,65225.4,1804.87
2024-06-19,0.0420091,84000,65225.4,0.252968,0.5703,,C,65225.4,580.974
2024-06-19,0.0420091,92000,65225.4,0.34394,0.6682,,C,65225.4,269.877
2024-06-19,0.0995434,48000,65636.6,-0.312932,0.5812,,P,65636.6,1640.16
2024-06-19,0.0995434,55000,65636.6,-0.1768,0.51,,P,65636.6,4121.97
2024-06-19,0.0995434,61000,65636.6,-0.0732594,0.4895,,P,65636.6,7095.75
2024-06-19,0.0995434,66000,65636.6,0.00552148,0.4916,,C,65636.6,8254.3
2024-06-19,0.0995434,71000,65636.6,0.0785466,0.4853,,C,65636.6,7511.06
2024-06-19,0.0995434,76000,65636.6,0.1466,0.5006,,C,65636.6,5760.51
2024-06-19,0.0995434,84000,65636.6,0.246684,0.5263,,C,65636.6,3089.51
2024-06-19,0.0995434,92000,65636.6,0.337655,0.56,,C,65636.6,1568.97
2024-06-19,0.195434,50000,66423.1,-0.284021,0.5462,,P,66423.1,5051.87
2024-06-19,0.195434,59000,66423.1,-0.118507,0.5307,,P,66423.1,9651.68
2024-06-19,0.195434,63000,66423.1,-0.0529096,0.5294,,P,66423.1,11045.1
2024-06-19,0.195434,68000,66423.1,0.0234633,0.5369,,C,66423.1,11712.3
2024-06-19,0.195434,72000,66423.1,0.0806217,0.5347,,C,66423.1,11427.3
2024-06-19,0.195434,78000,66423.1,0.160664,0.556,,C,66423.1,10175.6
2024-06-19,0.195434,84000,66423.1,0.234772,0.5661,,C,66423.1,8417.99
2024-06-19,0.195434,94000,66423.1,0.34725,0.5803,,C,66423.1,5529.63
2024-06-19,0.272146,49000,67004.5,-0.312939,0.5687,,P,67004.5,6762.04
2024-06-19,0.272146,52000,67004.5,-0.253516,0.5627,,P,67004.5,8370.02
2024-06-19,0.272146,54000,67004.5,-0.215776,0.5606,,P,67004.5,9434.26
2024-06-19,0.272146,58000,67004.5,-0.144317,0.5605,,P,67004.5,11364.2
2024-06-19,0.272146,60000,67004.5,-0.110415,0.5613,,P,67004.5,12159.3
2024-06-19,0.272146,70000,67004.5,0.0437355,0.5662,,C,67004.5,13944.9
2024-06-19,0.272146,80000,67004.5,0.177267,0.5804,,C,67004.5,12691.1
2024-06-19,0.272146,95000,67004.5,0.349117,0.6105,,C,67004.5,8990.61
2024-06-19,0.521461,49000,68990.7,-0.342152,0.6119,,P,68990.7,12112
2024-06-19,0.521461,55000,68990.7,-0.226639,0.6166,,P,68990.7,15208.1
2024-06-19,0.521461,57000,68990.7,-0.190921,0.6079,,P,68990.7,16044.2
2024-06-19,0.521461,60000,68990.7,-0.139628,0.6187,,P,68990.7,17216.6
2024-06-19,0.521461,62000,68990.7,-0.106838,0.6201,,P,68990.7,17859.4
2024-06-19,0.521461,70000,68990.7,0.0145231,0.6249,,C,68990.7,19506.8
2024-06-19,0.521461,80000,68990.7,0.148055,0.6395,,C,68990.7,19795.4
2024-06-19,0.521461,95000,68990.7,0.319905,0.6517,,C,68990.7,18005.9
2024-06-19,0.770776,50000,70729.4,-0.346839,0.6281,,P,70729.4,16453
2024-06-19,0.770776,65000,70729.4,-0.0844748,0.651,,P,70729.4,22550.4
2024-06-19,0.770776,70000,70729.4,-0.0103668,0.642,,P,70729.4,23681.2
2024-06-19,0.770776,75000,70729.4,0.0586261,0.6513,,C,70729.4,24359.8
2024-06-19,0.770776,80000,70729.4,0.123165,0.6482,,C,70729.4,24715.4
2024-06-19,0.770776,85000,70729.4,0.183789,0.6652,,C,70729.4,24766.4
2024-06-19,0.770776,90000,70729.4,0.240948,0.6556,,C,70729.4,24561.7
2024-06-19,0.770776,100000,70729.4,0.346308,0.6778,,C,70729.4,23790.7
2024-06-26,0.0228311,52000,61039,-0.160269,0.5496,,P,61039,527.005
2024-06-26,0.0228311,57000,61039,-0.0684617,0.4617,,P,61039,2195.46
2024-06-26,0.0228311,61000,61039,-0.000639081,0.4103,,P,61039,3676.29
2024-06-26,0.0228311,64000,61039,0.0473701,0.4079,,C,61039,2802.78
2024-06-26,0.0228311,67000,61039,0.0931797,0.4446,,C,61039,1472.33
2024-06-26,0.0228311,70000,61039,0.136982,0.4747,,C,61039,635.709
2024-06-26,0.0228311,74000,61039,0.192552,0.5461,,C,61039,265.937
2024-06-26,0.0228311,80000,61039,0.270514,0.7041,,C,61039,165.959
2024-06-26,0.0420091,48000,61119.6,-0.241632,0.575,,P,61119.6,540.412
2024-06-26,0.0420091,56000,61119.6,-0.0874809,0.4574,,P,61119.6,3091.79
2024-06-26,0.0420091,59000,61119.6,-0.0352951,0.4312,,P,61119.6,4529.41
2024-06-26,0.0420091,63000,61119.6,0.0303021,0.4239,,C,61119.6,4770.01
2024-06-26,0.0420091,66000,61119.6,0.0768222,0.4389,,C,61119.6,3602.82
2024-06-26,0.0420091,70000,61119.6,0.135663,0.4627,,C,61119.6,1920.33
2024-06-26,0.0420091,74000,61119.6,0.191233,0.4986,,C,61119.6,953.549
2024-06-26,0.0420091,84000,61119.6,0.317984,0.6125,,C,61119.6,236.466
2024-06-26,0.0803653,44000,61361.6,-0.332595,0.6043,,P,61361.6,889.283
2024-06-26,0.0803653,52000,61361.6,-0.165541,0.4958,,P,61361.6,3184.95
2024-06-26,0.0803653,58000,61361.6,-0.0563413,0.4608,,P,61361.6,6134.6
2024-06-26,0.0803653,63000,61361.6,0.0263504,0.4535,,C,61361.6,6871.37
2024-06-26,0.0803653,68000,61361.6,0.102723,0.467,,C,61361.6,5394.62
2024-06-26,0.0803653,73000,61361.6,0.173675,0.4912,,C,61361.6,3469.07
2024-06-26,0.0803653,79000,61361.6,0.252664,0.5291,,C,61361.6,1900.3
2024-06-26,0.0803653,86000,61361.6,0.337563,0.5771,,C,61361.6,974.357
2024-06-26,0.176256,45000,61934.5,-0.319414,0.5386,,P,61934.5,3239.51
2024-06-26,0.176256,55000,61934.5,-0.118744,0.5068,,P,61934.5,8318.37
2024-06-26,0.176256,60000,61934.5,-0.0317324,0.5038,,P,61934.5,10039.4
2024-06-26,0.176256,65000,61934.5,0.0483103,0.5088,,C,61934.5,10299.6
2024-06-26,0.176256,69000,61934.5,0.10803,0.5194,,C,61934.5,9627.1
2024-06-26,0.176256,74000,61934.5,0.177988,0.5294,,C,61934.5,8177.54
2024-06-26,0.176256,79000,61934.5,0.243371,0.5437,,C,61934.5,6593.03
2024-06-26,0.176256,86000,61934.5,0.32827,0.5725,,C,61934.5,4775.26
2024-06-26,0.252968,45000,62555.6,-0.329394,0.5544,,P,62555.6,5247.35
2024-06-26,0.252968,48000,62555.6,-0.264855,0.551,,P,62555.6,6897.48
2024-06-26,0.252968,51000,62555.6,-0.204231,0.5358,,P,62555.6,8427.56
2024-06-26,0.252968,55000,62555.6,-0.128723,0.5345,,P,62555.6,10400.4
2024-06-26,0.252968,57000,62555.6,-0.0930052,0.5356,,P,62555.6,11186.4
2024-06-26,0.252968,60000,62555.6,-0.0417119,0.5396,,P,62555.6,12037.2
2024-06-26,0.252968,70000,62555.6,0.112439,0.5519,,C,62555.6,12114.7
2024-06-26,0.252968,85000,62555.6,0.306595,0.5822,,C,62555.6,8367.15
2024-06-26,0.502283,46000,64461.6,-0.337429,0.6015,,P,64461.6,11002.7
2024-06-26,0.502283,49000,64461.6,-0.27425,0.6015,,P,64461.6,12629.8
2024-06-26,0.502283,53000,64461.6,-0.195778,0.6029,,P,64461.6,14543.7
2024-06-26,0.502283,56000,64461.6,-0.140718,0.6044,,P,64461.6,15730.2
2024-06-26,0.502283,59000,64461.6,-0.0885325,0.6052,,P,64461.6,16681
2024-06-26,0.502283,62000,64461.6,-0.0389356,0.6101,,P,64461.6,17390.8
2024-06-26,0.502283,75000,64461.6,0.151418,0.6259,,C,64461.6,18096
2024-06-26,0.502283,90000,64461.6,0.33374,0.6493,,C,64461.6,16122.9
2024-06-26,0.751598,50000,66405.8,-0.283761,0.6275,,P,66405.8,16762.7
2024-06-26,0.751598,55000,66405.8,-0.18845,0.6261,,P,66405.8,18967.9
2024-06-26,0.751598,65000,66405.8,-0.0213964,0.6382,,P,66405.8,21853.4
2024-06-26,0.751598,70000,66405.8,0.0527116,0.6407,,C,66405.8,22586.6
2024-06-26,0.751598,75000,66405.8,0.121704,0.6513,,C,66405.8,22916.1
2024-06-26,0.751598,80000,66405.8,0.186243,0.6562,,C,66405.8,22946.1
2024-06-26,0.751598,90000,66405.8,0.304026,0.6679,,C,66405.8,22338.9
2024-07-03,0.0228311,48000,60254.2,-0.227372,0.673,,P,60254.2,265.841
2024-07-03,0.0228311,54000,60254.2,-0.109589,0.5342,,P,60254.2,1366.91
2024-07-03,0.0228311,59000,60254.2,-0.0210354,0.4361,,P,60254.2,3413.72
2024-07-03,0.0228311,62000,60254.2,0.0285615,0.4243,,C,60254.2,3334.59
2024-07-03,0.0228311,66000,60254.2,0.0910819,0.4611,,C,60254.2,1616.46
2024-07-03,0.0228311,69000,60254.2,0.135534,0.4917,,C,60254.2,735.616
2024-07-03,0.0228311,74000,60254.2,0.205492,0.6085,,C,60254.2,330.866
2024-07-03,0.0228311,80000,60254.2,0.283454,0.6694,,C,60254.2,82.3711
2024-07-03,0.0420091,48000,60375.2,-0.229377,0.5939,,P,60375.2,744.348
2024-07-03,0.0420091,54000,60375.2,-0.111594,0.48,,P,60375.2,2450.72
2024-07-03,0.0420091,59000,60375.2,-0.0230405,0.4492,,P,60375.2,4724.74
2024-07-03,0.0420091,62000,60375.2,0.0265564,0.4226,,C,60375.2,4768.56
2024-07-03,0.0420091,65000,60375.2,0.0738093,0.4286,,C,60375.2,3595.45
2024-07-03,0.0420091,68000,60375.2,0.11893,0.4352,,C,60375.2,2151.84
2024-07-03,0.0420091,76000,60375.2,0.230155,0.516,,C,60375.2,518.121
2024-07-03,0.0420091,82000,60375.2,0.306141,0.5864,,C,60375.2,224.015
2024-07-03,0.0611872,44000,60377.5,-0.316428,0.6219,,P,60377.5,611.451
2024-07-03,0.0611872,52000,60377.5,-0.149373,0.4941,,P,60377.5,2615.3
2024-07-03,0.0611872,57000,60377.5,-0.0575659,0.4468,,P,60377.5,5047.09
2024-07-03,0.0611872,62000,60377.5,0.0265172,0.4262,,C,60377.5,5841.61
2024-07-03,0.0611872,68000,60377.5,0.11889,0.4367,,C,60377.5,3445.56
2024-07-03,0.0611872,73000,60377.5,0.189842,0.4733,,C,60377.5,1756.45
2024-07-03,0.0611872,78000,60377.5,0.256092,0.492,,C,60377.5,738.602
2024-07-03,0.0611872,85000,60377.5,0.342034,0.5693,,C,60377.5,369.24
2024-07-03,0.157078,45000,60956.7,-0.303502,0.5151,,P,60956.7,2728.29
2024-07-03,0.157078,55000,60956.7,-0.102831,0.4682,,P,60956.7,7818.18
2024-07-03,0.157078,60000,60956.7,-0.0158195,0.458,,P,60956.7,9486.71
2024-07-03,0.157078,65000,60956.7,0.0642232,0.4542,,C,60956.7,9301.14
2024-07-03,0.157078,69000,60956.7,0.123942,0.453,,C,60956.7,8047.6
2024-07-03,0.157078,74000,60956.7,0.193901,0.4662,,C,60956.7,6096.75
2024-07-03,0.157078,79000,60956.7,0.259284,0.4855,,C,60956.7,4405.5
2024-07-03,0.157078,86000,60956.7,0.344183,0.4988,,C,60956.7,2502.61
2024-07-03,0.23379,44000,61153.8,-0.329202,0.5309,,P,61153.8,4360.66
2024-07-03,0.23379,47000,61153.8,-0.263244,0.5139,,P,61153.8,5854.81
2024-07-03,0.23379,50000,61153.8,-0.201369,0.5039,,P,61153.8,7524.34
2024-07-03,0.23379,53000,61153.8,-0.1431,0.5006,,P,61153.8,9153.66
2024-07-03,0.23379,57000,61153.8,-0.0703406,0.4783,,P,61153.8,10801.4
2024-07-03,0.23379,60000,61153.8,-0.0190473,0.4908,,P,61153.8,11565.2
2024-07-03,0.23379,70000,61153.8,0.135103,0.4897,,C,61153.8,10649.8
2024-07-03,0.23379,85000,61153.8,0.329259,0.5122,,C,61153.8,5702.91
2024-07-03,0.483105,45000,62708.2,-0.33183,0.5592,,P,62708.2,10039.8
2024-07-03,0.483105,48000,62708.2,-0.267292,0.5625,,P,62708.2,11814.7
2024-07-03,0.483105,52000,62708.2,-0.187249,0.5513,,P,62708.2,13796.6
2024-07-03,0.483105,55000,62708.2,-0.13116,0.5527,,P,62708.2,15081.7
2024-07-03,0.483105,58000,62708.2,-0.0780497,0.5517,,P,62708.2,16081.6
2024-07-03,0.483105,61000,62708.2,-0.0276189,0.5521,,P,62708.2,16793.4
2024-07-03,0.483105,70000,62708.2,0.110002,0.574,,C,62708.2,17337.8
2024-07-03,0.483105,85000,62708.2,0.304159,0.5879,,C,62708.2,15028.9
2024-07-03,0.73242,50000,64402.4,-0.253128,0.5849,,P,64402.4,16523.3
2024-07-03,0.73242,55000,64402.4,-0.157818,0.5866,,P,64402.4,18740.5
2024-07-03,0.73242,60000,64402.4,-0.0708066,0.5999,,P,64402.4,20341.2
2024-07-03,0.73242,65000,64402.4,0.00923616,0.5981,,C,64402.4,21374.9
2024-07-03,0.73242,75000,64402.4,0.152337,0.6007,,C,64402.4,21971.4
2024-07-03,0.73242,80000,64402.4,0.216876,0.602,,C,64402.4,21696.9
2024-07-03,0.73242,85000,64402.4,0.2775,0.6119,,C,64402.4,21212.3
2024-07-03,0.73242,90000,64402.4,0.334659,0.6207,,C,64402.4,20575.9
2024-07-03,0.981735,50000,66230.5,-0.281119,0.5955,,P,66230.5,19441.5
2024-07-03,0.981735,55000,66230.5,-0.185809,0.6036,,P,66230.5,21739
2024-07-03,0.981735,60000,66230.5,-0.0987972,0.6006,,P,66230.5,23512.7
2024-07-03,0.981735,65000,66230.5,-0.0187545,0.5995,,P,66230.5,24804
2024-07-03,0.981735,70000,66230.5,0.0553534,0.6211,,C,66230.5,25566.4
2024-07-03,0.981735,75000,66230.5,0.124346,0.6151,,C,66230.5,26047.4
2024-07-03,0.981735,80000,66230.5,0.188885,0.6175,,C,66230.5,26179.7
2024-07-03,0.981735,90000,66230.5,0.306668,0.642,,C,66230.5,25829.9
2024-07-10,0.0228311,46000,57754.2,-0.227554,0.8267,,P,57754.2,590.045
2024-07-10,0.0228311,52000,57754.2,-0.104952,0.5889,,P,57754.2,1646.1
2024-07-10,0.0228311,55000,57754.2,-0.0488621,0.5089,,P,57754.2,2774.24
2024-07-10,0.0228311,59000,57754.2,0.0213421,0.4677,,C,57754.2,3359.81
2024-07-10,0.0228311,63000,57754.2,0.0869394,0.4869,,C,57754.2,1807.61
2024-07-10,0.0228311,67000,57754.2,0.148497,0.5018,,C,57754.2,550.514
2024-07-10,0.0228311,72000,57754.2,0.220471,0.6043,,C,57754.2,210.476
2024-07-10,0.0228311,80000,57754.2,0.325831,0.7658,,C,57754.2,77.6212
2024-07-10,0.0420091,44000,57942.3,-0.275258,0.7254,,P,57942.3,741.866
2024-07-10,0.0420091,52000,57942.3,-0.108204,0.5282,,P,57942.3,2719.71
2024-07-10,0.0420091,57000,57942.3,-0.0163969,0.4684,,P,57942.3,4625.76
2024-07-10,0.0420091,62000,57942.3,0.0676863,0.4674,,C,57942.3,3813.96
2024-07-10,0.0420091,66000,57942.3,0.130207,0.4729,,C,57942.3,2048.69
2024-07-10,0.0420091,71000,57942.3,0.203232,0.5297,,C,57942.3,908.152
2024-07-10,0.0420091,76000,57942.3,0.271285,0.5408,,C,57942.3,271.071
2024-07-10,0.0420091,82000,57942.3,0.347271,0.649,,C,57942.3,186.225
2024-07-10,0.1379,44000,58380.5,-0.282793,0.5447,,P,58380.5,2811.21
2024-07-10,0.1379,51000,58380.5,-0.135157,0.4988,,P,58380.5,6167.84
2024-07-10,0.1379,56000,58380.5,-0.0416308,0.4786,,P,58380.5,8209
2024-07-10,0.1379,61000,58380.5,0.0438914,0.4818,,C,58380.5,8544.46
2024-07-10,0.1379,66000,58380.5,0.122672,0.4968,,C,58380.5,7340.72
2024-07-10,0.1379,71000,58380.5,0.195697,0.497,,C,58380.5,5413.27
2024-07-10,0.1379,76000,58380.5,0.263751,0.5105,,C,58380.5,3732.11
2024-07-10,0.1379,82000,58380.5,0.339737,0.522,,C,58380.5,2196.23
2024-07-10,0.214612,42000,58814.2,-0.336714,0.5354,,P,58814.2,3627.21
2024-07-10,0.214612,45000,58814.2,-0.267721,0.518,,P,58814.2,5066.2
2024-07-10,0.214612,49000,58814.2,-0.182564,0.5143,,P,58814.2,7345.12
2024-07-10,0.214612,52000,58814.2,-0.12314,0.5042,,P,58814.2,8834.17
2024-07-10,0.214612,55000,58814.2,-0.0670508,0.5042,,P,58814.2,10018.5
2024-07-10,0.214612,58000,58814.2,-0.0139409,0.504,,P,58814.2,10701.8
2024-07-10,0.214612,65000,58814.2,0.100003,0.5168,,C,58814.2,10397.7
2024-07-10,0.214612,80000,58814.2,0.307643,0.5479,,C,58814.2,6032.89
2024-07-10,0.463927,43000,60489.7,-0.341273,0.5845,,P,60489.7,9408.92
2024-07-10,0.463927,46000,60489.7,-0.273832,0.5818,,P,60489.7,11069.9
2024-07-10,0.463927,50000,60489.7,-0.19045,0.5753,,P,60489.7,13026.6
2024-07-10,0.463927,53000,60489.7,-0.132181,0.5846,,P,60489.7,14275
2024-07-10,0.463927,57000,60489.7,-0.0594219,0.5784,,P,60489.7,15472
2024-07-10,0.463927,61000,60489.7,0.00840067,0.5847,,C,60489.7,16178.3
2024-07-10,0.463927,70000,60489.7,0.146022,0.5963,,C,60489.7,16236.8
2024-07-10,0.463927,85000,60489.7,0.340178,0.6161,,C,60489.7,13722.3
2024-07-10,0.713242,45000,63107.9,-0.338184,0.6101,,P,63107.9,14002.9
2024-07-10,0.713242,50000,63107.9,-0.232823,0.6079,,P,63107.9,16523
2024-07-10,0.713242,55000,63107.9,-0.137513,0.6099,,P,63107.9,18529.8
2024-07-10,0.713242,60000,63107.9,-0.0505015,0.6221,,P,63107.9,19936.8
2024-07-10,0.713242,70000,63107.9,0.103649,0.6254,,C,63107.9,21213.5
2024-07-10,0.713242,75000,63107.9,0.172642,0.6219,,C,63107.9,21216
2024-07-10,0.713242,80000,63107.9,0.237181,0.6324,,C,63107.9,20931.8
2024-07-10,0.713242,85000,63107.9,0.297805,0.6358,,C,63107.9,20409.5
2024-07-10,0.962557,45000,63612.4,-0.346146,0.6208,,P,63612.4,17010.8
2024-07-10,0.962557,55000,63612.4,-0.145475,0.6272,,P,63612.4,21472.5
2024-07-10,0.962557,60000,63612.4,-0.058464,0.629,,P,63612.4,22953.4
2024-07-10,0.962557,65000,63612.4,0.0215787,0.6335,,C,63612.4,23967.3
2024-07-10,0.962557,70000,63612.4,0.0956867,0.6434,,C,63612.4,24565.3
2024-07-10,0.962557,75000,63612.4,0.16468,0.6443,,C,63612.4,24859.7
2024-07-10,0.962557,80000,63612.4,0.229218,0.6497,,C,63612.4,24877.2
2024-07-10,0.962557,90000,63612.4,0.347001,0.6568,,C,63612.4,24322.3
2024-07-17,0.0228311,46000,64480,-0.337713,1.0305,,P,64480,311.51
2024-07-17,0.0228311,54000,64480,-0.17737,0.7279,,P,64480,967.58
2024-07-17,0.0228311,60000,64480,-0.0720099,0.5548,,P,64480,2590.3
2024-07-17,0.0228311,65000,64480,0.00803279,0.529,,C,64480,3879.74
2024-07-17,0.0228311,70000,64480,0.0821408,0.5571,,C,64480,2513.53
2024-07-17,0.0228311,75000,64480,0.151134,0.6024,,C,64480,1055.13
2024-07-17,0.0228311,82000,64480,0.240365,0.7198,,C,64480,380.683
2024-07-17,0.0228311,90000,64480,0.333455,0.8195,,C,64480,122.024
2024-07-17,0.0420091,46000,64602.7,-0.339615,0.8788,,P,64602.7,750.493
2024-07-17,0.0420091,53000,64602.7,-0.197965,0.6651,,P,64602.7,1663
2024-07-17,0.0420091,58000,64602.7,-0.107814,0.568,,P,64602.7,3254.24
2024-07-17,0.0420091,62000,64602.7,-0.0411224,0.5701,,P,64602.7,4855.87
2024-07-17,0.0420091,67000,64602.7,0.0364358,0.5762,,C,64602.7,5120.57
2024-07-17,0.0420091,72000,64602.7,0.108409,0.5889,,C,64602.7,3718.88
2024-07-17,0.0420091,82000,64602.7,0.238462,0.6711,,C,64602.7,1321.12
2024-07-17,0.0420091,90000,64602.7,0.331553,0.7176,,C,64602.7,490.013
2024-07-17,0.118721,48000,65294.1,-0.3077,0.639,,P,65294.1,2880.65
2024-07-17,0.118721,54000,65294.1,-0.189917,0.579,,P,65294.1,5162.51
2024-07-17,0.118721,60000,65294.1,-0.0845567,0.5621,,P,65294.1,7785.04
2024-07-17,0.118721,65000,65294.1,-0.00451398,0.5692,,P,65294.1,8909.74
2024-07-17,0.118721,71000,65294.1,0.0837786,0.5854,,C,65294.1,8542.21
2024-07-17,0.118721,76000,65294.1,0.151832,0.5936,,C,65294.1,7312.79
2024-07-17,0.118721,84000,65294.1,0.251916,0.6212,,C,65294.1,5063.7
2024-07-17,0.118721,92000,65294.1,0.342887,0.656,,C,65294.1,3349.8
2024-07-17,0.195434,47000,65939.2,-0.338585,0.6178,,P,65939.2,4510.78
2024-07-17,0.195434,50000,65939.2,-0.27671,0.5913,,P,65939.2,5733.66
2024-07-17,0.195434,53000,65939.2,-0.218441,0.5792,,P,65939.2,7186.56
2024-07-17,0.195434,56000,65939.2,-0.163381,0.5792,,P,65939.2,8671.75
2024-07-17,0.195434,58000,65939.2,-0.12829,0.5755,,P,65939.2,9527.26
2024-07-17,0.195434,62000,65939.2,-0.0615984,0.574,,P,65939.2,10861.4
2024-07-17,0.195434,75000,65939.2,0.128755,0.601,,C,65939.2,10931.6
2024-07-17,0.195434,90000,65939.2,0.311077,0.633,,C,65939.2,7252.93
2024-07-17,0.444749,48000,68049.9,-0.34904,0.619,,P,68049.9,10411.4
2024-07-17,0.444749,51000,68049.9,-0.288415,0.6181,,P,68049.9,12012.6
2024-07-17,0.444749,54000,68049.9,-0.231256,0.6111,,P,68049.9,13447.5
2024-07-17,0.444749,57000,68049.9,-0.177189,0.6182,,P,68049.9,14790.4
2024-07-17,0.444749,61000,68049.9,-0.109367,0.6272,,P,68049.9,16207
2024-07-17,0.444749,65000,68049.9,-0.0458533,0.6328,,P,68049.9,17203.1
2024-07-17,0.444749,80000,68049.9,0.161786,0.6415,,C,68049.9,17862.2
2024-07-17,0.444749,95000,68049.9,0.333636,0.668,,C,68049.9,15764.2
2024-07-17,0.694064,50000,70400.5,-0.342177,0.6169,,P,70400.5,15285.8
2024-07-17,0.694064,55000,70400.5,-0.246867,0.619,,P,70400.5,17839.4
2024-07-17,0.694064,65000,70400.5,-0.0798127,0.6389,,P,70400.5,21458.1
2024-07-17,0.694064,70000,70400.5,-0.00570474,0.6437,,P,70400.5,22506.6
2024-07-17,0.694064,75000,70400.5,0.0632881,0.6513,,C,70400.5,23120.2
2024-07-17,0.694064,80000,70400.5,0.127827,0.6519,,C,70400.5,23383
2024-07-17,0.694064,85000,70400.5,0.188451,0.6543,,C,70400.5,23335.8
2024-07-17,0.694064,90000,70400.5,0.24561,0.6695,,C,70400.5,23095.3
2024-07-17,0.943379,70000,71549.3,-0.0218911,0.6565,,P,71549.3,26048.1
2024-07-17,0.943379,75000,71549.3,0.0471018,0.6582,,C,71549.3,26898
2024-07-17,0.943379,90000,71549.3,0.229423,0.6613,,C,71549.3,27706.2
2024-07-17,0.943379,100000,71549.3,0.334784,0.6792,,C,71549.3,27290.2
2024-07-24,0.0228311,50000,65750.4,-0.273843,0.8593,,P,65750.4,373.052
2024-07-24,0.0228311,55000,65750.4,-0.178533,0.7203,,P,65750.4,942.664
2024-07-24,0.0228311,60000,65750.4,-0.0915216,0.6376,,P,65750.4,2408.4
2024-07-24,0.0228311,64000,65750.4,-0.0269831,0.6451,,P,65750.4,3758.86
2024-07-24,0.0228311,68000,65750.4,0.0336415,0.6705,,C,65750.4,3809.57
2024-07-24,0.0228311,72000,65750.4,0.0907999,0.7094,,C,65750.4,2892.99
2024-07-24,0.0228311,82000,65750.4,0.220853,0.8888,,C,65750.4,1142.34
2024-07-24,0.0228311,90000,65750.4,0.313943,0.9862,,C,65750.4,502.581
2024-07-24,0.0420091,50000,65878.1,-0.275783,0.7371,,P,65878.1,884.322
2024-07-24,0.0420091,58000,65878.1,-0.127363,0.6217,,P,65878.1,3060.9
2024-07-24,0.0420091,62000,65878.1,-0.0606712,0.5979,,P,65878.1,4614.32
2024-07-24,0.0420091,66000,65878.1,0.00184917,0.6145,,C,65878.1,5380.42
2024-07-24,0.0420091,71000,65878.1,0.0748743,0.6394,,C,65878.1,4739.89
2024-07-24,0.0420091,76000,65878.1,0.142928,0.6892,,C,65878.1,3459.15
2024-07-24,0.0420091,84000,65878.1,0.243011,0.7619,,C,65878.1,1806.81
2024-07-24,0.0420091,92000,65878.1,0.333983,0.842,,C,65878.1,974.897
2024-07-24,0.0995434,48000,66158.9,-0.320858,0.6503,,P,66158.9,2077.25
2024-07-24,0.0995434,54000,66158.9,-0.203075,0.5986,,P,66158.9,4201.54
2024-07-24,0.0995434,60000,66158.9,-0.0977146,0.5898,,P,66158.9,6879.08
2024-07-24,0.0995434,65000,66158.9,-0.0176719,0.6013,,P,66158.9,8181.43
2024-07-24,0.0995434,71000,66158.9,0.0706207,0.6161,,C,66158.9,8037.6
2024-07-24,0.0995434,76000,66158.9,0.138674,0.6365,,C,66158.9,6996.51
2024-07-24,0.0995434,84000,66158.9,0.238758,0.6715,,C,66158.9,4944.61
2024-07-24,0.0995434,92000,66158.9,0.329729,0.7093,,C,66158.9,3295.92
2024-07-24,0.176256,47000,66578.8,-0.348238,0.6189,,P,66578.8,3784.26
2024-07-24,0.176256,50000,66578.8,-0.286363,0.6095,,P,66578.8,5124.19
2024-07-24,0.176256,53000,66578.8,-0.228094,0.6019,,P,66578.8,6567.43
2024-07-24,0.176256,56000,66578.8,-0.173034,0.5972,,P,66578.8,7996.57
2024-07-24,0.176256,58000,66578.8,-0.137943,0.6008,,P,66578.8,8891.28
2024-07-24,0.176256,62000,66578.8,-0.0712515,0.5956,,P,66578.8,10252.3
2024-07-24,0.176256,75000,66578.8,0.119102,0.6237,,C,66578.8,10581.1
2024-07-24,0.176256,90000,66578.8,0.301424,0.6754,,C,66578.8,7294.97
2024-07-24,0.291324,50000,67897.3,-0.305974,0.631,,P,67897.3,8259.45
2024-07-24,0.291324,60000,67897.3,-0.123652,0.6335,,P,67897.3,12686.9
2024-07-24,0.291324,65000,67897.3,-0.0436095,0.6405,,P,67897.3,13981
2024-07-24,0.291324,67000,67897.3,-0.0133042,0.6464,,P,67897.3,14293.5
2024-07-24,0.291324,70000,67897.3,0.0304985,0.6561,,C,67897.3,14559.8
2024-07-24,0.291324,72000,67897.3,0.0586693,0.6536,,C,67897.3,14619.4
2024-07-24,0.291324,80000,67897.3,0.16403,0.6722,,C,67897.3,14094.2
2024-07-24,0.291324,90000,67897.3,0.281813,0.69,,C,67897.3,12424.5
2024-07-24,0.425571,50000,69118.8,-0.323803,0.6426,,P,69118.8,11106.6
2024-07-24,0.425571,52000,69118.8,-0.284583,0.6475,,P,69118.8,12160.3
2024-07-24,0.425571,56000,69118.8,-0.210475,0.6431,,P,69118.8,13966.2
2024-07-24,0.425571,60000,69118.8,-0.141482,0.6415,,P,69118.8,15486.1
2024-07-24,0.425571,63000,69118.8,-0.0926917,0.6506,,P,69118.8,16395.6
2024-07-24,0.425571,70000,69118.8,0.0126688,0.6622,,C,69118.8,17677.7
2024-07-24,0.425571,85000,69118.8,0.206825,0.6774,,C,69118.8,17447.6
2024-07-24,0.425571,95000,69118.8,0.31805,0.6911,,C,69118.8,16030.8
2024-07-24,0.674886,55000,71108.4,-0.256872,0.6552,,P,71108.4,17639.4
2024-07-24,0.674886,60000,71108.4,-0.16986,0.6675,,P,71108.4,19651.8
2024-07-24,0.674886,70000,71108.4,-0.0157096,0.6667,,P,71108.4,22262.4
2024-07-24,0.674886,75000,71108.4,0.0532832,0.6743,,C,71108.4,22927.1
2024-07-24,0.674886,80000,71108.4,0.117822,0.6771,,C,71108.4,23253.6
2024-07-24,0.674886,85000,71108.4,0.178446,0.6831,,C,71108.4,23288.5
2024-07-24,0.674886,90000,71108.4,0.235605,0.6929,,C,71108.4,23110.9
2024-07-24,0.674886,100000,71108.4,0.340965,0.6979,,C,71108.4,22225
2024-07-24,0.924201,55000,73057.8,-0.283917,0.6534,,P,73057.8,20894.2
2024-07-24,0.924201,60000,73057.8,-0.196906,0.6581,,P,73057.8,23011.2
2024-07-24,0.924201,70000,73057.8,-0.0427554,0.655,,P,73057.8,26040.5
2024-07-24,0.924201,75000,73057.8,0.0262375,0.6724,,C,73057.8,26922.5
2024-07-24,0.924201,80000,73057.8,0.090776,0.6793,,C,73057.8,27531.1
2024-07-24,0.924201,90000,73057.8,0.208559,0.6969,,C,73057.8,28011.6
2024-07-24,0.924201,100000,73057.8,0.31392,0.705,,C,73057.8,27803.8
2024-07-31,0.0228311,50000,64933.6,-0.261342,0.7334,,P,64933.6,212.574
2024-07-31,0.0228311,58000,64933.6,-0.112922,0.5199,,P,64933.6,1315.52
2024-07-31,0.0228311,62000,64933.6,-0.0462306,0.4561,,P,64933.6,3052.31
2024-07-31,0.0228311,66000,64933.6,0.0162897,0.4423,,C,64933.6,3828.57
2024-07-31,0.0228311,71000,64933.6,0.0893149,0.4919,,C,64933.6,1986.9
2024-07-31,0.0228311,76000,64933.6,0.157368,0.5953,,C,64933.6,915.646
2024-07-31,0.0228311,84000,64933.6,0.257452,0.7181,,C,64933.6,266.32
2024-07-31,0.0228311,92000,64933.6,0.348424,0.7919,,C,64933.6,67.0373
2024-07-31,0.0420091,52000,64959,-0.222513,0.6278,,P,64959,1063.29
2024-07-31,0.0420091,59000,64959,-0.0962195,0.4837,,P,64959,3156.83
2024-07-31,0.0420091,63000,64959,-0.0306222,0.4544,,P,64959,4950.24
2024-07-31,0.0420091,67000,64959,0.0309357,0.4509,,C,64959,5095
2024-07-31,0.0420091,71000,64959,0.088923,0.4698,,C,64959,3621.09
2024-07-31,0.0420091,75000,64959,0.143731,0.5207,,C,64959,2301.22
2024-07-31,0.0420091,82000,64959,0.232962,0.5895,,C,64959,928.441
2024-07-31,0.0420091,92000,64959,0.348032,0.6921,,C,64959,310.884
2024-07-31,0.0803653,48000,65318.8,-0.308078,0.6134,,P,65318.8,1313.28
2024-07-31,0.0803653,55000,65318.8,-0.171946,0.5157,,P,65318.8,3385.33
2024-07-31,0.0803653,60000,65318.8,-0.0849348,0.4666,,P,65318.8,5748.56
2024-07-31,0.0803653,65000,65318.8,-0.00489209,0.4614,,P,65318.8,7348.31
2024-07-31,0.0803653,71000,65318.8,0.0834005,0.4787,,C,65318.8,6361.76
2024-07-31,0.0803653,76000,65318.8,0.151454,0.5132,,C,65318.8,4622.67
2024-07-31,0.0803653,82000,65318.8,0.22744,0.5547,,C,65318.8,2899.14
2024-07-31,0.0803653,90000,65318.8,0.32053,0.6124,,C,65318.8,1571.23
2024-07-31,0.157078,47000,65837.9,-0.337048,0.5647,,P,65837.9,2812.26
2024-07-31,0.157078,50000,65837.9,-0.275172,0.5408,,P,65837.9,3956.25
2024-07-31,0.157078,53000,65837.9,-0.216904,0.5199,,P,65837.9,5338.48
2024-07-31,0.157078,56000,65837.9,-0.161844,0.509,,P,65837.9,6923.5
2024-07-31,0.157078,58000,65837.9,-0.126752,0.5038,,P,65837.9,7947.84
2024-07-31,0.157078,62000,65837.9,-0.060061,0.4967,,P,65837.9,9595.86
2024-07-31,0.157078,75000,65837.9,0.130293,0.516,,C,65837.9,9022.44
2024-07-31,0.157078,90000,65837.9,0.312614,0.5664,,C,65837.9,4586.34
2024-07-31,0.23379,48000,66463,-0.325444,0.5467,,P,66463,5061.72
2024-07-31,0.23379,59000,66463,-0.119108,0.5212,,P,66463,10717.3
2024-07-31,0.23379,63000,66463,-0.0535104,0.518,,P,66463,12105
2024-07-31,0.23379,68000,66463,0.0228626,0.5168,,C,66463,12813.3
2024-07-31,0.23379,72000,66463,0.080021,0.5264,,C,66463,12597.9
2024-07-31,0.23379,77000,66463,0.14716,0.5315,,C,66463,11616.3
2024-07-31,0.23379,82000,66463,0.210074,0.5409,,C,66463,10226
2024-07-31,0.23379,92000,66463,0.325143,0.5683,,C,66463,7419.47
2024-07-31,0.272146,60000,68167.3,-0.127621,0.5361,,P,68167.3,11877.1
2024-07-31,0.272146,63000,68167.3,-0.0788307,0.5339,,P,68167.3,12976.7
2024-07-31,0.272146,65000,68167.3,-0.0475782,0.5357,,P,68167.3,13521.4
2024-07-31,0.272146,67000,68167.3,-0.0172728,0.5387,,P,68167.3,13900.5
2024-07-31,0.272146,70000,68167.3,0.0265298,0.5435,,C,68167.3,14170.4
2024-07-31,0.272146,75000,68167.3,0.0955227,0.5515,,C,68167.3,13938
2024-07-31,0.272146,80000,68167.3,0.160061,0.5599,,C,68167.3,13085.9
2024-07-31,0.272146,90000,68167.3,0.277844,0.5732,,C,68167.3,10468.7
2024-07-31,0.406393,48000,68100.9,-0.349789,0.5684,,P,68100.9,8976.31
2024-07-31,0.406393,53000,68100.9,-0.250698,0.5626,,P,68100.9,11776.5
2024-07-31,0.406393,57000,68100.9,-0.177939,0.5567,,P,68100.9,13755.3
2024-07-31,0.406393,60000,68100.9,-0.126646,0.5586,,P,68100.9,15020.5
2024-07-31,0.406393,62000,68100.9,-0.0938559,0.5578,,P,68100.9,15709.5
2024-07-31,0.406393,70000,68100.9,0.027505,0.5703,,C,68100.9,17222.3
2024-07-31,0.406393,80000,68100.9,0.161036,0.5804,,C,68100.9,16785.7
2024-07-31,0.406393,95000,68100.9,0.332887,0.6042,,C,68100.9,13822
2024-07-31,0.655708,50000,69730.1,-0.332609,0.5839,,P,69730.1,14483.3
2024-07-31,0.655708,55000,69730.1,-0.237298,0.5849,,P,69730.1,17158.1
2024-07-31,0.655708,60000,69730.1,-0.150287,0.582,,P,69730.1,19315.7
2024-07-31,0.655708,65000,69730.1,-0.0702443,0.5849,,P,69730.1,20916
2024-07-31,0.655708,70000,69730.1,0.00386362,0.5864,,C,69730.1,21941.7
2024-07-31,0.655708,75000,69730.1,0.0728565,0.5934,,C,69730.1,22437.8
2024-07-31,0.655708,80000,69730.1,0.137395,0.5931,,C,69730.1,22502.3
2024-07-31,0.655708,85000,69730.1,0.19802,0.6029,,C,69730.1,22234.2
2024-07-31,0.905023,60000,72430.3,-0.188279,0.5896,,P,72430.3,22736.8
2024-07-31,0.905023,65000,72430.3,-0.108237,0.5954,,P,72430.3,24564.6
2024-07-31,0.905023,75000,72430.3,0.0348641,0.6091,,C,72430.3,26774.2
2024-07-31,0.905023,80000,72430.3,0.0994026,0.6124,,C,72430.3,27289.6
2024-07-31,0.905023,85000,72430.3,0.160027,0.6129,,C,72430.3,27485
2024-07-31,0.905023,90000,72430.3,0.217186,0.6199,,C,72430.3,27415.1
2024-07-31,0.905023,100000,72430.3,0.322546,0.6313,,C,72430.3,26729.2
2024-08-07,0.0228311,40000,55370.6,-0.325169,1.0013,,P,55370.6,280.906
2024-08-07,0.0228311,47000,55370.6,-0.163901,0.7716,,P,55370.6,1142.82
2024-08-07,0.0228311,52000,55370.6,-0.0628045,0.6456,,P,55370.6,2625.97
2024-08-07,0.0228311,57000,55370.6,0.0290031,0.581,,C,55370.6,3203.54
2024-08-07,0.0228311,62000,55370.6,0.113086,0.5926,,C,55370.6,1589.34
2024-08-07,0.0228311,67000,55370.6,0.190644,0.6847,,C,55370.6,671.297
2024-08-07,0.0228311,72000,55370.6,0.262618,0.7715,,C,55370.6,300.387
2024-08-07,0.0228311,78000,55370.6,0.342661,0.8776,,C,55370.6,140.255
2024-08-07,0.0420091,40000,55415.9,-0.325987,0.8508,,P,55415.9,668.235
2024-08-07,0.0420091,46000,55415.9,-0.186225,0.6979,,P,55415.9,1764.51
2024-08-07,0.0420091,51000,55415.9,-0.0830405,0.6144,,P,55415.9,3490.58
2024-08-07,0.0420091,55000,55415.9,-0.00753296,0.5732,,P,55415.9,4497.16
2024-08-07,0.0420091,59000,55415.9,0.0626713,0.5692,,C,55415.9,4040.38
2024-08-07,0.0420091,63000,55415.9,0.128269,0.5876,,C,55415.9,2735.07
2024-08-07,0.0420091,68000,55415.9,0.204642,0.6159,,C,55415.9,1346.26
2024-08-07,0.0420091,74000,55415.9,0.289199,0.6643,,C,55415.9,547.455
2024-08-07,0.0611872,40000,55652.4,-0.330245,0.7837,,P,55652.4,1085.9
2024-08-07,0.0611872,47000,55652.4,-0.168977,0.6445,,P,55652.4,2868.8
2024-08-07,0.0611872,52000,55652.4,-0.0678808,0.5852,,P,55652.4,4743.47
2024-08-07,0.0611872,57000,55652.4,0.0239267,0.5701,,C,55652.4,5464.98
2024-08-07,0.0611872,63000,55652.4,0.12401,0.5829,,C,55652.4,4026.21
2024-08-07,0.0611872,68000,55652.4,0.200383,0.6024,,C,55652.4,2451.01
2024-08-07,0.0611872,73000,55652.4,0.271335,0.6532,,C,55652.4,1530.59
2024-08-07,0.0611872,78000,55652.4,0.337584,0.7117,,C,55652.4,1030.07
2024-08-07,0.1379,40000,55975.2,-0.336029,0.6957,,P,55975.2,2983.51
2024-08-07,0.1379,44000,55975.2,-0.240719,0.6458,,P,55975.2,4410.72
2024-08-07,0.1379,49000,55975.2,-0.133088,0.6071,,P,55975.2,6476.7
2024-08-07,0.1379,53000,55975.2,-0.0546166,0.5921,,P,55975.2,7776.86
2024-08-07,0.1379,58000,55975.2,0.0355345,0.5809,,C,55975.2,8279.13
2024-08-07,0.1379,63000,55975.2,0.118226,0.5877,,C,55975.2,7551.78
2024-08-07,0.1379,68000,55975.2,0.194599,0.5929,,C,55975.2,6147.22
2024-08-07,0.1379,75000,55975.2,0.29258,0.6322,,C,55975.2,4384.94
2024-08-07,0.214612,42000,56944.4,-0.304405,0.6368,,P,56944.4,5249.97
2024-08-07,0.214612,48000,56944.4,-0.170874,0.5862,,P,56944.4,7854.29
2024-08-07,0.214612,52000,56944.4,-0.0908309,0.596,,P,56944.4,9436.81
2024-08-07,0.214612,57000,56944.4,0.000976688,0.5938,,C,56944.4,10430.1
2024-08-07,0.214612,63000,56944.4,0.10106,0.5906,,C,56944.4,10243.4
2024-08-07,0.214612,68000,56944.4,0.177433,0.5993,,C,56944.4,9286.26
2024-08-07,0.214612,72000,56944.4,0.234592,0.6099,,C,56944.4,8300.41
2024-08-07,0.214612,80000,56944.4,0.339952,0.6321,,C,56944.4,6290.59
2024-08-07,0.252968,45000,56779.8,-0.232517,0.6372,,P,56779.8,7696.08
2024-08-07,0.252968,50000,56779.8,-0.127157,0.6189,,P,56779.8,9716.94
2024-08-07,0.252968,60000,56779.8,0.0551647,0.617,,C,56779.8,11390
2024-08-07,0.252968,63000,56779.8,0.103955,0.622,,C,56779.8,11218.1
2024-08-07,0.252968,67000,56779.8,0.165513,0.6249,,C,56779.8,10641.3
2024-08-07,0.252968,70000,56779.8,0.209315,0.6237,,C,56779.8,10001.5
2024-08-07,0.252968,75000,56779.8,0.278308,0.6447,,C,56779.8,8941.23
2024-08-07,0.252968,80000,56779.8,0.342847,0.6373,,C,56779.8,7534.92
2024-08-07,0.387215,41000,57641.5,-0.340671,0.6631,,P,57641.5,8402.04
2024-08-07,0.387215,45000,57641.5,-0.24758,0.6485,,P,57641.5,10263.2
2024-08-07,0.387215,48000,57641.5,-0.183042,0.6395,,P,57641.5,11516.9
2024-08-07,0.387215,52000,57641.5,-0.102999,0.6326,,P,57641.5,12881.8
2024-08-07,0.387215,56000,57641.5,-0.0288913,0.6381,,P,57641.5,13792.4
2024-08-07,0.387215,60000,57641.5,0.0401016,0.632,,C,57641.5,14245.4
2024-08-07,0.387215,63000,57641.5,0.0888917,0.6342,,C,57641.5,14303.8
2024-08-07,0.387215,80000,57641.5,0.327784,0.6511,,C,57641.5,11905.8
2024-08-07,0.63653,45000,59813,-0.284561,0.6254,,P,59813,13604.5
2024-08-07,0.63653,50000,59813,-0.1792,0.6597,,P,59813,15866.9
2024-08-07,0.63653,55000,59813,-0.0838899,0.6596,,P,59813,17411.9
2024-08-07,0.63653,60000,59813,0.00312152,0.6535,,C,59813,18430.1
2024-08-07,0.63653,65000,59813,0.0831642,0.6789,,C,59813,18907.2
2024-08-07,0.63653,70000,59813,0.157272,0.6757,,C,59813,19033
2024-08-07,0.63653,75000,59813,0.226265,0.6688,,C,59813,18803.8
2024-08-07,0.63653,80000,59813,0.290804,0.6709,,C,59813,18328
2024-08-07,0.885845,45000,60722.5,-0.299651,0.6226,,P,60722.5,16498.6
2024-08-07,0.885845,50000,60722.5,-0.194291,0.6535,,P,60722.5,18773.4
2024-08-07,0.885845,55000,60722.5,-0.0989807,0.6206,,P,60722.5,20496.9
2024-08-07,0.885845,65000,60722.5,0.0680733,0.674,,C,60722.5,22303.5
2024-08-07,0.885845,70000,60722.5,0.142181,0.6683,,C,60722.5,22711.2
2024-08-07,0.885845,75000,60722.5,0.211174,0.6651,,C,60722.5,22793.4
2024-08-07,0.885845,80000,60722.5,0.275713,0.6756,,C,60722.5,22648.2
2024-08-14,0.0228311,42000,59160.2,-0.342579,0.9504,,P,59160.2,174.15
2024-08-14,0.0228311,48000,59160.2,-0.209048,0.7403,,P,59160.2,559.395
2024-08-14,0.0228311,52000,59160.2,-0.129005,0.6413,,P,59160.2,1376.59
2024-08-14,0.0228311,57000,59160.2,-0.0371976,0.5299,,P,59160.2,3139.86
2024-08-14,0.0228311,62000,59160.2,0.0468855,0.5104,,C,59160.2,3032.52
2024-08-14,0.0228311,67000,59160.2,0.124444,0.5673,,C,59160.2,1321.78
2024-08-14,0.0228311,72000,59160.2,0.196417,0.6458,,C,59160.2,518.23
2024-08-14,0.0228311,82000,59160.2,0.32647,0.7695,,C,59160.2,81.3544
2024-08-14,0.0420091,42000,59121.4,-0.341923,0.8493,,P,59121.4,589.689
2024-08-14,0.0420091,49000,59121.4,-0.187773,0.6392,,P,59121.4,1572.36
2024-08-14,0.0420091,55000,59121.4,-0.0722599,0.5473,,P,59121.4,3783.09
2024-08-14,0.0420091,60000,59121.4,0.0147515,0.5341,,C,59121.4,4818.77
2024-08-14,0.0420091,65000,59121.4,0.0947942,0.526,,C,59121.4,3438.73
2024-08-14,0.0420091,70000,59121.4,0.168902,0.5672,,C,59121.4,1827.71
2024-08-14,0.0420091,76000,59121.4,0.25114,0.6442,,C,59121.4,896.012
2024-08-14,0.0420091,82000,59121.4,0.327126,0.6744,,C,59121.4,345.24
2024-08-14,0.118721,43000,59661.7,-0.32749,0.6573,,P,59661.7,2431.83
2024-08-14,0.118721,47000,59661.7,-0.238542,0.5987,,P,59661.7,3710.23
2024-08-14,0.118721,51000,59661.7,-0.156864,0.5628,,P,59661.7,5440.96
2024-08-14,0.118721,55000,59661.7,-0.0813568,0.5395,,P,59661.7,7124.17
2024-08-14,0.118721,60000,59661.7,0.00565462,0.5333,,C,59661.7,8185.77
2024-08-14,0.118721,65000,59661.7,0.0856973,0.5346,,C,59661.7,7649.56
2024-08-14,0.118721,69000,59661.7,0.145417,0.5457,,C,59661.7,6510.99
2024-08-14,0.118721,80000,59661.7,0.293337,0.593,,C,59661.7,3370.88
2024-08-14,0.195434,44000,60446.6,-0.317571,0.6079,,P,60446.6,4484.06
2024-08-14,0.195434,51000,60446.6,-0.169935,0.5763,,P,60446.6,7775.84
2024-08-14,0.195434,56000,60446.6,-0.0764089,0.5672,,P,60446.6,9718.81
2024-08-14,0.195434,61000,60446.6,0.00911329,0.5593,,C,60446.6,10620.5
2024-08-14,0.195434,66000,60446.6,0.0878942,0.5598,,C,60446.6,10378.9
2024-08-14,0.195434,71000,60446.6,0.160919,0.5707,,C,60446.6,9352.55
2024-08-14,0.195434,77000,60446.6,0.242045,0.5812,,C,60446.6,7656.87
2024-08-14,0.195434,85000,60446.6,0.340891,0.6174,,C,60446.6,5741.6
2024-08-14,0.23379,45000,60805.2,-0.301013,0.6238,,P,60805.2,6062.96
2024-08-14,0.23379,50000,60805.2,-0.195653,0.5888,,P,60805.2,8314.22
2024-08-14,0.23379,60000,60805.2,-0.0133311,0.5969,,P,60805.2,11518.2
2024-08-14,0.23379,63000,60805.2,0.0354591,0.6037,,C,60805.2,11725.6
2024-08-14,0.23379,65000,60805.2,0.0667116,0.6006,,C,60805.2,11687.3
2024-08-14,0.23379,67000,60805.2,0.097017,0.6144,,C,60805.2,11544.6
2024-08-14,0.23379,75000,60805.2,0.209812,0.633,,C,60805.2,10178.8
2024-08-14,0.23379,80000,60805.2,0.274351,0.6437,,C,60805.2,9012.73
2024-08-14,0.368037,44000,61481.3,-0.334543,0.6305,,P,61481.3,8431.41
2024-08-14,0.368037,50000,61481.3,-0.20671,0.6201,,P,61481.3,11336.2
2024-08-14,0.368037,53000,61481.3,-0.148441,0.6093,,P,61481.3,12529.3
2024-08-14,0.368037,56000,61481.3,-0.0933814,0.6127,,P,61481.3,13524.3
2024-08-14,0.368037,59000,61481.3,-0.0411957,0.6152,,P,61481.3,14237.9
2024-08-14,0.368037,63000,61481.3,0.0244016,0.6253,,C,61481.3,14763.4
2024-08-14,0.368037,70000,61481.3,0.129762,0.636,,C,61481.3,14727.7
2024-08-14,0.368037,85000,61481.3,0.323918,0.6501,,C,61481.3,12246.6
2024-08-14,0.617352,60000,63348.2,-0.0543015,0.6511,,P,63348.2,18597.9
2024-08-14,0.617352,65000,63348.2,0.0257412,0.64,,C,63348.2,19462.7
2024-08-14,0.617352,70000,63348.2,0.0998492,0.6521,,C,63348.2,19819.6
2024-08-14,0.617352,80000,63348.2,0.233381,0.657,,C,63348.2,19486.7
2024-08-14,0.617352,85000,63348.2,0.294005,0.6764,,C,63348.2,19053.1
2024-08-14,0.866667,55000,64857,-0.164852,0.6508,,P,64857,20417
2024-08-14,0.866667,65000,64857,0.0022017,0.6559,,C,64857,23015.9
2024-08-14,0.866667,70000,64857,0.0763097,0.667,,C,64857,23667.5
2024-08-14,0.866667,75000,64857,0.145303,0.6656,,C,64857,24019.3
2024-08-14,0.866667,80000,64857,0.209841,0.6626,,C,64857,24075.4
2024-08-21,0.0228311,44000,61284.2,-0.331333,0.939,,P,61284.2,204.303
2024-08-21,0.0228311,49000,61284.2,-0.223703,0.7303,,P,61284.2,422.54
2024-08-21,0.0228311,55000,61284.2,-0.10819,0.5626,,P,61284.2,1555.66
2024-08-21,0.0228311,60000,61284.2,-0.0211782,0.503,,P,61284.2,3513.57
2024-08-21,0.0228311,65000,61284.2,0.0588645,0.5122,,C,61284.2,2846.82
2024-08-21,0.0228311,70000,61284.2,0.132972,0.5826,,C,61284.2,1260.41
2024-08-21,0.0228311,76000,61284.2,0.215211,0.6848,,C,61284.2,472.413
2024-08-21,0.0228311,82000,61284.2,0.291196,0.7768,,C,61284.2,196.547
2024-08-21,0.0420091,46000,61336.4,-0.287732,0.728,,P,61336.4,674.751
2024-08-21,0.0420091,53000,61336.4,-0.146082,0.5522,,P,61336.4,2023.63
2024-08-21,0.0420091,56000,61336.4,-0.0910221,0.529,,P,61336.4,3364.04
2024-08-21,0.0420091,60000,61336.4,-0.0220292,0.503,,P,61336.4,4842
2024-08-21,0.0420091,64000,61336.4,0.0425093,0.5057,,C,61336.4,4703.52
2024-08-21,0.0420091,70000,61336.4,0.132121,0.56,,C,61336.4,2757.7
2024-08-21,0.0420091,76000,61336.4,0.21436,0.6103,,C,61336.4,1283.24
2024-08-21,0.0420091,84000,61336.4,0.314443,0.7158,,C,61336.4,588.73
2024-08-21,0.0995434,44000,61662.3,-0.337482,0.6708,,P,61662.3,1828.39
2024-08-21,0.0995434,48000,61662.3,-0.250471,0.612,,P,61662.3,2938.56
2024-08-21,0.0995434,52000,61662.3,-0.170428,0.5738,,P,61662.3,4557.27
2024-08-21,0.0995434,56000,61662.3,-0.0963203,0.5445,,P,61662.3,6297.31
2024-08-21,0.0995434,62000,61662.3,0.00546239,0.536,,C,61662.3,7750.73
2024-08-21,0.0995434,66000,61662.3,0.0679827,0.5369,,C,61662.3,7381.86
2024-08-21,0.0995434,70000,61662.3,0.126823,0.5478,,C,61662.3,6294.07
2024-08-21,0.0995434,85000,61662.3,0.320979,0.6083,,C,61662.3,2240.04
2024-08-21,0.176256,44000,61662.9,-0.337493,0.6108,,P,61662.9,3639.29
2024-08-21,0.176256,50000,61662.9,-0.209659,0.5844,,P,61662.9,6406.8
2024-08-21,0.176256,55000,61662.9,-0.114349,0.5573,,P,61662.9,8596.77
2024-08-21,0.176256,61000,61662.9,-0.0108085,0.5521,,P,61662.9,10192.2
2024-08-21,0.176256,67000,61662.9,0.0830102,0.5531,,C,61662.9,10031.2
2024-08-21,0.176256,73000,61662.9,0.168777,0.5641,,C,61662.9,8656.11
2024-08-21,0.176256,78000,61662.9,0.235026,0.5772,,C,61662.9,7204.26
2024-08-21,0.176256,86000,61662.9,0.332665,0.5935,,C,61662.9,4963.72
2024-08-21,0.214612,45000,62285.1,-0.32506,0.6391,,P,62285.1,5296.93
2024-08-21,0.214612,50000,62285.1,-0.2197,0.6163,,P,62285.1,7592.91
2024-08-21,0.214612,60000,62285.1,-0.0373781,0.6011,,P,62285.1,11088.8
2024-08-21,0.214612,63000,62285.1,0.011412,0.6104,,C,62285.1,11452.6
2024-08-21,0.214612,67000,62285.1,0.0729699,0.6083,,C,62285.1,11431.3
2024-08-21,0.214612,70000,62285.1,0.116773,0.6159,,C,62285.1,11109.3
2024-08-21,0.214612,75000,62285.1,0.185765,0.627,,C,62285.1,10187.4
2024-08-21,0.214612,80000,62285.1,0.250304,0.6346,,C,62285.1,8981.96
2024-08-21,0.348858,45000,62460,-0.327865,0.6364,,P,62460,8390.02
2024-08-21,0.348858,48000,62460,-0.263326,0.6254,,P,62460,9837.8
2024-08-21,0.348858,52000,62460,-0.183283,0.6229,,P,62460,11662.7
2024-08-21,0.348858,55000,62460,-0.127194,0.6175,,P,62460,12781.6
2024-08-21,0.348858,57000,62460,-0.0914758,0.6159,,P,62460,13398.6
2024-08-21,0.348858,62000,62460,-0.00739272,0.6189,,P,62460,14417.5
2024-08-21,0.348858,70000,62460,0.113968,0.6274,,C,62460,14608
2024-08-21,0.348858,85000,62460,0.308124,0.6467,,C,62460,12176.5
2024-08-21,0.598174,45000,63784.6,-0.348849,0.6396,,P,63784.6,12503
2024-08-21,0.598174,55000,63784.6,-0.148179,0.6376,,P,63784.6,16945.5
2024-08-21,0.598174,65000,63784.6,0.0188755,0.6403,,C,63784.6,19253.5
2024-08-21,0.598174,70000,63784.6,0.0929834,0.6489,,C,63784.6,19638.3
2024-08-21,0.598174,80000,63784.6,0.226515,0.6522,,C,63784.6,19303
2024-08-21,0.847489,50000,65988.7,-0.27746,0.6473,,P,65988.7,18106.8
2024-08-21,0.847489,60000,65988.7,-0.0951386,0.6424,,P,65988.7,21836.4
2024-08-21,0.847489,65000,65988.7,-0.0150959,0.6423,,P,65988.7,23016.9
2024-08-21,0.847489,70000,65988.7,0.0590121,0.6546,,C,65988.7,23739.1
2024-08-21,0.847489,75000,65988.7,0.128005,0.658,,C,65988.7,24133.8
2024-08-21,0.847489,90000,65988.7,0.310327,0.6759,,C,65988.7,23812.4
2024-08-28,0.0228311,46000,59205.9,-0.252379,0.8397,,P,59205.9,434.185
2024-08-28,0.0228311,53000,59205.9,-0.110729,0.6025,,P,59205.9,1609.9
2024-08-28,0.0228311,57000,59205.9,-0.0379693,0.5288,,P,59205.9,3125.44
2024-08-28,0.0228311,61000,59205.9,0.0298533,0.5029,,C,59205.9,3351.13
2024-08-28,0.0228311,65000,59205.9,0.0933667,0.5277,,C,59205.9,1882.46
2024-08-28,0.0228311,69000,59205.9,0.153086,0.5719,,C,59205.9,801.467
2024-08-28,0.0228311,76000,59205.9,0.249713,0.7304,,C,59205.9,312.176
2024-08-28,0.0228311,84000,59205.9,0.349796,0.814,,C,59205.9,74.3582
2024-08-28,0.0420091,48000,59247.2,-0.210517,0.6875,,P,59247.2,1424.93
2024-08-28,0.0420091,55000,59247.2,-0.074385,0.5405,,P,59247.2,3719.88
2024-08-28,0.0420091,58000,59247.2,-0.0212752,0.5202,,P,59247.2,4692.09
2024-08-28,0.0420091,62000,59247.2,0.0454162,0.5091,,C,59247.2,4501.78
2024-08-28,0.0420091,66000,59247.2,0.107937,0.5173,,C,59247.2,3041.14
2024-08-28,0.0420091,70000,59247.2,0.166777,0.5357,,C,59247.2,1658.85
2024-08-28,0.0420091,76000,59247.2,0.249015,0.6239,,C,59247.2,822.232
2024-08-28,0.0420091,84000,59247.2,0.349099,0.6919,,C,59247.2,278.017
2024-08-28,0.0803653,42000,59456.6,-0.347576,0.6701,,P,59456.6,1055.01
2024-08-28,0.0803653,46000,59456.6,-0.256605,0.6189,,P,59456.6,2021.92
2024-08-28,0.0803653,51000,59456.6,-0.15342,0.5528,,P,59456.6,3844.81
2024-08-28,0.0803653,55000,59456.6,-0.0779128,0.5302,,P,59456.6,5638.34
2024-08-28,0.0803653,59000,59456.6,-0.00770853,0.5124,,P,59456.6,6671.34
2024-08-28,0.0803653,64000,59456.6,0.0736371,0.5065,,C,59456.6,6101.04
2024-08-28,0.0803653,69000,59456.6,0.148861,0.5177,,C,59456.6,4319.13
2024-08-28,0.0803653,80000,59456.6,0.296781,0.6098,,C,59456.6,1780.18
2024-08-28,0.157078,44000,59843.8,-0.307548,0.6067,,P,59843.8,3554.9
2024-08-28,0.157078,49000,59843.8,-0.199917,0.5628,,P,59843.8,5694.28
2024-08-28,0.157078,55000,59843.8,-0.0844046,0.5444,,P,59843.8,8354.12
2024-08-28,0.157078,60000,59843.8,0.00260677,0.538,,C,59843.8,9420.02
2024-08-28,0.157078,66000,59843.8,0.0979169,0.5367,,C,59843.8,8887.47
2024-08-28,0.157078,71000,59843.8,0.170942,0.546,,C,59843.8,7499.97
2024-08-28,0.157078,77000,59843.8,0.252068,0.5566,,C,59843.8,5553.38
2024-08-28,0.157078,84000,59843.8,0.339079,0.5787,,C,59843.8,3733.82
2024-08-28,0.195434,45000,59979.6,-0.287342,0.6329,,P,59979.6,5354.8
2024-08-28,0.195434,50000,59979.6,-0.181982,0.6013,,P,59979.6,7573.36
2024-08-28,0.195434,60000,59979.6,0.000339841,0.5906,,C,59979.6,10490.3
2024-08-28,0.195434,63000,59979.6,0.04913,0.6004,,C,59979.6,10563.7
2024-08-28,0.195434,67000,59979.6,0.110688,0.6013,,C,59979.6,10161.6
2024-08-28,0.195434,70000,59979.6,0.154491,0.6068,,C,59979.6,9594.71
2024-08-28,0.195434,75000,59979.6,0.223483,0.6247,,C,59979.6,8445.03
2024-08-28,0.195434,80000,59979.6,0.288022,0.6187,,C,59979.6,6951.87
2024-08-28,0.32968,44000,60911.2,-0.325227,0.63,,P,60911.2,7787.48
2024-08-28,0.32968,48000,60911.2,-0.238216,0.6171,,P,60911.2,9726.57
2024-08-28,0.32968,51000,60911.2,-0.177591,0.6174,,P,60911.2,11085.9
2024-08-28,0.32968,54000,60911.2,-0.120433,0.6057,,P,60911.2,12187
2024-08-28,0.32968,59000,60911.2,-0.0318796,0.6069,,P,60911.2,13468.6
2024-08-28,0.32968,62000,60911.2,0.0177173,0.6113,,C,60911.2,13843.9
2024-08-28,0.32968,70000,60911.2,0.139078,0.6245,,C,60911.2,13652.3
2024-08-28,0.32968,85000,60911.2,0.333234,0.6398,,C,60911.2,10740.1
2024-08-28,0.578995,45000,62257.4,-0.324614,0.6354,,P,62257.4,12455.8
2024-08-28,0.578995,50000,62257.4,-0.219254,0.6286,,P,62257.4,14817.7
2024-08-28,0.578995,55000,62257.4,-0.123944,0.6324,,P,62257.4,16693.5
2024-08-28,0.578995,60000,62257.4,-0.0369323,0.6254,,P,62257.4,17981.1
2024-08-28,0.578995,70000,62257.4,0.117218,0.6406,,C,62257.4,18898.9
2024-08-28,0.578995,75000,62257.4,0.186211,0.6451,,C,62257.4,18730.3
2024-08-28,0.578995,80000,62257.4,0.25075,0.6492,,C,62257.4,18268
2024-08-28,0.578995,85000,62257.4,0.311374,0.6533,,C,62257.4,17597.1
2024-08-28,0.828311,50000,63939.6,-0.245915,0.6422,,P,63939.6,18004.9
2024-08-28,0.828311,55000,63939.6,-0.150605,0.6435,,P,63939.6,19956.9
2024-08-28,0.828311,60000,63939.6,-0.0635936,0.6474,,P,63939.6,21408.7
2024-08-28,0.828311,65000,63939.6,0.0164491,0.6538,,C,63939.6,22385.2
2024-08-28,0.828311,70000,63939.6,0.0905571,0.6537,,C,63939.6,22971.8
2024-08-28,0.828311,75000,63939.6,0.15955,0.6532,,C,63939.6,23205.7
2024-08-28,0.828311,85000,63939.6,0.284713,0.6648,,C,63939.6,22889.9
2024-08-28,0.828311,90000,63939.6,0.341872,0.6632,,C,63939.6,22416.7
2024-09-04,0.0228311,48000,58173.7,-0.192233,0.717,,P,58173.7,658.951
2024-09-04,0.0228311,54000,58173.7,-0.0744496,0.5853,,P,58173.7,2368.23
2024-09-04,0.0228311,58000,58173.7,-0.00299062,0.5332,,P,58173.7,3496.22
2024-09-04,0.0228311,61000,58173.7,0.0474402,0.5211,,C,58173.7,2992.52
2024-09-04,0.0228311,65000,58173.7,0.110954,0.5429,,C,58173.7,1483.78
2024-09-04,0.0228311,68000,58173.7,0.156074,0.6114,,C,58173.7,908.961
2024-09-04,0.0228311,74000,58173.7,0.240631,0.6875,,C,58173.7,270.023
2024-09-04,0.0228311,82000,58173.7,0.343286,0.8771,,C,58173.7,145.061
2024-09-04,0.0420091,46000,58181,-0.234918,0.6908,,P,58181,1065.34
2024-09-04,0.0420091,52000,58181,-0.112316,0.5877,,P,58181,2906.67
2024-09-04,0.0420091,56000,58181,-0.0382078,0.5355,,P,58181,4386.3
2024-09-04,0.0420091,59000,58181,0.013978,0.5205,,C,58181,4743
2024-09-04,0.0420091,63000,58181,0.0795752,0.5334,,C,58181,3792.72
2024-09-04,0.0420091,66000,58181,0.126095,0.5355,,C,58181,2615.06
2024-09-04,0.0420091,74000,58181,0.240506,0.623,,C,58181,908.571
2024-09-04,0.0420091,82000,58181,0.34316,0.6865,,C,58181,287.887
2024-09-04,0.0611872,42000,58244,-0.326971,0.7099,,P,58244,858.914
2024-09-04,0.0611872,46000,58244,-0.235999,0.6451,,P,58244,1705.68
2024-09-04,0.0611872,51000,58244,-0.132815,0.5755,,P,58244,3471.64
2024-09-04,0.0611872,55000,58244,-0.0573076,0.5466,,P,58244,5093.83
2024-09-04,0.0611872,59000,58244,0.0128966,0.5279,,C,58244,5744.45
2024-09-04,0.0611872,64000,58244,0.0942423,0.5304,,C,58244,4644.94
2024-09-04,0.0611872,69000,58244,0.169466,0.5612,,C,58244,2962.34
2024-09-04,0.0611872,80000,58244,0.317386,0.6513,,C,58244,964.355
2024-09-04,0.1379,42000,58460.1,-0.330675,0.6366,,P,58460.1,2740.55
2024-09-04,0.1379,48000,58460.1,-0.197143,0.575,,P,58460.1,5095.2
2024-09-04,0.1379,54000,58460.1,-0.0793601,0.5596,,P,58460.1,7696.7
2024-09-04,0.1379,59000,58460.1,0.00919332,0.5428,,C,58460.1,8647.49
2024-09-04,0.1379,64000,58460.1,0.090539,0.5523,,C,58460.1,8177.32
2024-09-04,0.1379,69000,58460.1,0.165762,0.5687,,C,58460.1,6876.11
2024-09-04,0.1379,76000,58460.1,0.262389,0.592,,C,58460.1,4814.61
2024-09-04,0.1379,82000,58460.1,0.338375,0.6143,,C,58460.1,3391.75
2024-09-04,0.176256,45000,58767.3,-0.266923,0.6389,,P,58767.3,5202.48
2024-09-04,0.176256,50000,58767.3,-0.161563,0.6162,,P,58767.3,7408.12
2024-09-04,0.176256,60000,58767.3,0.0207589,0.6002,,C,58767.3,9833.42
2024-09-04,0.176256,63000,58767.3,0.0695491,0.6069,,C,58767.3,9739.04
2024-09-04,0.176256,67000,58767.3,0.131107,0.621,,C,58767.3,9182.98
2024-09-04,0.176256,70000,58767.3,0.17491,0.6261,,C,58767.3,8534.88
2024-09-04,0.176256,75000,58767.3,0.243902,0.6393,,C,58767.3,7292.01
2024-09-04,0.176256,80000,58767.3,0.308441,0.6455,,C,58767.3,5954.05
2024-09-04,0.23379,44000,58852.4,-0.290843,0.6422,,P,58852.4,6254.5
2024-09-04,0.23379,51000,58852.4,-0.143207,0.6114,,P,58852.4,9295.84
2024-09-04,0.23379,55000,58852.4,-0.0676994,0.6147,,P,58852.4,10576.1
2024-09-04,0.23379,59000,58852.4,0.00250485,0.6105,,C,58852.4,11243.1
2024-09-04,0.23379,62000,58852.4,0.0521018,0.6138,,C,58852.4,11348.2
2024-09-04,0.23379,66000,58852.4,0.114622,0.6159,,C,58852.4,11040.6
2024-09-04,0.23379,70000,58852.4,0.173463,0.6237,,C,58852.4,10374.6
2024-09-04,0.23379,80000,58852.4,0.306994,0.6332,,C,58852.4,7912.89
2024-09-04,0.310502,42000,58393.4,-0.329533,0.643,,P,58393.4,7097.39
2024-09-04,0.310502,46000,58393.4,-0.238561,0.6229,,P,58393.4,8961.6
2024-09-04,0.310502,49000,58393.4,-0.175382,0.623,,P,58393.4,10310
2024-09-04,0.310502,53000,58393.4,-0.0969106,0.6152,,P,58393.4,11709.2
2024-09-04,0.310502,56000,58393.4,-0.0418508,0.6181,,P,58393.4,12432.9
2024-09-04,0.310502,60000,58393.4,0.0271421,0.616,,C,58393.4,12925.5
2024-09-04,0.310502,63000,58393.4,0.0759322,0.6166,,C,58393.4,12965.2
2024-09-04,0.310502,80000,58393.4,0.314824,0.6376,,C,58393.4,10099.8
2024-09-04,0.559817,45000,59395.7,-0.277559,0.6373,,P,59395.7,12661.9
2024-09-04,0.559817,50000,59395.7,-0.172198,0.6316,,P,59395.7,14802.7
2024-09-04,0.559817,60000,59395.7,0.0101232,0.6397,,C,59395.7,17312.2
2024-09-04,0.559817,65000,59395.7,0.0901659,0.6455,,C,59395.7,17702.6
2024-09-04,0.559817,70000,59395.7,0.164274,0.6458,,C,59395.7,17643.6
2024-09-04,0.559817,75000,59395.7,0.233267,0.6489,,C,59395.7,17235.3
2024-09-04,0.559817,80000,59395.7,0.297805,0.6551,,C,59395.7,16601.7
2024-09-04,0.809132,45000,60858.6,-0.30189,0.6454,,P,60858.6,15727.9
2024-09-04,0.809132,50000,60858.6,-0.196529,0.6555,,P,60858.6,17929.5
2024-09-04,0.809132,55000,60858.6,-0.101219,0.6421,,P,60858.6,19610.2
2024-09-04,0.809132,60000,60858.6,-0.0142079,0.6488,,P,60858.6,20774.8
2024-09-04,0.809132,65000,60858.6,0.0658348,0.6555,,C,60858.6,21476.2
2024-09-04,0.809132,70000,60858.6,0.139943,0.6534,,C,60858.6,21805.5
2024-09-04,0.809132,75000,60858.6,0.208936,0.6617,,C,60858.6,21808.3
2024-09-04,0.809132,80000,60858.6,0.273474,0.6599,,C,60858.6,21548
2024-09-11,0.0228311,44000,57423.2,-0.266259,0.8674,,P,57423.2,383.994
2024-09-11,0.0228311,51000,57423.2,-0.118623,0.6284,,P,57423.2,1493.12
2024-09-11,0.0228311,54000,57423.2,-0.0614646,0.5543,,P,57423.2,2562.04
2024-09-11,0.0228311,58000,57423.2,0.00999438,0.5226,,C,57423.2,3448.37
2024-09-11,0.0228311,62000,57423.2,0.0766858,0.5492,,C,57423.2,2344.78
2024-09-11,0.0228311,66000,57423.2,0.139206,0.5864,,C,57423.2,1079.13
2024-09-11,0.0228311,72000,57423.2,0.226217,0.6801,,C,57423.2,343.179
2024-09-11,0.0228311,80000,57423.2,0.331578,0.779,,C,57423.2,77.1529
2024-09-11,0.0420091,41000,57508,-0.338352,0.7878,,P,57508,440.485
2024-09-11,0.0420091,45000,57508,-0.245262,0.702,,P,57508,970.457
2024-09-11,0.0420091,50000,57508,-0.139901,0.6096,,P,57508,2337.95
2024-09-11,0.0420091,54000,57508,-0.0629403,0.539,,P,57508,3868.09
2024-09-11,0.0420091,59000,57508,0.0256131,0.5341,,C,57508,4627.37
2024-09-11,0.0420091,64000,57508,0.106959,0.5434,,C,57508,3123.19
2024-09-11,0.0420091,69000,57508,0.182182,0.5844,,C,57508,1617.14
2024-09-11,0.0420091,80000,57508,0.330102,0.7196,,C,57508,451.928
2024-09-11,0.118721,42000,57809,-0.319475,0.6376,,P,57809,2338.71
2024-09-11,0.118721,48000,57809,-0.185943,0.5695,,P,57809,4599.58
2024-09-11,0.118721,54000,57809,-0.0681604,0.5461,,P,57809,7160.67
2024-09-11,0.118721,59000,57809,0.020393,0.532,,C,57809,7944.87
2024-09-11,0.118721,65000,57809,0.117243,0.545,,C,57809,6903.5
2024-09-11,0.118721,70000,57809,0.191351,0.5605,,C,57809,5327.49
2024-09-11,0.118721,76000,57809,0.273589,0.5873,,C,57809,3634.44
2024-09-11,0.118721,82000,57809,0.349575,0.6309,,C,57809,2582.08
2024-09-11,0.157078,45000,58056.5,-0.254755,0.631,,P,58056.5,4772.77
2024-09-11,0.157078,50000,58056.5,-0.149394,0.6025,,P,58056.5,6954.85
2024-09-11,0.157078,60000,58056.5,0.0329276,0.5971,,C,58056.5,9177.49
2024-09-11,0.157078,63000,58056.5,0.0817177,0.5957,,C,58056.5,8943.81
2024-09-11,0.157078,67000,58056.5,0.143276,0.6071,,C,58056.5,8199.59
2024-09-11,0.157078,70000,58056.5,0.187078,0.6068,,C,58056.5,7394.38
2024-09-11,0.157078,75000,58056.5,0.256071,0.6312,,C,58056.5,6130.59
2024-09-11,0.157078,80000,58056.5,0.32061,0.6439,,C,58056.5,4854.77
2024-09-11,0.214612,42000,58050.9,-0.32365,0.6378,,P,58050.9,4954.29
2024-09-11,0.214612,49000,58050.9,-0.1695,0.6114,,P,58050.9,8158.66
2024-09-11,0.214612,54000,58050.9,-0.072336,0.5994,,P,58050.9,9906.42
2024-09-11,0.214612,59000,58050.9,0.0162174,0.6046,,C,58050.9,10692.5
2024-09-11,0.214612,63000,58050.9,0.0818147,0.6076,,C,58050.9,10608.8
2024-09-11,0.214612,67000,58050.9,0.143373,0.6126,,C,58050.9,10043.5
2024-09-11,0.214612,74000,58050.9,0.242745,0.6247,,C,58050.9,8432.06
2024-09-11,0.214612,80000,58050.9,0.320707,0.6444,,C,58050.9,6994.14
2024-09-11,0.291324,42000,58314.1,-0.328175,0.6295,,P,58314.1,6588.13
2024-09-11,0.291324,48000,58314.1,-0.194644,0.6143,,P,58314.1,9458.11
2024-09-11,0.291324,51000,58314.1,-0.134019,0.6207,,P,58314.1,10688.8
2024-09-11,0.291324,56000,58314.1,-0.0404931,0.6049,,P,58314.1,12049
2024-09-11,0.291324,58000,58314.1,-0.00540173,0.6053,,P,58314.1,12355.1
2024-09-11,0.291324,61000,58314.1,0.0450291,0.6089,,C,58314.1,12551.9
2024-09-11,0.291324,65000,58314.1,0.108543,0.6124,,C,58314.1,12390.7
2024-09-11,0.291324,80000,58314.1,0.316182,0.637,,C,58314.1,9494.47
2024-09-11,0.540639,45000,59904.4,-0.286088,0.6413,,P,59904.4,12322.4
2024-09-11,0.540639,50000,59904.4,-0.180727,0.6389,,P,59904.4,14503
2024-09-11,0.540639,55000,59904.4,-0.0854173,0.6279,,P,59904.4,16116.5
2024-09-11,0.540639,60000,59904.4,0.00159409,0.636,,C,59904.4,17111.8
2024-09-11,0.540639,70000,59904.4,0.155745,0.6403,,C,59904.4,17492.3
2024-09-11,0.540639,75000,59904.4,0.224738,0.6484,,C,59904.4,17101.5
2024-09-11,0.540639,80000,59904.4,0.289276,0.6534,,C,59904.4,16458.2
2024-09-11,0.540639,85000,59904.4,0.349901,0.6601,,C,59904.4,15673.3
2024-09-11,0.789954,55000,60118.8,-0.0889899,0.645,,P,60118.8,19334.1
2024-09-11,0.789954,60000,60118.8,-0.00197849,0.6496,,P,60118.8,20426.5
2024-09-11,0.789954,65000,60118.8,0.0780642,0.6529,,C,60118.8,21060.2
2024-09-11,0.789954,70000,60118.8,0.152172,0.6569,,C,60118.8,21306.3
2024-09-11,0.789954,75000,60118.8,0.221165,0.6639,,C,60118.8,21249.1
2024-09-11,0.789954,80000,60118.8,0.285704,0.6669,,C,60118.8,20952.6
2024-09-11,0.789954,85000,60118.8,0.346328,0.6717,,C,60118.8,20488.1
2024-09-18,0.0228311,43000,60606.5,-0.343202,0.8806,,P,60606.5,110.288
2024-09-18,0.0228311,47000,60606.5,-0.254255,0.8264,,P,60606.5,403.959
2024-09-18,0.0228311,52000,60606.5,-0.153159,0.6737,,P,60606.5,1089.71
2024-09-18,0.0228311,56000,60606.5,-0.0790507,0.5525,,P,60606.5,2241.01
2024-09-18,0.0228311,61000,60606.5,0.00647144,0.4834,,C,60606.5,3648.41
2024-09-18,0.0228311,65000,60606.5,0.0699848,0.4984,,C,60606.5,2454.98
2024-09-18,0.0228311,70000,60606.5,0.144093,0.5742,,C,60606.5,987.707
2024-09-18,0.0228311,85000,60606.5,0.338249,0.851,,C,60606.5,135.722
2024-09-18,0.0420091,46000,61051.4,-0.283074,0.7119,,P,61051.4,658.214
2024-09-18,0.0420091,53000,61051.4,-0.141424,0.5768,,P,61051.4,2270.19
2024-09-18,0.0420091,56000,61051.4,-0.0863642,0.5,,P,61051.4,3347.61
2024-09-18,0.0420091,60000,61051.4,-0.0173713,0.4801,,P,61051.4,4866.45
2024-09-18,0.0420091,63000,61051.4,0.0314189,0.4791,,C,61051.4,4812.23
2024-09-18,0.0420091,68000,61051.4,0.107792,0.4971,,C,61051.4,3006.57
2024-09-18,0.0420091,74000,61051.4,0.192349,0.5986,,C,61051.4,1605.1
2024-09-18,0.0420091,84000,61051.4,0.319101,0.7217,,C,61051.4,569.957
2024-09-18,0.0995434,44000,61148.6,-0.329118,0.6381,,P,61148.6,1707.32
2024-09-18,0.0995434,50000,61148.6,-0.201285,0.5678,,P,61148.6,3687.34
2024-09-18,0.0995434,55000,61148.6,-0.105974,0.5196,,P,61148.6,5903.24
2024-09-18,0.0995434,61000,61148.6,-0.00243369,0.4959,,P,61148.6,7662.9
2024-09-18,0.0995434,67000,61148.6,0.0913851,0.5011,,C,61148.6,6795.78
2024-09-18,0.0995434,73000,61148.6,0.177152,0.5307,,C,61148.6,4788.25
2024-09-18,0.0995434,78000,61148.6,0.243401,0.5541,,C,61148.6,3285.23
2024-09-18,0.0995434,86000,61148.6,0.34104,0.5993,,C,61148.6,1786.48
2024-09-18,0.1379,45000,61146.6,-0.306612,0.6416,,P,61146.6,3371.2
2024-09-18,0.1379,50000,61146.6,-0.201251,0.5955,,P,61146.6,5380.96
2024-09-18,0.1379,60000,61146.6,-0.0189297,0.5651,,P,61146.6,8887.83
2024-09-18,0.1379,63000,61146.6,0.0298605,0.5752,,C,61146.6,9053.73
2024-09-18,0.1379,67000,61146.6,0.0914184,0.572,,C,61146.6,8594.95
2024-09-18,0.1379,70000,61146.6,0.135221,0.5769,,C,61146.6,7896.28
2024-09-18,0.1379,75000,61146.6,0.204214,0.5899,,C,61146.6,6457.86
2024-09-18,0.1379,80000,61146.6,0.268752,0.6173,,C,61146.6,5177.24
2024-09-18,0.195434,45000,61301.8,-0.309147,0.6108,,P,61301.8,4766.07
2024-09-18,0.195434,50000,61301.8,-0.203787,0.5957,,P,61301.8,7175.21
2024-09-18,0.195434,56000,61301.8,-0.0904579,0.5791,,P,61301.8,9628.8
2024-09-18,0.195434,60000,61301.8,-0.021465,0.574,,P,61301.8,10572.4
2024-09-18,0.195434,64000,61301.8,0.0430735,0.5729,,C,61301.8,10801.2
2024-09-18,0.195434,68000,61301.8,0.103698,0.5785,,C,61301.8,10402.8
2024-09-18,0.195434,74000,61301.8,0.188256,0.5987,,C,61301.8,9143.27
2024-09-18,0.195434,85000,61301.8,0.326842,0.6082,,C,61301.8,6026.37
2024-09-18,0.272146,44000,61523.9,-0.335237,0.6039,,P,61523.9,6071.42
2024-09-18,0.272146,47000,61523.9,-0.269279,0.6056,,P,61523.9,7686.14
2024-09-18,0.272146,51000,61523.9,-0.187601,0.5968,,P,61523.9,9605.35
2024-09-18,0.272146,54000,61523.9,-0.130442,0.5868,,P,61523.9,10827.2
2024-09-18,0.272146,57000,61523.9,-0.0763752,0.5753,,P,61523.9,11798.3
2024-09-18,0.272146,60000,61523.9,-0.0250819,0.5744,,P,61523.9,12459.9
2024-09-18,0.272146,70000,61523.9,0.129069,0.5887,,C,61523.9,12356.9
2024-09-18,0.272146,85000,61523.9,0.323225,0.6134,,C,61523.9,8921.4
2024-09-18,0.521461,45000,62711.7,-0.331886,0.6149,,P,62711.7,11292.4
2024-09-18,0.521461,50000,62711.7,-0.226525,0.6075,,P,62711.7,13782.7
2024-09-18,0.521461,55000,62711.7,-0.131215,0.62,,P,62711.7,15806.8
2024-09-18,0.521461,60000,62711.7,-0.0442036,0.6085,,P,62711.7,17162.9
2024-09-18,0.521461,65000,62711.7,0.0358391,0.6221,,C,62711.7,17877.8
2024-09-18,0.521461,70000,62711.7,0.109947,0.6281,,C,62711.7,18064.1
2024-09-18,0.521461,75000,62711.7,0.17894,0.6263,,C,62711.7,17808.6
2024-09-18,0.521461,80000,62711.7,0.243478,0.6196,,C,62711.7,17162.1
2024-09-18,0.770776,50000,64200.5,-0.249988,0.6237,,P,64200.5,17222.3
2024-09-18,0.770776,55000,64200.5,-0.154678,0.6265,,P,64200.5,19263.2
2024-09-18,0.770776,60000,64200.5,-0.0676662,0.6332,,P,64200.5,20759.9
2024-09-18,0.770776,65000,64200.5,0.0123765,0.6252,,C,64200.5,21783.8
2024-09-18,0.770776,75000,64200.5,0.155477,0.6388,,C,64200.5,22485.9
2024-09-18,0.770776,80000,64200.5,0.220016,0.6512,,C,64200.5,22376.1
2024-09-18,0.770776,85000,64200.5,0.280641,0.6473,,C,64200.5,21997.1
2024-09-18,0.770776,90000,64200.5,0.337799,0.6518,,C,64200.5,21469.4
2024-09-25,0.0228311,46000,63347,-0.319986,0.8768,,P,63347,175.678
2024-09-25,0.0228311,53000,63347,-0.178336,0.6323,,P,63347,611.073
2024-09-25,0.0228311,57000,63347,-0.105576,0.5087,,P,63347,1409.22
2024-09-25,0.0228311,61000,63347,-0.0377536,0.4293,,P,63347,3161.66
2024-09-25,0.0228311,65000,63347,0.0257598,0.4364,,C,63347,3581.93
2024-09-25,0.0228311,69000,63347,0.085479,0.4662,,C,63347,1907.42
2024-09-25,0.0228311,76000,63347,0.182106,0.5554,,C,63347,396.787
2024-09-25,0.0228311,84000,63347,0.282189,0.6711,,C,63347,91.4049
2024-09-25,0.0420091,50000,63512.5,-0.239213,0.6325,,P,63512.5,837.949
2024-09-25,0.0420091,57000,63512.5,-0.108185,0.4917,,P,63512.5,2761.63
2024-09-25,0.0420091,60000,63512.5,-0.0568916,0.463,,P,63512.5,4212.63
2024-09-25,0.0420091,64000,63512.5,0.00764692,0.4457,,C,63512.5,5189.51
2024-09-25,0.0420091,67000,63512.5,0.0534565,0.4546,,C,63512.5,4519.63
2024-09-25,0.0420091,72000,63512.5,0.12543,0.4825,,C,63512.5,2470.76
2024-09-25,0.0420091,78000,63512.5,0.205473,0.5292,,C,63512.5,955.358
2024-09-25,0.0420091,90000,63512.5,0.348574,0.6384,,C,63512.5,177.486
2024-09-25,0.0803653,45000,63639.9,-0.346578,0.6676,,P,63639.9,1126.59
2024-09-25,0.0803653,51000,63639.9,-0.221415,0.5676,,P,63639.9,2491.87
2024-09-25,0.0803653,57000,63639.9,-0.110189,0.4927,,P,63639.9,4977.87
2024-09-25,0.0803653,63000,63639.9,-0.0101055,0.4711,,P,63639.9,7124.72
2024-09-25,0.0803653,68000,63639.9,0.0662675,0.4752,,C,63639.9,6577.08
2024-09-25,0.0803653,74000,63639.9,0.150825,0.4945,,C,63639.9,4340.07
2024-09-25,0.0803653,80000,63639.9,0.228786,0.5222,,C,63639.9,2437.9
2024-09-25,0.0803653,90000,63639.9,0.346569,0.5769,,C,63639.9,903.321
2024-09-25,0.118721,50000,63933.9,-0.245827,0.5918,,P,63933.9,3738.26
2024-09-25,0.118721,55000,63933.9,-0.150517,0.5663,,P,63933.9,6024.8
2024-09-25,0.118721,63000,63933.9,-0.0147154,0.5588,,P,63933.9,8658.24
2024-09-25,0.118721,65000,63933.9,0.0165371,0.5499,,C,63933.9,8788.08
2024-09-25,0.118721,70000,63933.9,0.0906451,0.5534,,C,63933.9,8176.05
2024-09-25,0.118721,72000,63933.9,0.118816,0.5611,,C,63933.9,7685.33
2024-09-25,0.118721,80000,63933.9,0.224176,0.5837,,C,63933.9,5255.32
2024-09-25,0.118721,90000,63933.9,0.34196,0.6263,,C,63933.9,2953.7
2024-09-25,0.176256,46000,64152,-0.332613,0.6204,,P,64152,3991.78
2024-09-25,0.176256,52000,64152,-0.210011,0.5752,,P,64152,6579.47
2024-09-25,0.176256,56000,64152,-0.135903,0.5593,,P,64152,8432.31
2024-09-25,0.176256,61000,64152,-0.0503807,0.5588,,P,64152,10168.3
2024-09-25,0.176256,65000,64152,0.0131328,0.5561,,C,64152,10725
2024-09-25,0.176256,70000,64152,0.0872407,0.5653,,C,64152,10416.8
2024-09-25,0.176256,76000,64152,0.169479,0.575,,C,64152,9074.02
2024-09-25,0.176256,90000,64152,0.338555,0.6072,,C,64152,5226.05
2024-09-25,0.252968,46000,64700.8,-0.341133,0.6037,,P,64700.8,5756.81
2024-09-25,0.252968,50000,64700.8,-0.257751,0.5765,,P,64700.8,7607.27
2024-09-25,0.252968,54000,64700.8,-0.18079,0.5777,,P,64700.8,9670.37
2024-09-25,0.252968,58000,64700.8,-0.109331,0.5637,,P,64700.8,11296.8
2024-09-25,0.252968,60000,64700.8,-0.0754297,0.5615,,P,64700.8,11944.1
2024-09-25,0.252968,63000,64700.8,-0.0266395,0.5699,,P,64700.8,12625
2024-09-25,0.252968,75000,64700.8,0.147714,0.5862,,C,64700.8,12195.6
2024-09-25,0.252968,90000,64700.8,0.330035,0.609,,C,64700.8,8468.85
2024-09-25,0.502283,50000,66149.7,-0.279897,0.5888,,P,66149.7,12705.3
2024-09-25,0.502283,55000,66149.7,-0.184587,0.591,,P,66149.7,15140.2
2024-09-25,0.502283,60000,66149.7,-0.0975755,0.5904,,P,66149.7,16959.4
2024-09-25,0.502283,65000,66149.7,-0.0175328,0.5923,,P,66149.7,18120.1
2024-09-25,0.502283,70000,66149.7,0.0565751,0.5974,,C,66149.7,18646.1
2024-09-25,0.502283,75000,66149.7,0.125568,0.6001,,C,66149.7,18639.4
2024-09-25,0.502283,80000,66149.7,0.190107,0.6074,,C,66149.7,18229.9
2024-09-25,0.502283,90000,66149.7,0.30789,0.6176,,C,66149.7,16631.3
2024-09-25,0.751598,50000,67441.3,-0.299235,0.6001,,P,67441.3,16455.9
2024-09-25,0.751598,55000,67441.3,-0.203924,0.6021,,P,67441.3,18863.2
2024-09-25,0.751598,60000,67441.3,-0.116913,0.6029,,P,67441.3,20737
2024-09-25,0.751598,65000,67441.3,-0.0368703,0.6059,,P,67441.3,22068.5
2024-09-25,0.751598,75000,67441.3,0.106231,0.6136,,C,67441.3,23274.2
2024-09-25,0.751598,80000,67441.3,0.170769,0.617,,C,67441.3,23294.1
2024-09-25,0.751598,85000,67441.3,0.231394,0.6209,,C,67441.3,23026
2024-09-25,0.751598,90000,67441.3,0.288552,0.6248,,C,67441.3,22539.1
2024-10-02,0.0228311,50000,60869.6,-0.196711,0.6636,,P,60869.6,484.806
2024-10-02,0.0228311,56000,60869.6,-0.0833824,0.5135,,P,60869.6,1974.05
2024-10-02,0.0228311,59000,60869.6,-0.0311966,0.4879,,P,60869.6,3300.8
2024-10-02,0.0228311,62000,60869.6,0.0184003,0.4763,,C,60869.6,3581.74
2024-10-02,0.0228311,66000,60869.6,0.0809207,0.4851,,C,60869.6,2075.85
2024-10-02,0.0228311,69000,60869.6,0.125372,0.5318,,C,60869.6,1155.68
2024-10-02,0.0228311,74000,60869.6,0.195331,0.6066,,C,60869.6,417.187
2024-10-02,0.0228311,82000,60869.6,0.297985,0.6729,,C,60869.6,58.0172
2024-10-02,0.0420091,50000,61053.8,-0.199732,0.626,,P,61053.8,1342.22
2024-10-02,0.0420091,57000,61053.8,-0.0687036,0.5004,,P,61053.8,3849.15
2024-10-02,0.0420091,60000,61053.8,-0.0174103,0.4806,,P,61053.8,4866.35
2024-10-02,0.0420091,64000,61053.8,0.0471282,0.4763,,C,61053.8,4543.64
2024-10-02,0.0420091,67000,61053.8,0.0929377,0.4839,,C,61053.8,3367.22
2024-10-02,0.0420091,71000,61053.8,0.150925,0.5023,,C,61053.8,1835.8
2024-10-02,0.0420091,76000,61053.8,0.218978,0.5285,,C,61053.8,720.775
2024-10-02,0.0420091,84000,61053.8,0.319062,0.5995,,C,61053.8,200.733
2024-10-02,0.0611872,44000,60984.1,-0.326424,0.72,,P,60984.1,949.308
2024-10-02,0.0611872,50000,60984.1,-0.198591,0.5755,,P,60984.1,2054.2
2024-10-02,0.0611872,56000,60984.1,-0.0852621,0.4992,,P,60984.1,4535.1
2024-10-02,0.0611872,61000,60984.1,0.000260039,0.4828,,C,60984.1,6008.12
2024-10-02,0.0611872,67000,60984.1,0.0940788,0.4987,,C,60984.1,4707.19
2024-10-02,0.0611872,72000,60984.1,0.166052,0.5306,,C,60984.1,2930.92
2024-10-02,0.0611872,78000,60984.1,0.246095,0.5449,,C,60984.1,1282.42
2024-10-02,0.0611872,86000,60984.1,0.343733,0.6159,,C,60984.1,559.042
2024-10-02,0.0995434,45000,61130,-0.30634,0.6743,,P,61130,2327.84
2024-10-02,0.0995434,50000,61130,-0.20098,0.6061,,P,61130,3987.34
2024-10-02,0.0995434,60000,61130,-0.0186583,0.5578,,P,61130,7550.87
2024-10-02,0.0995434,63000,61130,0.0301319,0.5624,,C,61130,7669.07
2024-10-02,0.0995434,67000,61130,0.0916898,0.571,,C,61130,7048.07
2024-10-02,0.0995434,70000,61130,0.135492,0.5848,,C,61130,6261.01
2024-10-02,0.0995434,75000,61130,0.204485,0.5964,,C,61130,4701.2
2024-10-02,0.0995434,80000,61130,0.269024,0.6205,,C,61130,3407.65
2024-10-02,0.157078,44000,61559.6,-0.335816,0.6461,,P,61559.6,3454
2024-10-02,0.157078,50000,61559.6,-0.207983,0.5782,,P,61559.6,5772.7
2024-10-02,0.157078,55000,61559.6,-0.112673,0.5584,,P,61559.6,8032.55
2024-10-02,0.157078,60000,61559.6,-0.0256612,0.5601,,P,61559.6,9486.67
2024-10-02,0.157078,66000,61559.6,0.069649,0.5675,,C,61559.6,9545.93
2024-10-02,0.157078,71000,61559.6,0.142674,0.5791,,C,61559.6,8559.98
2024-10-02,0.157078,76000,61559.6,0.210728,0.5894,,C,61559.6,7150.71
2024-10-02,0.157078,85000,61559.6,0.322645,0.61,,C,61559.6,4660.16
2024-10-02,0.23379,45000,61869.7,-0.318368,0.6015,,P,61869.7,5531.85
2024-10-02,0.23379,48000,61869.7,-0.25383,0.5851,,P,61869.7,6958.78
2024-10-02,0.23379,52000,61869.7,-0.173787,0.5717,,P,61869.7,8893.81
2024-10-02,0.23379,55000,61869.7,-0.117698,0.5616,,P,61869.7,10149.5
2024-10-02,0.23379,58000,61869.7,-0.0645878,0.5626,,P,61869.7,11130.6
2024-10-02,0.23379,61000,61869.7,-0.0141569,0.5641,,P,61869.7,11724.7
2024-10-02,0.23379,70000,61869.7,0.123464,0.5828,,C,61869.7,11418.7
2024-10-02,0.23379,85000,61869.7,0.31762,0.6103,,C,61869.7,7753.08
2024-10-02,0.483105,45000,62959.3,-0.335826,0.5915,,P,62959.3,10351.5
2024-10-02,0.483105,50000,62959.3,-0.230465,0.5778,,P,62959.3,12932.4
2024-10-02,0.483105,55000,62959.3,-0.135155,0.5836,,P,62959.3,15121.8
2024-10-02,0.483105,60000,62959.3,-0.0481435,0.5837,,P,62959.3,16578.4
2024-10-02,0.483105,70000,62959.3,0.106007,0.5862,,C,62959.3,17430
2024-10-02,0.483105,75000,62959.3,0.175,0.5924,,C,62959.3,17043.7
2024-10-02,0.483105,80000,62959.3,0.239539,0.5982,,C,62959.3,16313.5
2024-10-02,0.483105,85000,62959.3,0.300163,0.6104,,C,62959.3,15442.1
2024-10-02,0.73242,70000,64529.1,0.0813795,0.6002,,C,64529.1,21925.2
2024-10-02,0.73242,80000,64529.1,0.214911,0.6126,,C,64529.1,21792.3
2024-10-02,0.73242,85000,64529.1,0.275536,0.6186,,C,64529.1,21322.7
2024-10-02,0.73242,90000,64529.1,0.332694,0.621,,C,64529.1,20647.2
2024-10-02,0.981735,50000,65949.5,-0.276867,0.5957,,P,65949.5,19467.3
2024-10-02,0.981735,55000,65949.5,-0.181556,0.5979,,P,65949.5,21739.4
2024-10-02,0.981735,60000,65949.5,-0.0945451,0.5943,,P,65949.5,23505.4
2024-10-02,0.981735,70000,65949.5,0.0596056,0.6142,,C,65949.5,25519.6
2024-10-02,0.981735,75000,65949.5,0.128598,0.6127,,C,65949.5,25959.3
2024-10-02,0.981735,90000,65949.5,0.31092,0.6315,,C,65949.5,25630.8
2024-10-09,0.0228311,50000,60765.7,-0.195002,0.6847,,P,60765.7,561.641
2024-10-09,0.0228311,56000,60765.7,-0.0816734,0.4987,,P,60765.7,1952.93
2024-10-09,0.0228311,60000,60765.7,-0.0126806,0.4267,,P,60765.7,3568.23
2024-10-09,0.0228311,63000,60765.7,0.0361096,0.4244,,C,60765.7,3181.24
2024-10-09,0.0228311,66000,60765.7,0.0826296,0.454,,C,60765.7,1846.98
2024-10-09,0.0228311,69000,60765.7,0.127081,0.5119,,C,60765.7,1011.43
2024-10-09,0.0228311,74000,60765.7,0.19704,0.5923,,C,60765.7,357.772
2024-10-09,0.0228311,84000,60765.7,0.323792,0.6795,,C,60765.7,29.7805
2024-10-09,0.0420091,45000,61067.5,-0.305317,0.7569,,P,61067.5,616.186
2024-10-09,0.0420091,51000,61067.5,-0.180153,0.5755,,P,61067.5,1419.01
2024-10-09,0.0420091,56000,61067.5,-0.0866274,0.4678,,P,61067.5,3175.6
2024-10-09,0.0420091,62000,61067.5,0.0151553,0.4344,,C,61067.5,4954.05
2024-10-09,0.0420091,67000,61067.5,0.0927135,0.4574,,C,61067.5,3203.85
2024-10-09,0.0420091,73000,61067.5,0.17848,0.5253,,C,61067.5,1379.72
2024-10-09,0.0420091,78000,61067.5,0.24473,0.5919,,C,61067.5,736.327
2024-10-09,0.0420091,86000,61067.5,0.342368,0.6315,,C,61067.5,178.855
2024-10-09,0.0803653,45000,61124.5,-0.30625,0.6721,,P,61124.5,1622.47
2024-10-09,0.0803653,50000,61124.5,-0.20089,0.6081,,P,61124.5,3158.93
2024-10-09,0.0803653,60000,61124.5,-0.018568,0.5316,,P,61124.5,6777.95
2024-10-09,0.0803653,63000,61124.5,0.0302221,0.5434,,C,61124.5,6863.98
2024-10-09,0.0803653,67000,61124.5,0.09178,0.5411,,C,61124.5,6033.58
2024-10-09,0.0803653,70000,61124.5,0.135583,0.5532,,C,61124.5,5075.3
2024-10-09,0.0803653,75000,61124.5,0.204576,0.5795,,C,61124.5,3514.67
2024-10-09,0.0803653,80000,61124.5,0.269114,0.6081,,C,61124.5,2329.69
2024-10-09,0.1379,44000,61653.9,-0.337346,0.623,,P,61653.9,2647.19
2024-10-09,0.1379,50000,61653.9,-0.209513,0.5661,,P,61653.9,4978.17
2024-10-09,0.1379,56000,61653.9,-0.0961841,0.5389,,P,61653.9,7716.65
2024-10-09,0.1379,61000,61653.9,-0.0106619,0.5374,,P,61653.9,9027.23
2024-10-09,0.1379,66000,61653.9,0.068119,0.5388,,C,61653.9,8873.62
2024-10-09,0.1379,71000,61653.9,0.141144,0.5515,,C,61653.9,7689.25
2024-10-09,0.1379,76000,61653.9,0.209198,0.5685,,C,61653.9,6172.07
2024-10-09,0.1379,85000,61653.9,0.321115,0.6058,,C,61653.9,3847.62
2024-10-09,0.214612,47000,62805.9,-0.289901,0.5688,,P,62805.9,5434.79
2024-10-09,0.214612,51000,62805.9,-0.208223,0.551,,P,62805.9,7438.57
2024-10-09,0.214612,53000,62805.9,-0.169757,0.5374,,P,62805.9,8385.87
2024-10-09,0.214612,56000,62805.9,-0.114697,0.538,,P,62805.9,9782.98
2024-10-09,0.214612,60000,62805.9,-0.0457042,0.5404,,P,62805.9,11070.6
2024-10-09,0.214612,63000,62805.9,0.00308593,0.5421,,C,62805.9,11533.2
2024-10-09,0.214612,70000,62805.9,0.108446,0.5514,,C,62805.9,11107.2
2024-10-09,0.214612,85000,62805.9,0.302602,0.5879,,C,62805.9,7216.98
2024-10-09,0.463927,45000,63163.5,-0.339063,0.5648,,P,63163.5,9643.95
2024-10-09,0.463927,50000,63163.5,-0.233703,0.5578,,P,63163.5,12412.3
2024-10-09,0.463927,55000,63163.5,-0.138393,0.5563,,P,63163.5,14715.9
2024-10-09,0.463927,60000,63163.5,-0.0513813,0.5615,,P,63163.5,16277.3
2024-10-09,0.463927,70000,63163.5,0.102769,0.5657,,C,63163.5,17116.3
2024-10-09,0.463927,75000,63163.5,0.171762,0.5737,,C,63163.5,16659.2
2024-10-09,0.463927,80000,63163.5,0.236301,0.581,,C,63163.5,15848.4
2024-10-09,0.463927,85000,63163.5,0.296925,0.5855,,C,63163.5,14793.3
2024-10-09,0.713242,50000,65391.8,-0.268374,0.5715,,P,65391.8,16032.1
2024-10-09,0.713242,55000,65391.8,-0.173064,0.5712,,P,65391.8,18403.1
2024-10-09,0.713242,70000,65391.8,0.0680985,0.5833,,C,65391.8,21903.6
2024-10-09,0.713242,75000,65391.8,0.137091,0.5803,,C,65391.8,22018.6
2024-10-09,0.713242,80000,65391.8,0.20163,0.5876,,C,65391.8,21758
2024-10-09,0.713242,85000,65391.8,0.262255,0.5903,,C,65391.8,21203.9
2024-10-09,0.713242,90000,65391.8,0.319413,0.5966,,C,65391.8,20481.5
2024-10-09,0.962557,50000,66776.4,-0.289327,0.5873,,P,66776.4,19127
2024-10-09,0.962557,55000,66776.4,-0.194017,0.5778,,P,66776.4,21489.9
2024-10-09,0.962557,65000,66776.4,-0.0269631,0.5695,,P,66776.4,24770.7
2024-10-09,0.962557,70000,66776.4,0.0471449,0.5915,,C,66776.4,25572.2
2024-10-09,0.962557,75000,66776.4,0.116138,0.5917,,C,66776.4,26030.3
2024-10-09,0.962557,80000,66776.4,0.180676,0.5909,,C,66776.4,26130.2
2024-10-09,0.962557,90000,66776.4,0.298459,0.5939,,C,66776.4,25506.6
2024-10-16,0.0228311,48000,67837.9,-0.34592,0.9109,,P,67837.9,145.837
2024-10-16,0.0228311,54000,67837.9,-0.228137,0.7349,,P,67837.9,441.441
2024-10-16,0.0228311,59000,67837.9,-0.139583,0.5777,,P,67837.9,1060.88
2024-10-16,0.0228311,65000,67837.9,-0.0427336,0.4564,,P,67837.9,3301.6
2024-10-16,0.0228311,70000,67837.9,0.0313744,0.4698,,C,67837.9,3765.01
2024-10-16,0.0228311,76000,67837.9,0.113612,0.5396,,C,67837.9,1638.02
2024-10-16,0.0228311,82000,67837.9,0.189598,0.5914,,C,67837.9,472.979
2024-10-16,0.0228311,92000,67837.9,0.304668,0.8479,,C,67837.9,281.145
2024-10-16,0.0420091,48000,68018,-0.348571,0.7559,,P,68018,370.718
2024-10-16,0.0420091,55000,68018,-0.212439,0.6014,,P,68018,1130.48
2024-10-16,0.0420091,60000,68018,-0.125427,0.5026,,P,68018,2485.83
2024-10-16,0.0420091,64000,68018,-0.0608887,0.4746,,P,68018,4429.86
2024-10-16,0.0420091,69000,68018,0.0143347,0.4783,,C,68018,5535.46
2024-10-16,0.0420091,74000,68018,0.0842933,0.4935,,C,68018,4093.99
2024-10-16,0.0420091,84000,68018,0.211045,0.5715,,C,68018,1217.27
2024-10-16,0.0420091,92000,68018,0.302017,0.6233,,C,68018,394.724
2024-10-16,0.0611872,50000,68105.9,-0.309041,0.7262,,P,68105.9,1305.75
2024-10-16,0.0611872,55000,68105.9,-0.21373,0.6279,,P,68105.9,2336.21
2024-10-16,0.0611872,63000,68105.9,-0.0779289,0.5623,,P,68105.9,5511.74
2024-10-16,0.0611872,65000,68105.9,-0.0466764,0.5656,,P,68105.9,6195.23
2024-10-16,0.0611872,70000,68105.9,0.0274316,0.5782,,C,68105.9,6672.42
2024-10-16,0.0611872,72000,68105.9,0.0556025,0.5813,,C,68105.9,6395.97
2024-10-16,0.0611872,80000,68105.9,0.160963,0.5941,,C,68105.9,3987.44
2024-10-16,0.0611872,90000,68105.9,0.278746,0.6558,,C,68105.9,1759.39
2024-10-16,0.118721,49000,68474,-0.334633,0.6467,,P,68474,2562.18
2024-10-16,0.118721,54000,68474,-0.23747,0.5837,,P,68474,4141.94
2024-10-16,0.118721,59000,68474,-0.148916,0.5679,,P,68474,6509.06
2024-10-16,0.118721,64000,68474,-0.0675705,0.5495,,P,68474,8500.11
2024-10-16,0.118721,68000,68474,-0.00694587,0.5556,,P,68474,9330.75
2024-10-16,0.118721,73000,68474,0.0640059,0.5745,,C,68474,9178.43
2024-10-16,0.118721,80000,68474,0.155573,0.5808,,C,68474,7483.01
2024-10-16,0.118721,95000,68474,0.327423,0.646,,C,68474,3734.55
2024-10-16,0.195434,49000,68861.6,-0.340278,0.6001,,P,68861.6,4460.91
2024-10-16,0.195434,52000,68861.6,-0.280854,0.5911,,P,68861.6,5872.92
2024-10-16,0.195434,55000,68861.6,-0.224765,0.5798,,P,68861.6,7328.86
2024-10-16,0.195434,58000,68861.6,-0.171655,0.5681,,P,68861.6,8754.8
2024-10-16,0.195434,61000,68861.6,-0.121224,0.5642,,P,68861.6,10078.4
2024-10-16,0.195434,65000,68861.6,-0.0577108,0.5612,,P,68861.6,11396.3
2024-10-16,0.195434,80000,68861.6,0.149929,0.5818,,C,68861.6,10953.8
2024-10-16,0.195434,95000,68861.6,0.321779,0.6168,,C,68861.6,7044.08
2024-10-16,0.444749,50000,70174.9,-0.338967,0.5851,,P,70174.9,10602.5
2024-10-16,0.444749,55000,70174.9,-0.243657,0.5766,,P,70174.9,13274.7
2024-10-16,0.444749,60000,70174.9,-0.156646,0.5792,,P,70174.9,15607.1
2024-10-16,0.444749,65000,70174.9,-0.0766028,0.5766,,P,70174.9,17293
2024-10-16,0.444749,75000,70174.9,0.066498,0.585,,C,70174.9,18664.5
2024-10-16,0.444749,80000,70174.9,0.131037,0.5843,,C,70174.9,18484.4
2024-10-16,0.444749,85000,70174.9,0.191661,0.5905,,C,70174.9,17902.5
2024-10-16,0.444749,90000,70174.9,0.24882,0.5926,,C,70174.9,17006.9
2024-10-16,0.694064,55000,71706.1,-0.265243,0.5911,,P,71706.1,17514.9
2024-10-16,0.694064,60000,71706.1,-0.178232,0.5853,,P,71706.1,19794.5
2024-10-16,0.694064,70000,71706.1,-0.0240812,0.5883,,P,71706.1,22823
2024-10-16,0.694064,75000,71706.1,0.0449117,0.5923,,C,71706.1,23545.1
2024-10-16,0.694064,80000,71706.1,0.10945,0.5917,,C,71706.1,23825.2
2024-10-16,0.694064,85000,71706.1,0.170075,0.5912,,C,71706.1,23715.7
2024-10-16,0.694064,90000,71706.1,0.227233,0.5968,,C,71706.1,23320.2
2024-10-16,0.694064,100000,71706.1,0.332594,0.609,,C,71706.1,21983.6
2024-10-16,0.943379,55000,73152.1,-0.285207,0.579,,P,73152.1,20774.4
2024-10-16,0.943379,65000,73152.1,-0.118153,0.5919,,P,73152.1,25102
2024-10-16,0.943379,70000,73152.1,-0.044045,0.5907,,P,73152.1,26531.8
2024-10-16,0.943379,75000,73152.1,0.0249479,0.6031,,C,73152.1,27471.1
2024-10-16,0.943379,80000,73152.1,0.0894864,0.6077,,C,73152.1,28054.8
2024-10-16,0.943379,100000,73152.1,0.31263,0.6059,,C,73152.1,27560.3
2024-10-23,0.0228311,52000,66630.5,-0.247919,0.6876,,P,66630.5,205.58
2024-10-23,0.0228311,57000,66630.5,-0.156111,0.5524,,P,66630.5,645.599
2024-10-23,0.0228311,61000,66630.5,-0.0882884,0.4524,,P,66630.5,1667.96
2024-10-23,0.0228311,65000,66630.5,-0.024775,0.408,,P,66630.5,3657.55
2024-10-23,0.0228311,69000,66630.5,0.0349442,0.4246,,C,66630.5,3522.01
2024-10-23,0.0228311,73000,66630.5,0.0912971,0.4552,,C,66630.5,1741.08
2024-10-23,0.0228311,80000,66630.5,0.182864,0.5728,,C,66630.5,471.844
2024-10-23,0.0228311,90000,66630.5,0.300647,0.6595,,C,66630.5,49.2056
2024-10-23,0.0420091,50000,66631.3,-0.287151,0.7411,,P,66631.3,788.176
2024-10-23,0.0420091,62000,66631.3,-0.07204,0.5664,,P,66631.3,4327.78
2024-10-23,0.0420091,65000,66631.3,-0.0247871,0.5615,,P,66631.3,5249.11
2024-10-23,0.0420091,68000,66631.3,0.0203333,0.5726,,C,66631.3,5412.65
2024-10-23,0.0420091,71000,66631.3,0.0635055,0.5835,,C,66631.3,4875.8
2024-10-23,0.0420091,74000,66631.3,0.104891,0.5892,,C,66631.3,3930.32
2024-10-23,0.0420091,78000,66631.3,0.157534,0.6187,,C,66631.3,2719.41
2024-10-23,0.0420091,90000,66631.3,0.300635,0.7073,,C,66631.3,735.425
2024-10-23,0.0995434,48000,67089.6,-0.334828,0.6399,,P,67089.6,1796.36
2024-10-23,0.0995434,53000,67089.6,-0.235737,0.5852,,P,67089.6,3307.82
2024-10-23,0.0995434,58000,67089.6,-0.145586,0.5429,,P,67089.6,5451.23
2024-10-23,0.0995434,63000,67089.6,-0.0628944,0.5366,,P,67089.6,7610.09
2024-10-23,0.0995434,68000,67089.6,0.0134786,0.5488,,C,67089.6,8444.13
2024-10-23,0.0995434,73000,67089.6,0.0844304,0.5594,,C,67089.6,7825.67
2024-10-23,0.0995434,80000,67089.6,0.175998,0.5797,,C,67089.6,5779.66
2024-10-23,0.0995434,95000,67089.6,0.347848,0.6313,,C,67089.6,2176.01
2024-10-23,0.176256,48000,67659.7,-0.34329,0.5833,,P,67659.7,3546.39
2024-10-23,0.176256,52000,67659.7,-0.263247,0.554,,P,67659.7,5200.4
2024-10-23,0.176256,55000,67659.7,-0.207158,0.5448,,P,67659.7,6735.31
2024-10-23,0.176256,58000,67659.7,-0.154048,0.5369,,P,67659.7,8254.29
2024-10-23,0.176256,61000,67659.7,-0.103617,0.5309,,P,67659.7,9598.1
2024-10-23,0.176256,65000,67659.7,-0.0401035,0.5378,,P,67659.7,10863.9
2024-10-23,0.176256,80000,67659.7,0.167536,0.5716,,C,67659.7,9587.98
2024-10-23,0.176256,95000,67659.7,0.339386,0.6105,,C,67659.7,5542.46
2024-10-23,0.425571,50000,69107.6,-0.323642,0.554,,P,69107.6,10079
2024-10-23,0.425571,55000,69107.6,-0.228332,0.547,,P,69107.6,12868.3
2024-10-23,0.425571,60000,69107.6,-0.14132,0.5506,,P,69107.6,15262.2
2024-10-23,0.425571,65000,69107.6,-0.0612778,0.5482,,P,69107.6,16916
2024-10-23,0.425571,75000,69107.6,0.0818231,0.5584,,C,69107.6,17969.3
2024-10-23,0.425571,80000,69107.6,0.146362,0.5651,,C,69107.6,17583.2
2024-10-23,0.425571,85000,69107.6,0.206986,0.5711,,C,69107.6,16799.9
2024-10-23,0.425571,90000,69107.6,0.264145,0.5751,,C,69107.6,15739.7
2024-10-23,0.674886,50000,70467.6,-0.343131,0.5642,,P,70467.6,14399.1
2024-10-23,0.674886,55000,70467.6,-0.24782,0.5569,,P,70467.6,17164.2
2024-10-23,0.674886,60000,70467.6,-0.160809,0.5607,,P,70467.6,19525.9
2024-10-23,0.674886,65000,70467.6,-0.0807663,0.5627,,P,70467.6,21269
2024-10-23,0.674886,75000,70467.6,0.0623346,0.5674,,C,70467.6,22981.2
2024-10-23,0.674886,80000,70467.6,0.126873,0.5666,,C,70467.6,23076.5
2024-10-23,0.674886,85000,70467.6,0.187498,0.5771,,C,70467.6,22806.8
2024-10-23,0.674886,90000,70467.6,0.244656,0.5848,,C,70467.6,22273.9
2024-10-23,0.924201,55000,71798.8,-0.266535,0.557,,P,71798.8,20543.2
2024-10-23,0.924201,60000,71798.8,-0.179524,0.5598,,P,71798.8,22963.7
2024-10-23,0.924201,65000,71798.8,-0.0994808,0.566,,P,71798.8,24830
2024-10-23,0.924201,70000,71798.8,-0.0253728,0.5631,,P,71798.8,26182.8
2024-10-23,0.924201,80000,71798.8,0.108159,0.5711,,C,71798.8,27454
2024-10-23,0.924201,85000,71798.8,0.168783,0.5821,,C,71798.8,27530.1
2024-10-23,0.924201,90000,71798.8,0.225942,0.5834,,C,71798.8,27331
2024-10-23,0.924201,100000,71798.8,0.331302,0.5909,,C,71798.8,26331.4
2024-10-30,0.0228311,55000,72546.3,-0.276891,0.942,,P,72546.3,572.533
2024-10-30,0.0228311,63000,72546.3,-0.14109,0.7494,,P,72546.3,1872.1
2024-10-30,0.0228311,66000,72546.3,-0.0945699,0.7159,,P,72546.3,2842.15
2024-10-30,0.0228311,69000,72546.3,-0.0501181,0.674,,P,72546.3,3773.57
2024-10-30,0.0228311,73000,72546.3,0.00623484,0.6835,,C,72546.3,4372.92
2024-10-30,0.0228311,76000,72546.3,0.0465087,0.6713,,C,72546.3,4024.17
2024-10-30,0.0228311,82000,72546.3,0.122495,0.6792,,C,72546.3,2277.47
2024-10-30,0.0228311,100000,72546.3,0.320946,0.868,,C,72546.3,256.58
2024-10-30,0.0420091,54000,72628.5,-0.296373,0.7747,,P,72628.5,894.218
2024-10-30,0.0420091,62000,72628.5,-0.158223,0.6584,,P,72628.5,2753.13
2024-10-30,0.0420091,67000,72628.5,-0.0806643,0.6228,,P,72628.5,4662.05
2024-10-30,0.0420091,71000,72628.5,-0.0226771,0.6107,,P,72628.5,5764.83
2024-10-30,0.0420091,76000,72628.5,0.0453764,0.6248,,C,72628.5,5693.61
2024-10-30,0.0420091,82000,72628.5,0.121362,0.6371,,C,72628.5,4088.34
2024-10-30,0.0420091,92000,72628.5,0.236432,0.6729,,C,72628.5,1534.09
2024-10-30,0.0420091,100000,72628.5,0.319813,0.7321,,C,72628.5,716.954
2024-10-30,0.0803653,52000,73054.3,-0.339959,0.6934,,P,73054.3,1554.83
2024-10-30,0.0803653,57000,73054.3,-0.248151,0.6338,,P,73054.3,2800.58
2024-10-30,0.0803653,62000,73054.3,-0.164068,0.6054,,P,73054.3,4801.92
2024-10-30,0.0803653,67000,73054.3,-0.0865099,0.5649,,P,73054.3,6816.22
2024-10-30,0.0803653,71000,73054.3,-0.0285227,0.5775,,P,73054.3,7995.58
2024-10-30,0.0803653,76000,73054.3,0.0395308,0.5853,,C,73054.3,8163.08
2024-10-30,0.0803653,84000,73054.3,0.139614,0.5965,,C,73054.3,6278.17
2024-10-30,0.0803653,100000,73054.3,0.313968,0.637,,C,73054.3,2123.66
2024-10-30,0.157078,52000,73608.5,-0.347516,0.6114,,P,73608.5,3472.35
2024-10-30,0.157078,56000,73608.5,-0.273408,0.5854,,P,73608.5,5035.63
2024-10-30,0.157078,58000,73608.5,-0.238317,0.5704,,P,73608.5,5889.14
2024-10-30,0.157078,61000,73608.5,-0.187886,0.5516,,P,73608.5,7279.64
2024-10-30,0.157078,63000,73608.5,-0.155625,0.5475,,P,73608.5,8276.57
2024-10-30,0.157078,75000,73608.5,0.018728,0.5571,,C,73608.5,11634.6
2024-10-30,0.157078,85000,73608.5,0.143891,0.5699,,C,73608.5,10144.8
2024-10-30,0.157078,100000,73608.5,0.30641,0.5913,,C,73608.5,5731
2024-10-30,0.252968,54000,74156.3,-0.317191,0.5663,,P,74156.3,6760.97
2024-10-30,0.252968,62000,74156.3,-0.179041,0.5346,,P,74156.3,10802.1
2024-10-30,0.252968,67000,74156.3,-0.101482,0.5358,,P,74156.3,13056.2
2024-10-30,0.252968,73000,74156.3,-0.0157156,0.5435,,P,74156.3,14601.7
2024-10-30,0.252968,77000,74156.3,0.0376304,0.5513,,C,74156.3,14879.5
2024-10-30,0.252968,84000,74156.3,0.124642,0.5564,,C,74156.3,14201.3
2024-10-30,0.252968,94000,74156.3,0.23712,0.5685,,C,74156.3,11757.3
2024-10-30,0.252968,105000,74156.3,0.347785,0.5733,,C,74156.3,8466.42
2024-10-30,0.406393,55000,75365,-0.315009,0.5454,,P,75365,10698.9
2024-10-30,0.406393,60000,75365,-0.227998,0.5424,,P,75365,13556.3
2024-10-30,0.406393,65000,75365,-0.147955,0.5438,,P,75365,16008.3
2024-10-30,0.406393,70000,75365,-0.0738471,0.5436,,P,75365,17788.4
2024-10-30,0.406393,80000,75365,0.0596843,0.5526,,C,75365,19166.5
2024-10-30,0.406393,85000,75365,0.120309,0.5595,,C,75365,18926.3
2024-10-30,0.406393,90000,75365,0.177467,0.5607,,C,75365,18223.2
2024-10-30,0.406393,100000,75365,0.282828,0.5723,,C,75365,16078.4
2024-10-30,0.655708,55000,77370.1,-0.341267,0.5515,,P,77370.1,15349.7
2024-10-30,0.655708,60000,77370.1,-0.254256,0.5512,,P,77370.1,18253.6
2024-10-30,0.655708,65000,77370.1,-0.174213,0.5487,,P,77370.1,20697
2024-10-30,0.655708,70000,77370.1,-0.100105,0.5514,,P,77370.1,22613.3
2024-10-30,0.655708,75000,77370.1,-0.0311126,0.5523,,P,77370.1,23942.7
2024-10-30,0.655708,80000,77370.1,0.033426,0.557,,C,77370.1,24709.3
2024-10-30,0.655708,90000,77370.1,0.151209,0.5661,,C,77370.1,24867.9
2024-10-30,0.655708,100000,77370.1,0.25657,0.5727,,C,77370.1,23736.2
2024-10-30,0.905023,60000,78921.9,-0.274114,0.5459,,P,78921.9,21967.3
2024-10-30,0.905023,65000,78921.9,-0.194072,0.5523,,P,78921.9,24529.2
2024-10-30,0.905023,70000,78921.9,-0.119964,0.5466,,P,78921.9,26555.3
2024-10-30,0.905023,80000,78921.9,0.0135676,0.5625,,C,78921.9,29087
2024-10-30,0.905023,90000,78921.9,0.131351,0.5751,,C,78921.9,29936
2024-10-30,0.905023,100000,78921.9,0.236711,0.5703,,C,78921.9,29547.7
2024-10-30,0.905023,110000,78921.9,0.332021,0.5833,,C,78921.9,28449.8
2024-11-06,0.0228311,54000,76041.5,-0.342295,0.9944,,P,76041.5,287.548
2024-11-06,0.0228311,62000,76041.5,-0.204145,0.6972,,P,76041.5,632.198
2024-11-06,0.0228311,66000,76041.5,-0.141625,0.5897,,P,76041.5,1206.3
2024-11-06,0.0228311,71000,76041.5,-0.0685995,0.5285,,P,76041.5,3060.12
2024-11-06,0.0228311,76000,76041.5,-0.000546035,0.5378,,P,76041.5,4578.64
2024-11-06,0.0228311,82000,76041.5,0.0754399,0.5735,,C,76041.5,3255.54
2024-11-06,0.0228311,90000,76041.5,0.16853,0.6353,,C,76041.5,1066.62
2024-11-06,0.0228311,100000,76041.5,0.273891,0.7722,,C,76041.5,333.756
2024-11-06,0.0420091,56000,76148,-0.307327,0.7663,,P,76148,784.794
2024-11-06,0.0420091,64000,76148,-0.173796,0.5761,,P,76148,1928.92
2024-11-06,0.0420091,68000,76148,-0.113171,0.5321,,P,76148,3429.19
2024-11-06,0.0420091,73000,76148,-0.0422197,0.5233,,P,76148,5633.8
2024-11-06,0.0420091,77000,76148,0.0111263,0.5406,,C,76148,6220.15
2024-11-06,0.0420091,84000,76148,0.0981377,0.5486,,C,76148,4461.19
2024-11-06,0.0420091,92000,76148,0.189109,0.6076,,C,76148,2156.43
2024-11-06,0.0420091,102000,76148,0.292294,0.735,,C,76148,1093.97
2024-11-06,0.0611872,54000,76360.3,-0.346479,0.6981,,P,76360.3,843.431
2024-11-06,0.0611872,59000,76360.3,-0.257926,0.6433,,P,76360.3,1775.11
2024-11-06,0.0611872,63000,76360.3,-0.192328,0.5879,,P,76360.3,2846.95
2024-11-06,0.0611872,68000,76360.3,-0.115955,0.5434,,P,76360.3,4890.46
2024-11-06,0.0611872,73000,76360.3,-0.0450036,0.529,,P,76360.3,6929.81
2024-11-06,0.0611872,78000,76360.3,0.0212458,0.5461,,C,76360.3,7505.15
2024-11-06,0.0611872,84000,76360.3,0.0953537,0.5733,,C,76360.3,6288.49
2024-11-06,0.0611872,100000,76360.3,0.269707,0.6354,,C,76360.3,1972.04
2024-11-06,0.1379,55000,76951.8,-0.335846,0.6147,,P,76951.8,3244.16
2024-11-06,0.1379,58000,76951.8,-0.282736,0.5918,,P,76951.8,4300.03
2024-11-06,0.1379,61000,76951.8,-0.232305,0.5731,,P,76951.8,5562.58
2024-11-06,0.1379,65000,76951.8,-0.168792,0.5557,,P,76951.8,7458.7
2024-11-06,0.1379,74000,76951.8,-0.039114,0.5468,,P,76951.8,10917.4
2024-11-06,0.1379,78000,76951.8,0.0135298,0.5514,,C,76951.8,11392.6
2024-11-06,0.1379,90000,76951.8,0.156631,0.5743,,C,76951.8,9361.02
2024-11-06,0.1379,105000,76951.8,0.310781,0.5934,,C,76951.8,4895.95
2024-11-06,0.23379,55000,77013.9,-0.336652,0.5451,,P,77013.9,5504.83
2024-11-06,0.23379,62000,77013.9,-0.216851,0.5303,,P,77013.9,9245.3
2024-11-06,0.23379,68000,77013.9,-0.124478,0.5305,,P,77013.9,12307
2024-11-06,0.23379,73000,77013.9,-0.0535258,0.5452,,P,77013.9,14045.7
2024-11-06,0.23379,78000,77013.9,0.0127235,0.5422,,C,77013.9,14805.1
2024-11-06,0.23379,84000,77013.9,0.0868315,0.5561,,C,77013.9,14594.1
2024-11-06,0.23379,94000,77013.9,0.19931,0.5619,,C,77013.9,12425.2
2024-11-06,0.23379,105000,77013.9,0.309975,0.58,,C,77013.9,9324.8
2024-11-06,0.387215,60000,78933.8,-0.274264,0.5475,,P,78933.8,12177.7
2024-11-06,0.387215,65000,78933.8,-0.194222,0.5448,,P,78933.8,14875.2
2024-11-06,0.387215,70000,78933.8,-0.120114,0.5424,,P,78933.8,17075.8
2024-11-06,0.387215,75000,78933.8,-0.0511209,0.5447,,P,78933.8,18615.4
2024-11-06,0.387215,85000,78933.8,0.0740423,0.5562,,C,78933.8,19578.8
2024-11-06,0.387215,90000,78933.8,0.131201,0.5558,,C,78933.8,19182.1
2024-11-06,0.387215,100000,78933.8,0.236561,0.5654,,C,78933.8,17323.2
2024-11-06,0.387215,110000,78933.8,0.331871,0.5741,,C,78933.8,14787.2
2024-11-06,0.63653,60000,79583.6,-0.282463,0.5562,,P,79583.6,17524
2024-11-06,0.63653,65000,79583.6,-0.20242,0.554,,P,79583.6,20115.9
2024-11-06,0.63653,70000,79583.6,-0.128312,0.5491,,P,79583.6,22219.4
2024-11-06,0.63653,75000,79583.6,-0.0593194,0.555,,P,79583.6,23780.5
2024-11-06,0.63653,85000,79583.6,0.0658437,0.5565,,C,79583.6,25261.7
2024-11-06,0.63653,90000,79583.6,0.123002,0.5572,,C,79583.6,25293
2024-11-06,0.63653,100000,79583.6,0.228363,0.5692,,C,79583.6,24385.1
2024-11-06,0.63653,110000,79583.6,0.323673,0.5748,,C,79583.6,22612
2024-11-06,0.885845,60000,82471.9,-0.318114,0.5602,,P,82471.9,21265.8
2024-11-06,0.885845,65000,82471.9,-0.238071,0.5605,,P,82471.9,23981
2024-11-06,0.885845,80000,82471.9,-0.0304315,0.5368,,P,82471.9,29487.8
2024-11-06,0.885845,85000,82471.9,0.0301931,0.5641,,C,82471.9,30300.3
2024-11-06,0.885845,90000,82471.9,0.0873515,0.5622,,C,82471.9,30813.8
2024-11-06,0.885845,100000,82471.9,0.192712,0.5608,,C,82471.9,30808.6
2024-11-06,0.885845,110000,82471.9,0.288022,0.5735,,C,82471.9,29908.5
2024-11-13,0.0228311,64000,90549.7,-0.347016,1.0103,,P,90549.7,345.428
2024-11-13,0.0228311,70000,90549.7,-0.257403,0.814,,P,90549.7,536.147
2024-11-13,0.0228311,77000,90549.7,-0.162093,0.6996,,P,90549.7,1551.25
2024-11-13,0.0228311,83000,90549.7,-0.087058,0.6229,,P,90549.7,3403.22
2024-11-13,0.0228311,89000,90549.7,-0.0172622,0.5829,,P,90549.7,5303.33
2024-11-13,0.0228311,95000,90549.7,0.0479783,0.5996,,C,90549.7,4854.4
2024-11-13,0.0228311,105000,90549.7,0.148062,0.6696,,C,90549.7,2011.98
2024-11-13,0.0228311,115000,90549.7,0.239034,0.7446,,C,90549.7,642.852
2024-11-13,0.0420091,65000,90867.9,-0.33502,0.8298,,P,90867.9,899.72
2024-11-13,0.0420091,71000,90867.9,-0.246727,0.7342,,P,90867.9,1707.86
2024-11-13,0.0420091,76000,90867.9,-0.178673,0.6615,,P,90867.9,2845.01
2024-11-13,0.0420091,82000,90867.9,-0.102688,0.5955,,P,90867.9,4945.18
2024-11-13,0.0420091,87000,90867.9,-0.0434987,0.573,,P,90867.9,6776.56
2024-11-13,0.0420091,93000,90867.9,0.0231927,0.5719,,C,90867.9,7358.37
2024-11-13,0.0420091,98000,90867.9,0.0755607,0.5872,,C,90867.9,6324.45
2024-11-13,0.0420091,125000,90867.9,0.318907,0.7157,,C,90867.9,818.03
2024-11-13,0.118721,65000,91875.7,-0.34605,0.6523,,P,91875.7,3226.46
2024-11-13,0.118721,72000,91875.7,-0.243771,0.6121,,P,91875.7,5700.71
2024-11-13,0.118721,78000,91875.7,-0.163728,0.5772,,P,91875.7,8250.98
2024-11-13,0.118721,84000,91875.7,-0.0896201,0.5683,,P,91875.7,10823
2024-11-13,0.118721,88000,91875.7,-0.0431001,0.5548,,P,91875.7,11994.8
2024-11-13,0.118721,95000,91875.7,0.03344,0.5659,,C,91875.7,12594.7
2024-11-13,0.118721,115000,91875.7,0.224495,0.5899,,C,91875.7,7638.02
2024-11-13,0.118721,130000,91875.7,0.347098,0.6419,,C,91875.7,4358.02
2024-11-13,0.214612,66000,92858.6,-0.341423,0.6007,,P,92858.6,6750.7
2024-11-13,0.214612,73000,92858.6,-0.240619,0.5796,,P,92858.6,10092.8
2024-11-13,0.214612,79000,92858.6,-0.16163,0.5614,,P,92858.6,12939.6
2024-11-13,0.214612,85000,92858.6,-0.0884268,0.5539,,P,92858.6,15346
2024-11-13,0.214612,91000,92858.6,-0.0202186,0.5577,,P,92858.6,16796.4
2024-11-13,0.214612,98000,92858.6,0.0538894,0.5608,,C,92858.6,17110.2
2024-11-13,0.214612,108000,92858.6,0.151053,0.5959,,C,92858.6,15783.7
2024-11-13,0.214612,130000,92858.6,0.336456,0.6097,,C,92858.6,9889.28
2024-11-13,0.368037,70000,94392.9,-0.298971,0.5684,,P,94392.9,13310.2
2024-11-13,0.368037,80000,94392.9,-0.165439,0.5549,,P,94392.9,18376.9
2024-11-13,0.368037,85000,94392.9,-0.104815,0.5565,,P,94392.9,20366.5
2024-11-13,0.368037,95000,94392.9,0.00641108,0.5615,,C,94392.9,22584.5
2024-11-13,0.368037,100000,94392.9,0.0577044,0.5585,,C,94392.9,22845.2
2024-11-13,0.368037,110000,94392.9,0.153015,0.5668,,C,94392.9,22009.1
2024-11-13,0.368037,115000,94392.9,0.197466,0.5851,,C,94392.9,21263.3
2024-11-13,0.368037,130000,94392.9,0.320069,0.5905,,C,94392.9,17700.5
2024-11-13,0.617352,70000,97336.2,-0.329675,0.5597,,P,97336.2,19069
2024-11-13,0.617352,75000,97336.2,-0.260682,0.5665,,P,97336.2,22009.4
2024-11-13,0.617352,85000,97336.2,-0.135519,0.5436,,P,97336.2,26500.8
2024-11-13,0.617352,90000,97336.2,-0.0783608,0.5617,,P,97336.2,28184.8
2024-11-13,0.617352,100000,97336.2,0.0269997,0.5629,,C,97336.2,30122.1
2024-11-13,0.617352,105000,97336.2,0.0757899,0.5672,,C,97336.2,30468.1
2024-11-13,0.617352,120000,97336.2,0.209321,0.5785,,C,97336.2,29691.8
2024-11-13,0.617352,130000,97336.2,0.289364,0.576,,C,97336.2,28015.3
2024-11-13,0.866667,75000,99768,-0.285359,0.555,,P,99768,26676.8
2024-11-13,0.866667,80000,99768,-0.22082,0.5365,,P,99768,29166.8
2024-11-13,0.866667,95000,99768,-0.0489702,0.5402,,P,99768,34866.2
2024-11-13,0.866667,100000,99768,0.00232308,0.5655,,C,99768,35832.9
2024-11-13,0.866667,105000,99768,0.0511132,0.5672,,C,99768,36538.9
2024-11-13,0.866667,110000,99768,0.0976333,0.5625,,C,99768,36948.2
2024-11-13,0.866667,130000,99768,0.264687,0.5761,,C,99768,36124.2
2024-11-13,0.866667,140000,99768,0.338795,0.5729,,C,99768,34620.3
2024-11-20,0.0228311,67000,94612.3,-0.345095,1.0005,,P,94612.3,353.508
2024-11-20,0.0228311,72000,94612.3,-0.273121,0.8695,,P,94612.3,572.068
2024-11-20,0.0228311,78000,94612.3,-0.193079,0.7144,,P,94612.3,1044.32
2024-11-20,0.0228311,83000,94612.3,-0.130947,0.6273,,P,94612.3,2054.71
2024-11-20,0.0228311,89000,94612.3,-0.0611512,0.5642,,P,94612.3,4272.84
2024-11-20,0.0228311,94000,94612.3,-0.00649282,0.5752,,P,94612.3,5663.55
2024-11-20,0.0228311,100000,94612.3,0.0553826,0.5724,,C,94612.3,4772.03
2024-11-20,0.0228311,125000,94612.3,0.278526,0.7747,,C,94612.3,385.885
2024-11-20,0.0420091,70000,94875.2,-0.304067,0.7736,,P,94875.2,1056.24
2024-11-20,0.0420091,84000,94875.2,-0.121746,0.5868,,P,94875.2,4365.24
2024-11-20,0.0420091,88000,94875.2,-0.0752259,0.5658,,P,94875.2,6043.61
2024-11-20,0.0420091,92000,94875.2,-0.0307741,0.5729,,P,94875.2,7368.66
2024-11-20,0.0420091,97000,94875.2,0.0221483,0.5864,,C,94875.2,7698.14
2024-11-20,0.0420091,101000,94875.2,0.0625578,0.5859,,C,94875.2,6976.02
2024-11-20,0.0420091,110000,94875.2,0.147918,0.6265,,C,94875.2,4293.55
2024-11-20,0.0420091,130000,94875.2,0.314972,0.7626,,C,94875.2,1188.57
2024-11-20,0.0995434,68000,95793.2,-0.342684,0.7117,,P,95793.2,3150.29
2024-11-20,0.0995434,74000,95793.2,-0.258127,0.6439,,P,95793.2,4703.18
2024-11-20,0.0995434,80000,95793.2,-0.180165,0.6061,,P,95793.2,7037.09
2024-11-20,0.0995434,85000,95793.2,-0.119541,0.5804,,P,95793.2,9139.77
2024-11-20,0.0995434,92000,95793.2,-0.0404033,0.5733,,P,95793.2,11478
2024-11-20,0.0995434,100000,95793.2,0.0429783,0.5916,,C,95793.2,11944.8
2024-11-20,0.0995434,120000,95793.2,0.2253,0.6473,,C,95793.2,7305.29
2024-11-20,0.0995434,135000,95793.2,0.343083,0.6985,,C,95793.2,4234.92
2024-11-20,0.195434,69000,96829.3,-0.338844,0.6409,,P,96829.3,6980.73
2024-11-20,0.195434,75000,96829.3,-0.255462,0.6182,,P,96829.3,9619.52
2024-11-20,0.195434,82000,96829.3,-0.166231,0.5899,,P,96829.3,12717.4
2024-11-20,0.195434,88000,96829.3,-0.0956133,0.5855,,P,96829.3,15079.5
2024-11-20,0.195434,94000,96829.3,-0.0296553,0.5802,,P,96829.3,16576.9
2024-11-20,0.195434,102000,96829.3,0.0520227,0.6055,,C,96829.3,17046
2024-11-20,0.195434,112000,96829.3,0.145549,0.6316,,C,96829.3,15877.6
2024-11-20,0.195434,135000,96829.3,0.332325,0.6703,,C,96829.3,10634.1
2024-11-20,0.348858,70000,98811.4,-0.344718,0.6062,,P,98811.4,12132.4
2024-11-20,0.348858,80000,98811.4,-0.211186,0.6021,,P,98811.4,17287.8
2024-11-20,0.348858,85000,98811.4,-0.150562,0.592,,P,98811.4,19384.2
2024-11-20,0.348858,95000,98811.4,-0.0393362,0.607,,P,98811.4,22331
2024-11-20,0.348858,105000,98811.4,0.0607473,0.6048,,C,98811.4,23282.3
2024-11-20,0.348858,115000,98811.4,0.151719,0.6243,,C,98811.4,22690.5
2024-11-20,0.348858,120000,98811.4,0.194279,0.6194,,C,98811.4,21914.2
2024-11-20,0.348858,140000,98811.4,0.348429,0.6442,,C,98811.4,17895.8
2024-11-20,0.598174,75000,101934,-0.306837,0.5885,,P,101934,20945.1
2024-11-20,0.598174,80000,101934,-0.242298,0.6047,,P,101934,23706.6
2024-11-20,0.598174,95000,101934,-0.0704481,0.599,,P,101934,29219.5
2024-11-20,0.598174,100000,101934,-0.0191548,0.603,,P,101934,30290.7
2024-11-20,0.598174,105000,101934,0.0296353,0.5873,,C,101934,31042.2
2024-11-20,0.598174,110000,101934,0.0761554,0.6072,,C,101934,31368.7
2024-11-20,0.598174,130000,101934,0.243209,0.6217,,C,101934,30363.2
2024-11-20,0.598174,140000,101934,0.317317,0.6302,,C,101934,28947.7
2024-11-20,0.847489,80000,104342,-0.265648,0.591,,P,104342,28702.2
2024-11-20,0.847489,85000,104342,-0.205023,0.5793,,P,104342,31001.5
2024-11-20,0.847489,95000,104342,-0.0937979,0.5916,,P,104342,34715.7
2024-11-20,0.847489,100000,104342,-0.0425046,0.5994,,P,104342,36007.2
2024-11-20,0.847489,105000,104342,0.00628559,0.6031,,C,104342,36986.2
2024-11-20,0.847489,110000,104342,0.0528056,0.605,,C,104342,37680
2024-11-20,0.847489,130000,104342,0.21986,0.6145,,C,104342,38107.1
2024-11-20,0.847489,140000,104342,0.293968,0.621,,C,104342,37334.6
2024-11-27,0.0228311,70000,96396,-0.319969,1.0197,,P,96396,571.453
2024-11-27,0.0228311,85000,96396,-0.125813,0.6359,,P,96396,2312.61
2024-11-27,0.0228311,89000,96396,-0.0798279,0.588,,P,96396,3725.36
2024-11-27,0.0228311,94000,96396,-0.0251695,0.551,,P,96396,5477.02
2024-11-27,0.0228311,99000,96396,0.0266556,0.557,,C,96396,5595.69
2024-11-27,0.0228311,104000,96396,0.0759266,0.5708,,C,96396,4092.88
2024-11-27,0.0228311,110000,96396,0.132016,0.6286,,C,96396,2359.98
2024-11-27,0.0228311,130000,96396,0.29907,0.8316,,C,96396,396.463
2024-11-27,0.0420091,75000,96810.1,-0.255263,0.7339,,P,96810.1,1646.3
2024-11-27,0.0420091,86000,96810.1,-0.118404,0.5852,,P,96810.1,4575.11
2024-11-27,0.0420091,92000,96810.1,-0.0509626,0.5647,,P,96810.1,6992.13
2024-11-27,0.0420091,96000,96810.1,-0.00840299,0.5609,,P,96810.1,7848.75
2024-11-27,0.0420091,101000,96810.1,0.0423693,0.5697,,C,96810.1,7557.4
2024-11-27,0.0420091,105000,96810.1,0.0812092,0.5807,,C,96810.1,6520.42
2024-11-27,0.0420091,115000,96810.1,0.172181,0.6498,,C,96810.1,3732.5
2024-11-27,0.0420091,135000,96810.1,0.332524,0.8114,,C,96810.1,1262.05
2024-11-27,0.0803653,70000,97339,-0.329705,0.732,,P,97339,2628.03
2024-11-27,0.0803653,75000,97339,-0.260712,0.6622,,P,97339,3667.61
2024-11-27,0.0803653,82000,97339,-0.171481,0.6028,,P,97339,6084.83
2024-11-27,0.0803653,86000,97339,-0.123853,0.5851,,P,97339,7803.21
2024-11-27,0.0803653,92000,97339,-0.0564116,0.573,,P,97339,10042.9
2024-11-27,0.0803653,100000,97339,0.02697,0.565,,C,97339,10965.8
2024-11-27,0.0803653,120000,97339,0.209292,0.6285,,C,97339,6107.02
2024-11-27,0.0803653,135000,97339,0.327075,0.7062,,C,97339,3396.13
2024-11-27,0.176256,70000,98269.4,-0.339218,0.6404,,P,98269.4,6210.74
2024-11-27,0.176256,77000,98269.4,-0.243907,0.6063,,P,98269.4,9131.39
2024-11-27,0.176256,82000,98269.4,-0.180994,0.6043,,P,98269.4,11563.4
2024-11-27,0.176256,88000,98269.4,-0.110376,0.5871,,P,98269.4,13982.6
2024-11-27,0.176256,94000,98269.4,-0.044418,0.5897,,P,98269.4,15719.5
2024-11-27,0.176256,104000,98269.4,0.0566781,0.5899,,C,98269.4,16368.3
2024-11-27,0.176256,112000,98269.4,0.130786,0.6026,,C,98269.4,15250.8
2024-11-27,0.176256,135000,98269.4,0.317562,0.6439,,C,98269.4,9588.02
2024-11-27,0.32968,75000,100732,-0.294979,0.6032,,P,100732,13647.2
2024-11-27,0.32968,85000,100732,-0.169816,0.604,,P,100732,18520.7
2024-11-27,0.32968,90000,100732,-0.112658,0.5907,,P,100732,20345.1
2024-11-27,0.32968,100000,100732,-0.00729742,0.6056,,P,100732,22640.3
2024-11-27,0.32968,110000,100732,0.0880128,0.6113,,C,100732,23008.9
2024-11-27,0.32968,120000,100732,0.175024,0.6236,,C,100732,21993.1
2024-11-27,0.32968,125000,100732,0.215846,0.6297,,C,100732,21159.7
2024-11-27,0.32968,140000,100732,0.329175,0.6506,,C,100732,18130.9
2024-11-27,0.578995,75000,103505,-0.32213,0.6115,,P,103505,20484.7
2024-11-27,0.578995,80000,103505,-0.257591,0.6047,,P,103505,22999.8
2024-11-27,0.578995,90000,103505,-0.139808,0.607,,P,103505,27250.3
2024-11-27,0.578995,95000,103505,-0.0857412,0.6081,,P,103505,28807.8
2024-11-27,0.578995,100000,103505,-0.0344479,0.6045,,P,103505,29993.3
2024-11-27,0.578995,110000,103505,0.0608623,0.6131,,C,103505,31254.6
2024-11-27,0.578995,120000,103505,0.147874,0.6188,,C,103505,31323.2
2024-11-27,0.578995,130000,103505,0.227916,0.6323,,C,103505,30577.7
2024-11-27,0.828311,85000,104857,-0.209947,0.6063,,P,104857,30693.8
2024-11-27,0.828311,95000,104857,-0.0987209,0.5998,,P,104857,34347
2024-11-27,0.828311,100000,104857,-0.0474276,0.6098,,P,104857,35645
2024-11-27,0.828311,110000,104857,0.0478826,0.6193,,C,104857,37341.2
2024-11-27,0.828311,120000,104857,0.134894,0.6187,,C,104857,38038.3
2024-11-27,0.828311,130000,104857,0.214937,0.627,,C,104857,37913.4
2024-12-04,0.0228311,75000,99366.2,-0.281324,0.9291,,P,99366.2,697.027
2024-12-04,0.0228311,88000,99366.2,-0.121476,0.6117,,P,99366.2,2374.02
2024-12-04,0.0228311,92000,99366.2,-0.0770239,0.542,,P,99366.2,3700.35
2024-12-04,0.0228311,97000,99366.2,-0.0241015,0.5133,,P,99366.2,5634.86
2024-12-04,0.0228311,101000,99366.2,0.016308,0.539,,C,99366.2,5914.07
2024-12-04,0.0228311,106000,99366.2,0.0646266,0.556,,C,99366.2,4597.93
2024-12-04,0.0228311,115000,99366.2,0.14612,0.6329,,C,99366.2,2003.01
2024-12-04,0.0228311,140000,99366.2,0.34283,0.8898,,C,99366.2,274.78
2024-12-04,0.0420091,75000,99710,-0.284778,0.7487,,P,99710,1259.99
2024-12-04,0.0420091,90000,99710,-0.102456,0.5603,,P,99710,5194.16
2024-12-04,0.0420091,94000,99710,-0.0589712,0.5434,,P,99710,6870.13
2024-12-04,0.0420091,98000,99710,-0.0172985,0.5398,,P,99710,7972.44
2024-12-04,0.0420091,101000,99710,0.0128545,0.5415,,C,99710,8138.24
2024-12-04,0.0420091,105000,99710,0.0516943,0.5478,,C,99710,7513.29
2024-12-04,0.0420091,115000,99710,0.142666,0.5994,,C,99710,4452.96
2024-12-04,0.0420091,135000,99710,0.303009,0.7342,,C,99710,1245.85
2024-12-04,0.0611872,72000,100006,-0.328566,0.6834,,P,100006,1261.94
2024-12-04,0.0611872,78000,100006,-0.248523,0.6689,,P,100006,2811.37
2024-12-04,0.0611872,85000,100006,-0.162581,0.5799,,P,100006,4774.16
2024-12-04,0.0611872,92000,100006,-0.0834433,0.5322,,P,100006,7726.18
2024-12-04,0.0611872,97000,100006,-0.0305209,0.5312,,P,100006,9440.32
2024-12-04,0.0611872,104000,100006,0.0391591,0.5457,,C,100006,9627.35
2024-12-04,0.0611872,120000,100006,0.18226,0.6126,,C,100006,5229.48
2024-12-04,0.0611872,140000,100006,0.336411,0.7228,,C,100006,1980.67
2024-12-04,0.157078,72000,101216,-0.340592,0.6181,,P,101216,5096.24
2024-12-04,0.157078,78000,101216,-0.260549,0.5897,,P,101216,7495.53
2024-12-04,0.157078,83000,101216,-0.198418,0.5722,,P,101216,9819.99
2024-12-04,0.157078,89000,101216,-0.128622,0.5591,,P,101216,12602.6
2024-12-04,0.157078,95000,101216,-0.0633812,0.5549,,P,101216,14784
2024-12-04,0.157078,105000,101216,0.0367022,0.5753,,C,101216,15985.9
2024-12-04,0.157078,114000,101216,0.11894,0.5861,,C,101216,14797.3
2024-12-04,0.157078,140000,101216,0.324384,0.6527,,C,101216,8502.94
2024-12-04,0.23379,75000,100894,-0.296583,0.6031,,P,100894,9898.13
2024-12-04,0.23379,86000,100894,-0.159724,0.5546,,P,100894,14912.9
2024-12-04,0.23379,94000,100894,-0.0707763,0.5526,,P,100894,17976.6
2024-12-04,0.23379,100000,100894,-0.00890086,0.5737,,P,100894,19180.3
2024-12-04,0.23379,106000,100894,0.0493681,0.584,,C,100894,19451
2024-12-04,0.23379,112000,100894,0.104428,0.5903,,C,100894,18983.4
2024-12-04,0.23379,120000,100894,0.173421,0.6011,,C,100894,17577.2
2024-12-04,0.23379,140000,100894,0.327571,0.6373,,C,100894,12875.9
2024-12-04,0.310502,75000,103406,-0.321172,0.5968,,P,103406,12111.6
2024-12-04,0.310502,85000,103406,-0.196009,0.5797,,P,103406,17112.2
2024-12-04,0.310502,90000,103406,-0.138851,0.5769,,P,103406,19284.8
2024-12-04,0.310502,100000,103406,-0.03349,0.5793,,P,103406,22193.2
2024-12-04,0.310502,110000,103406,0.0618202,0.5892,,C,103406,22980.6
2024-12-04,0.310502,120000,103406,0.148832,0.6015,,C,103406,22125.4
2024-12-04,0.310502,125000,103406,0.189654,0.6087,,C,103406,21307.6
2024-12-04,0.310502,140000,103406,0.302982,0.6317,,C,103406,18183.3
2024-12-04,0.559817,75000,105807,-0.344125,0.5979,,P,105807,19291.3
2024-12-04,0.559817,80000,105807,-0.279587,0.5864,,P,105807,21883
2024-12-04,0.559817,90000,105807,-0.161804,0.5826,,P,105807,26550.8
2024-12-04,0.559817,95000,105807,-0.107737,0.5827,,P,105807,28344.8
2024-12-04,0.559817,120000,105807,0.125878,0.5998,,C,105807,31532.8
2024-12-04,0.559817,140000,105807,0.280029,0.6139,,C,105807,29382.7
2024-12-04,0.559817,150000,105807,0.349022,0.6295,,C,105807,27794.1
2024-12-04,0.809132,80000,109329,-0.312339,0.5851,,P,109329,27184.4
2024-12-04,0.809132,85000,109329,-0.251715,0.579,,P,109329,29754.4
2024-12-04,0.809132,100000,109329,-0.0891959,0.5855,,P,109329,35727.5
2024-12-04,0.809132,105000,109329,-0.0404057,0.5839,,P,109329,37035.8
2024-12-04,0.809132,110000,109329,0.0061143,0.5955,,C,109329,37964.7
2024-12-04,0.809132,120000,109329,0.0931257,0.6034,,C,109329,39038.6
2024-12-04,0.809132,140000,109329,0.247276,0.6077,,C,109329,38609.7
2024-12-04,0.809132,150000,109329,0.316269,0.6225,,C,109329,37673.8
2024-12-11,0.0228311,75000,101684,-0.304385,0.9194,,P,101684,476.22
2024-12-11,0.0228311,91000,101684,-0.111014,0.599,,P,101684,2730.19
2024-12-11,0.0228311,96000,101684,-0.0575249,0.5517,,P,101684,4689.81
2024-12-11,0.0228311,101000,101684,-0.00675257,0.5557,,P,101684,6083.78
2024-12-11,0.0228311,105000,101684,0.0320873,0.5769,,C,101684,5815.12
2024-12-11,0.0228311,110000,101684,0.0786073,0.5931,,C,101684,4335.01
2024-12-11,0.0228311,116000,101684,0.131717,0.6502,,C,101684,2661.87
2024-12-11,0.0228311,140000,101684,0.319769,0.8886,,C,101684,420.949
2024-12-11,0.0420091,72000,101849,-0.346829,0.8266,,P,101849,858.324
2024-12-11,0.0420091,78000,101849,-0.266786,0.7084,,P,101849,1343.81
2024-12-11,0.0420091,86000,101849,-0.169148,0.6132,,P,101849,3087.74
2024-12-11,0.0420091,94000,101849,-0.0802,0.5546,,P,101849,6227.73
2024-12-11,0.0420091,100000,101849,-0.0183246,0.5503,,P,101849,8130.9
2024-12-11,0.0420091,106000,101849,0.0399443,0.5639,,C,101849,7990.1
2024-12-11,0.0420091,120000,101849,0.163997,0.6094,,C,101849,3810.27
2024-12-11,0.0420091,140000,101849,0.318148,0.7353,,C,101849,1048.81
2024-12-11,0.1379,73000,103328,-0.347445,0.6583,,P,103328,4651.25
2024-12-11,0.1379,79000,103328,-0.268456,0.6296,,P,103328,6876.29
2024-12-11,0.1379,85000,103328,-0.195253,0.6087,,P,103328,9499.73
2024-12-11,0.1379,91000,103328,-0.127045,0.5782,,P,103328,11989.3
2024-12-11,0.1379,100000,103328,-0.0327338,0.5858,,P,103328,14801.8
2024-12-11,0.1379,110000,103328,0.0625764,0.6028,,C,103328,15094.1
2024-12-11,0.1379,120000,103328,0.149588,0.6182,,C,103328,13253.5
2024-12-11,0.1379,145000,103328,0.33883,0.6931,,C,103328,7560.71
2024-12-11,0.214612,75000,103882,-0.325769,0.66,,P,103882,9140.17
2024-12-11,0.214612,88000,103882,-0.165921,0.5839,,P,103882,14507
2024-12-11,0.214612,94000,103882,-0.0999625,0.5908,,P,103882,16925.4
2024-12-11,0.214612,104000,103882,0.00113358,0.5988,,C,103882,19025.8
2024-12-11,0.214612,112000,103882,0.0752416,0.6091,,C,103882,19048.2
2024-12-11,0.214612,118000,103882,0.127427,0.6152,,C,103882,18328.6
2024-12-11,0.214612,124000,103882,0.177024,0.6377,,C,103882,17338.4
2024-12-11,0.214612,140000,103882,0.298385,0.6466,,C,103882,13419.4
2024-12-11,0.291324,75000,105228,-0.338644,0.6442,,P,105228,11726.1
2024-12-11,0.291324,85000,105228,-0.213481,0.6159,,P,105228,16342.7
2024-12-11,0.291324,95000,105228,-0.102256,0.5981,,P,105228,20210.7
2024-12-11,0.291324,105000,105228,-0.00217205,0.6007,,P,105228,22337.9
2024-12-11,0.291324,110000,105228,0.044348,0.6062,,C,105228,22649.6
2024-12-11,0.291324,120000,105228,0.131359,0.6145,,C,105228,22065.9
2024-12-11,0.291324,130000,105228,0.211402,0.6304,,C,105228,20465.8
2024-12-11,0.291324,140000,105228,0.28551,0.6481,,C,105228,18447.2
2024-12-11,0.540639,80000,107774,-0.298013,0.6118,,P,107774,21324.6
2024-12-11,0.540639,85000,107774,-0.237388,0.6097,,P,107774,23797.6
2024-12-11,0.540639,90000,107774,-0.18023,0.6043,,P,107774,25959.6
2024-12-11,0.540639,105000,107774,-0.026079,0.6066,,P,107774,30386
2024-12-11,0.540639,120000,107774,0.107452,0.6144,,C,107774,31611.7
2024-12-11,0.540639,130000,107774,0.187495,0.6229,,C,107774,31103.9
2024-12-11,0.540639,140000,107774,0.261603,0.6293,,C,107774,29898.8
2024-12-11,0.540639,150000,107774,0.330596,0.6379,,C,107774,28303.8
2024-12-11,0.789954,80000,110468,-0.322697,0.6111,,P,110468,26928.2
2024-12-11,0.789954,85000,110468,-0.262072,0.61,,P,110468,29467.5
2024-12-11,0.789954,100000,110468,-0.0995535,0.6071,,P,110468,35329
2024-12-11,0.789954,115000,110468,0.0402085,0.6071,,C,110468,38429.6
2024-12-11,0.789954,120000,110468,0.0827681,0.6087,,C,110468,38899.8
2024-12-11,0.789954,130000,110468,0.162811,0.6131,,C,110468,39155.8
2024-12-11,0.789954,140000,110468,0.236919,0.6329,,C,110468,38787.8
2024-12-11,0.789954,150000,110468,0.305912,0.6291,,C,110468,37792.3
2024-12-18,0.0228311,72000,101095,-0.339396,1.0933,,P,101095,621.096
2024-12-18,0.0228311,80000,101095,-0.234035,0.8672,,P,101095,1097.59
2024-12-18,0.0228311,88000,101095,-0.138725,0.678,,P,101095,2270.02
2024-12-18,0.0228311,96000,101095,-0.0517139,0.5539,,P,101095,4902.17
2024-12-18,0.0228311,104000,101095,0.0283288,0.4959,,C,101095,5750.58
2024-12-18,0.0228311,112000,101095,0.102437,0.5471,,C,101095,2974.02
2024-12-18,0.0228311,120000,101095,0.17143,0.6352,,C,101095,1345.47
2024-12-18,0.0228311,140000,101095,0.32558,0.7456,,C,101095,109.989
2024-12-18,0.0420091,80000,101586,-0.238875,0.7346,,P,101586,2088.02
2024-12-18,0.0420091,95000,101586,-0.067025,0.555,,P,101586,6741.71
2024-12-18,0.0420091,99000,101586,-0.0257821,0.5269,,P,101586,7958.04
2024-12-18,0.0420091,104000,101586,0.023489,0.5248,,C,101586,8194.67
2024-12-18,0.0420091,109000,101586,0.0704459,0.5317,,C,101586,6971.54
2024-12-18,0.0420091,114000,101586,0.115297,0.5345,,C,101586,5049.88
2024-12-18,0.0420091,120000,101586,0.16659,0.5701,,C,101586,3261.93
2024-12-18,0.0420091,140000,101586,0.32074,0.701,,C,101586,805.016
2024-12-18,0.118721,73000,102795,-0.342275,0.744,,P,102795,4843.38
2024-12-18,0.118721,79000,102795,-0.263287,0.6605,,P,102795,6302.81
2024-12-18,0.118721,85000,102795,-0.190083,0.6167,,P,102795,8563.52
2024-12-18,0.118721,91000,102795,-0.121875,0.588,,P,102795,11037.6
2024-12-18,0.118721,100000,102795,-0.0275644,0.5862,,P,102795,13737.3
2024-12-18,0.118721,110000,102795,0.0677458,0.5863,,C,102795,13747.4
2024-12-18,0.118721,120000,102795,0.154757,0.6098,,C,102795,11575.8
2024-12-18,0.118721,145000,102795,0.343999,0.6619,,C,102795,5345.5
2024-12-18,0.195434,75000,103838,-0.325346,0.6629,,P,103838,8314.15
2024-12-18,0.195434,88000,103838,-0.165497,0.6089,,P,103838,13829.8
2024-12-18,0.195434,96000,103838,-0.0784859,0.5983,,P,103838,16703.4
2024-12-18,0.195434,104000,103838,0.00155679,0.5994,,C,103838,18167.1
2024-12-18,0.195434,110000,103838,0.0576463,0.6012,,C,103838,18248.8
2024-12-18,0.195434,116000,103838,0.110756,0.6069,,C,103838,17615.9
2024-12-18,0.195434,124000,103838,0.177447,0.6062,,C,103838,15929.2
2024-12-18,0.195434,140000,103838,0.298808,0.6382,,C,103838,12016
2024-12-18,0.272146,75000,104563,-0.332298,0.6495,,P,104563,11231.6
2024-12-18,0.272146,85000,104563,-0.207135,0.6174,,P,104563,15749.5
2024-12-18,0.272146,95000,104563,-0.0959091,0.6064,,P,104563,19564.5
2024-12-18,0.272146,105000,104563,0.00417431,0.6061,,C,104563,21534.2
2024-12-18,0.272146,115000,104563,0.0951461,0.6112,,C,104563,21552.3
2024-12-18,0.272146,125000,104563,0.178528,0.6215,,C,104563,20179.4
2024-12-18,0.272146,135000,104563,0.255489,0.6348,,C,104563,18112
2024-12-18,0.272146,145000,104563,0.326948,0.6389,,C,104563,15620.8
2024-12-18,0.521461,80000,108183,-0.301798,0.6345,,P,108183,21015.4
2024-12-18,0.521461,90000,108183,-0.184015,0.6212,,P,108183,25483.4
2024-12-18,0.521461,95000,108183,-0.129948,0.6209,,P,108183,27309.2
2024-12-18,0.521461,105000,108183,-0.0298642,0.615,,P,108183,29888.7
2024-12-18,0.521461,110000,108183,0.0166558,0.6207,,C,108183,30626
2024-12-18,0.521461,125000,108183,0.144489,0.6267,,C,108183,31031.5
2024-12-18,0.521461,130000,108183,0.18371,0.6326,,C,108183,30699.1
2024-12-18,0.521461,150000,108183,0.326811,0.6439,,C,108183,27902.1
2024-12-18,0.770776,80000,111169,-0.329022,0.6419,,P,111169,26770.2
2024-12-18,0.770776,85000,111169,-0.268397,0.6251,,P,111169,29092.9
2024-12-18,0.770776,100000,111169,-0.105878,0.6182,,P,111169,34922.9
2024-12-18,0.770776,110000,111169,-0.0105679,0.618,,P,111169,37324.9
2024-12-18,0.770776,120000,111169,0.0764435,0.6261,,C,111169,38579.2
2024-12-18,0.770776,130000,111169,0.156486,0.6262,,C,111169,38934.6
2024-12-18,0.770776,140000,111169,0.230594,0.6438,,C,111169,38631.7
2024-12-18,0.770776,150000,111169,0.299587,0.6362,,C,111169,37670.7
2024-12-25,0.0228311,80000,98986.5,-0.212957,0.7773,,P,98986.5,1034.82
2024-12-25,0.0228311,91000,98986.5,-0.0841238,0.566,,P,98986.5,3523.56
2024-12-25,0.0228311,96000,98986.5,-0.0306351,0.5136,,P,98986.5,5431.64
2024-12-25,0.0228311,101000,98986.5,0.0201373,0.5256,,C,98986.5,5832.01
2024-12-25,0.0228311,107000,98986.5,0.0778456,0.5412,,C,98986.5,3940.12
2024-12-25,0.0228311,112000,98986.5,0.123516,0.589,,C,98986.5,2420.39
2024-12-25,0.0228311,118000,98986.5,0.175701,0.6521,,C,98986.5,1327.08
2024-12-25,0.0228311,135000,98986.5,0.310292,0.8517,,C,98986.5,380.045
2024-12-25,0.0420091,75000,99313.6,-0.280795,0.7686,,P,99313.6,1436.7
2024-12-25,0.0420091,89000,99313.6,-0.109647,0.577,,P,99313.6,4993.02
2024-12-25,0.0420091,93000,99313.6,-0.0656835,0.5447,,P,99313.6,6599.14
2024-12-25,0.0420091,99000,99313.6,-0.00316313,0.5367,,P,99313.6,8092.22
2024-12-25,0.0420091,104000,99313.6,0.0461079,0.5508,,C,99313.6,7632.89
2024-12-25,0.0420091,109000,99313.6,0.0930649,0.5636,,C,99313.6,6139.5
2024-12-25,0.0420091,114000,99313.6,0.137915,0.5915,,C,99313.6,4547.03
2024-12-25,0.0420091,135000,99313.6,0.306992,0.7039,,C,99313.6,981.573
2024-12-25,0.0995434,74000,99957.1,-0.300676,0.6865,,P,99957.1,4106.1
2024-12-25,0.0995434,80000,99957.1,-0.222714,0.6385,,P,99957.1,6077.94
2024-12-25,0.0995434,86000,99957.1,-0.150393,0.6039,,P,99957.1,8507.66
2024-12-25,0.0995434,92000,99957.1,-0.0829521,0.5781,,P,99957.1,10839.2
2024-12-25,0.0995434,98000,99957.1,-0.0197732,0.5775,,P,99957.1,12333.2
2024-12-25,0.0995434,108000,99957.1,0.0773906,0.5978,,C,99957.1,11968.6
2024-12-25,0.0995434,118000,99957.1,0.165944,0.6091,,C,99957.1,9372.25
2024-12-25,0.0995434,140000,99957.1,0.336902,0.6919,,C,99957.1,4498.79
2024-12-25,0.176256,75000,100642,-0.294083,0.644,,P,100642,7980.39
2024-12-25,0.176256,88000,100642,-0.134235,0.5992,,P,100642,13562.8
2024-12-25,0.176256,95000,100642,-0.0576947,0.5821,,P,100642,15808.4
2024-12-25,0.176256,100000,100642,-0.00640141,0.5953,,P,100642,16666.3
2024-12-25,0.176256,108000,100642,0.0705596,0.6031,,C,100642,16662.5
2024-12-25,0.176256,120000,100642,0.17592,0.6228,,C,100642,14553
2024-12-25,0.176256,125000,100642,0.216742,0.6272,,C,100642,13272
2024-12-25,0.176256,140000,100642,0.330071,0.6675,,C,100642,9838.42
2024-12-25,0.252968,75000,101815,-0.305669,0.6366,,P,101815,10975.1
2024-12-25,0.252968,85000,101815,-0.180506,0.6077,,P,101815,15497.2
2024-12-25,0.252968,95000,101815,-0.06928,0.5926,,P,101815,18995.7
2024-12-25,0.252968,105000,101815,0.0308034,0.6078,,C,101815,20401.7
2024-12-25,0.252968,110000,101815,0.0773234,0.6122,,C,101815,20333.1
2024-12-25,0.252968,120000,101815,0.164335,0.6246,,C,101815,19105.6
2024-12-25,0.252968,130000,101815,0.244378,0.6373,,C,101815,17042.1
2024-12-25,0.252968,140000,101815,0.318485,0.6538,,C,101815,14785.9
2024-12-25,0.502283,75000,104131,-0.328158,0.6324,,P,104131,18637.6
2024-12-25,0.502283,95000,104131,-0.0917697,0.6144,,P,104131,26859.5
2024-12-25,0.502283,100000,104131,-0.0404764,0.6034,,P,104131,28073.8
2024-12-25,0.502283,110000,104131,0.0548338,0.6154,,C,104131,29316.4
2024-12-25,0.502283,115000,104131,0.0992856,0.6211,,C,104131,29441.3
2024-12-25,0.502283,125000,104131,0.182667,0.6225,,C,104131,28895.9
2024-12-25,0.502283,130000,104131,0.221888,0.6268,,C,104131,28330.6
2024-12-25,0.502283,140000,104131,0.295996,0.6359,,C,104131,26825.1
2024-12-25,0.751598,80000,107171,-0.292397,0.6215,,P,107171,26654.9
2024-12-25,0.751598,100000,107171,-0.0692535,0.6222,,P,107171,34242.6
2024-12-25,0.751598,110000,107171,0.0260566,0.6347,,C,107171,36117.2
2024-12-25,0.751598,115000,107171,0.0705084,0.6293,,C,107171,36686.4
2024-12-25,0.751598,120000,107171,0.113068,0.634,,C,107171,36977.9
2024-12-25,0.751598,130000,107171,0.193111,0.6316,,C,107171,36951.1
